/* Auto-generated by gen_video.py — Phase 40 demo MJPEG+PCM AVI. */

#ifndef SAMPLE_VIDEO_H
#define SAMPLE_VIDEO_H

static const unsigned char demo_avi[] = {
    0x52,0x49,0x46,0x46,0xF6,0xDE,0x00,0x00,0x41,0x56,0x49,0x20,0x4C,0x49,0x53,0x54,
    0x24,0x01,0x00,0x00,0x68,0x64,0x72,0x6C,0x61,0x76,0x69,0x68,0x38,0x00,0x00,0x00,
    0x48,0xE8,0x01,0x00,0x00,0x00,0x00,0x00,0x00,0x00,0x00,0x00,0x00,0x00,0x00,0x00,
    0x10,0x00,0x00,0x00,0x00,0x00,0x00,0x00,0x02,0x00,0x00,0x00,0x00,0x00,0x00,0x00,
    0x50,0x00,0x00,0x00,0x3C,0x00,0x00,0x00,0x00,0x00,0x00,0x00,0x00,0x00,0x00,0x00,
    0x00,0x00,0x00,0x00,0x00,0x00,0x00,0x00,0x4C,0x49,0x53,0x54,0x74,0x00,0x00,0x00,
    0x73,0x74,0x72,0x6C,0x73,0x74,0x72,0x68,0x38,0x00,0x00,0x00,0x76,0x69,0x64,0x73,
    0x4D,0x4A,0x50,0x47,0x00,0x00,0x00,0x00,0x00,0x00,0x00,0x00,0x00,0x00,0x00,0x00,
    0x01,0x00,0x00,0x00,0x08,0x00,0x00,0x00,0x00,0x00,0x00,0x00,0x10,0x00,0x00,0x00,
    0x00,0x00,0x00,0x00,0xFF,0xFF,0xFF,0xFF,0x00,0x00,0x00,0x00,0x00,0x00,0x00,0x00,
    0x50,0x00,0x3C,0x00,0x73,0x74,0x72,0x66,0x28,0x00,0x00,0x00,0x28,0x00,0x00,0x00,
    0x50,0x00,0x00,0x00,0x3C,0x00,0x00,0x00,0x01,0x00,0x18,0x00,0x4D,0x4A,0x50,0x47,
    0x40,0x38,0x00,0x00,0x00,0x00,0x00,0x00,0x00,0x00,0x00,0x00,0x00,0x00,0x00,0x00,
    0x00,0x00,0x00,0x00,0x4C,0x49,0x53,0x54,0x5C,0x00,0x00,0x00,0x73,0x74,0x72,0x6C,
    0x73,0x74,0x72,0x68,0x38,0x00,0x00,0x00,0x61,0x75,0x64,0x73,0x00,0x00,0x00,0x00,
    0x00,0x00,0x00,0x00,0x00,0x00,0x00,0x00,0x00,0x00,0x00,0x00,0x01,0x00,0x00,0x00,
    0x40,0x1F,0x00,0x00,0x00,0x00,0x00,0x00,0x80,0x3E,0x00,0x00,0x00,0x00,0x00,0x00,
    0xFF,0xFF,0xFF,0xFF,0x02,0x00,0x00,0x00,0x00,0x00,0x00,0x00,0x00,0x00,0x00,0x00,
    0x73,0x74,0x72,0x66,0x10,0x00,0x00,0x00,0x01,0x00,0x01,0x00,0x40,0x1F,0x00,0x00,
    0x80,0x3E,0x00,0x00,0x02,0x00,0x10,0x00,0x4C,0x49,0x53,0x54,0xBE,0xDD,0x00,0x00,
    0x6D,0x6F,0x76,0x69,0x30,0x30,0x64,0x63,0x3D,0x06,0x00,0x00,0xFF,0xD8,0xFF,0xE0,
    0x00,0x10,0x4A,0x46,0x49,0x46,0x00,0x01,0x01,0x00,0x00,0x01,0x00,0x01,0x00,0x00,
    0xFF,0xDB,0x00,0x43,0x00,0x06,0x04,0x05,0x06,0x05,0x04,0x06,0x06,0x05,0x06,0x07,
    0x07,0x06,0x08,0x0A,0x10,0x0A,0x0A,0x09,0x09,0x0A,0x14,0x0E,0x0F,0x0C,0x10,0x17,
    0x14,0x18,0x18,0x17,0x14,0x16,0x16,0x1A,0x1D,0x25,0x1F,0x1A,0x1B,0x23,0x1C,0x16,
    0x16,0x20,0x2C,0x20,0x23,0x26,0x27,0x29,0x2A,0x29,0x19,0x1F,0x2D,0x30,0x2D,0x28,
    0x30,0x25,0x28,0x29,0x28,0xFF,0xDB,0x00,0x43,0x01,0x07,0x07,0x07,0x0A,0x08,0x0A,
    0x13,0x0A,0x0A,0x13,0x28,0x1A,0x16,0x1A,0x28,0x28,0x28,0x28,0x28,0x28,0x28,0x28,
    0x28,0x28,0x28,0x28,0x28,0x28,0x28,0x28,0x28,0x28,0x28,0x28,0x28,0x28,0x28,0x28,
    0x28,0x28,0x28,0x28,0x28,0x28,0x28,0x28,0x28,0x28,0x28,0x28,0x28,0x28,0x28,0x28,
    0x28,0x28,0x28,0x28,0x28,0x28,0x28,0x28,0x28,0x28,0xFF,0xC0,0x00,0x11,0x08,0x00,
    0x3C,0x00,0x50,0x03,0x01,0x11,0x00,0x02,0x11,0x01,0x03,0x11,0x01,0xFF,0xC4,0x00,
    0x1F,0x00,0x00,0x01,0x05,0x01,0x01,0x01,0x01,0x01,0x01,0x00,0x00,0x00,0x00,0x00,
    0x00,0x00,0x00,0x01,0x02,0x03,0x04,0x05,0x06,0x07,0x08,0x09,0x0A,0x0B,0xFF,0xC4,
    0x00,0xB5,0x10,0x00,0x02,0x01,0x03,0x03,0x02,0x04,0x03,0x05,0x05,0x04,0x04,0x00,
    0x00,0x01,0x7D,0x01,0x02,0x03,0x00,0x04,0x11,0x05,0x12,0x21,0x31,0x41,0x06,0x13,
    0x51,0x61,0x07,0x22,0x71,0x14,0x32,0x81,0x91,0xA1,0x08,0x23,0x42,0xB1,0xC1,0x15,
    0x52,0xD1,0xF0,0x24,0x33,0x62,0x72,0x82,0x09,0x0A,0x16,0x17,0x18,0x19,0x1A,0x25,
    0x26,0x27,0x28,0x29,0x2A,0x34,0x35,0x36,0x37,0x38,0x39,0x3A,0x43,0x44,0x45,0x46,
    0x47,0x48,0x49,0x4A,0x53,0x54,0x55,0x56,0x57,0x58,0x59,0x5A,0x63,0x64,0x65,0x66,
    0x67,0x68,0x69,0x6A,0x73,0x74,0x75,0x76,0x77,0x78,0x79,0x7A,0x83,0x84,0x85,0x86,
    0x87,0x88,0x89,0x8A,0x92,0x93,0x94,0x95,0x96,0x97,0x98,0x99,0x9A,0xA2,0xA3,0xA4,
    0xA5,0xA6,0xA7,0xA8,0xA9,0xAA,0xB2,0xB3,0xB4,0xB5,0xB6,0xB7,0xB8,0xB9,0xBA,0xC2,
    0xC3,0xC4,0xC5,0xC6,0xC7,0xC8,0xC9,0xCA,0xD2,0xD3,0xD4,0xD5,0xD6,0xD7,0xD8,0xD9,
    0xDA,0xE1,0xE2,0xE3,0xE4,0xE5,0xE6,0xE7,0xE8,0xE9,0xEA,0xF1,0xF2,0xF3,0xF4,0xF5,
    0xF6,0xF7,0xF8,0xF9,0xFA,0xFF,0xC4,0x00,0x1F,0x01,0x00,0x03,0x01,0x01,0x01,0x01,
    0x01,0x01,0x01,0x01,0x01,0x00,0x00,0x00,0x00,0x00,0x00,0x01,0x02,0x03,0x04,0x05,
    0x06,0x07,0x08,0x09,0x0A,0x0B,0xFF,0xC4,0x00,0xB5,0x11,0x00,0x02,0x01,0x02,0x04,
    0x04,0x03,0x04,0x07,0x05,0x04,0x04,0x00,0x01,0x02,0x77,0x00,0x01,0x02,0x03,0x11,
    0x04,0x05,0x21,0x31,0x06,0x12,0x41,0x51,0x07,0x61,0x71,0x13,0x22,0x32,0x81,0x08,
    0x14,0x42,0x91,0xA1,0xB1,0xC1,0x09,0x23,0x33,0x52,0xF0,0x15,0x62,0x72,0xD1,0x0A,
    0x16,0x24,0x34,0xE1,0x25,0xF1,0x17,0x18,0x19,0x1A,0x26,0x27,0x28,0x29,0x2A,0x35,
    0x36,0x37,0x38,0x39,0x3A,0x43,0x44,0x45,0x46,0x47,0x48,0x49,0x4A,0x53,0x54,0x55,
    0x56,0x57,0x58,0x59,0x5A,0x63,0x64,0x65,0x66,0x67,0x68,0x69,0x6A,0x73,0x74,0x75,
    0x76,0x77,0x78,0x79,0x7A,0x82,0x83,0x84,0x85,0x86,0x87,0x88,0x89,0x8A,0x92,0x93,
    0x94,0x95,0x96,0x97,0x98,0x99,0x9A,0xA2,0xA3,0xA4,0xA5,0xA6,0xA7,0xA8,0xA9,0xAA,
    0xB2,0xB3,0xB4,0xB5,0xB6,0xB7,0xB8,0xB9,0xBA,0xC2,0xC3,0xC4,0xC5,0xC6,0xC7,0xC8,
    0xC9,0xCA,0xD2,0xD3,0xD4,0xD5,0xD6,0xD7,0xD8,0xD9,0xDA,0xE2,0xE3,0xE4,0xE5,0xE6,
    0xE7,0xE8,0xE9,0xEA,0xF2,0xF3,0xF4,0xF5,0xF6,0xF7,0xF8,0xF9,0xFA,0xFF,0xDA,0x00,
    0x0C,0x03,0x01,0x00,0x02,0x11,0x03,0x11,0x00,0x3F,0x00,0xF9,0xCA,0x3B,0x6F,0x6A,
    0xFB,0x07,0x33,0x96,0x9D,0x42,0xD4,0x76,0xDE,0xD5,0x93,0x99,0xDD,0x4E,0xA1,0x66,
    0x3B,0x6F,0x6A,0xC9,0xCC,0xEE,0xA7,0x50,0xB5,0x1D,0xB7,0xB5,0x66,0xE6,0x77,0x53,
    0xA8,0x59,0x8E,0xDB,0xDA,0xB2,0x73,0x3B,0x69,0xD4,0x2D,0x47,0x6D,0xED,0x59,0x39,
    0x9D,0xD4,0xEA,0x16,0x63,0xB6,0xF6,0xAC,0xDC,0xCE,0xEA,0x75,0x0B,0x51,0xDB,0x7B,
    0x56,0x4E,0x67,0x6D,0x3A,0x85,0xA8,0xED,0xBD,0xAB,0x37,0x33,0xBA,0x9D,0x42,0xCC,
    0x76,0xDE,0xD5,0x93,0x99,0xDD,0x4E,0xA1,0xC1,0x47,0x6D,0xED,0x5E,0xEB,0x99,0xFC,
    0xE9,0x4E,0xA1,0x6A,0x3B,0x6F,0x6A,0xCD,0xCC,0xEE,0xA7,0x50,0xB3,0x1D,0xB7,0xB5,
    0x64,0xE6,0x77,0x53,0xA8,0x5A,0x8E,0xDB,0xDA,0xB3,0x73,0x3B,0x69,0xD4,0x2C,0xC7,
    0x6D,0xED,0x59,0x39,0x9D,0xD4,0xEA,0x16,0xA3,0xB6,0xF6,0xAC,0x9C,0xCE,0xEA,0x75,
    0x0B,0x51,0xDB,0x7B,0x56,0x6E,0x67,0x6D,0x3A,0x85,0x98,0xED,0xBD,0xAB,0x27,0x33,
    0xBA,0x9D,0x42,0xD4,0x76,0xDE,0xD5,0x93,0x99,0xDD,0x4E,0xA1,0x66,0x3B,0x6F,0x6A,
    0xCD,0xCC,0xEE,0xA7,0x50,0xE2,0x6C,0x74,0xC9,0xEE,0x9F,0x6D,0xBC,0x4C,0xE4,0x75,
    0xC7,0x41,0xF5,0x3D,0x05,0x7B,0x35,0xB1,0x30,0xA4,0xAF,0x37,0x63,0xF0,0x2C,0xB3,
    0x03,0x8B,0xCC,0x67,0xC9,0x85,0xA6,0xE4,0xD6,0xFD,0x96,0xFB,0xB7,0xA2,0xD9,0xDA,
    0xEF,0x5E,0x85,0xB9,0xB4,0xAB,0x8B,0x4C,0x7D,0xA2,0x16,0x40,0x7B,0xF5,0x1F,0x98,
    0xAC,0xA1,0x8A,0xA7,0x57,0xE0,0x77,0x3D,0x2C,0x5E,0x59,0x8D,0xCB,0xAD,0xF5,0xAA,
    0x6E,0x29,0xF5,0xDD,0x75,0xD2,0xEA,0xEA,0xFA,0x6D,0x7B,0x8B,0x1D,0xB7,0xB5,0x0E,
    0x66,0x54,0xEA,0x16,0xA3,0xB6,0xF6,0xAC,0x9C,0xCE,0xEA,0x75,0x0B,0x31,0xDB,0x7B,
    0x56,0x6E,0x67,0x75,0x3A,0x85,0xA8,0xED,0xBD,0xAB,0x27,0x33,0xB6,0x9D,0x42,0xD4,
    0x76,0xDE,0xD5,0x9B,0x99,0xDD,0x4E,0xA1,0x66,0x3B,0x6F,0x6A,0xC9,0xCC,0xEE,0xA7,
    0x50,0xB5,0x1D,0xB7,0xB5,0x64,0xE6,0x77,0x53,0xA8,0x59,0x8E,0xDB,0xDA,0xB3,0x73,
    0x3B,0x69,0xD4,0x29,0xD8,0xDA,0xC7,0x67,0x6C,0x90,0xC4,0x00,0x00,0x72,0x40,0xC6,
    0xE3,0xDC,0xD6,0x75,0xAA,0xCA,0xAC,0xDC,0xE4,0x74,0xE5,0x19,0x65,0x1C,0xAB,0x09,
    0x0C,0x2D,0x15,0xB6,0xEF,0x6E,0x67,0xD6,0x4F,0x7D,0xFD,0x5D,0x95,0x92,0xD1,0x22,
    0x59,0x63,0x49,0x63,0x64,0x91,0x43,0x23,0x70,0x41,0xA8,0x8C,0x9C,0x1F,0x34,0x77,
    0x3A,0xF1,0x38,0x6A,0x58,0xAA,0x52,0xA3,0x5A,0x3C,0xD1,0x96,0xEB,0xFA,0xFC,0x1E,
    0xE9,0xEA,0x8E,0x7C,0xDA,0x6C,0x91,0x97,0xAE,0xD2,0x46,0x7D,0x6B,0xD9,0x55,0x79,
    0xA2,0x99,0xF8,0x2E,0x26,0x9F,0xD5,0x71,0x15,0x30,0xF7,0xBF,0x24,0x9A,0xBF,0x7B,
    0x3B,0x13,0xC7,0x6D,0xED,0x50,0xE6,0x69,0x4E,0xA1,0x66,0x3B,0x6F,0x6A,0xCD,0xCC,
    0xEE,0xA7,0x50,0xB5,0x1D,0xB7,0xB5,0x64,0xE6,0x77,0x53,0xA8,0x5A,0x8E,0xDB,0xDA,
    0xB2,0x73,0x3B,0xA9,0xD4,0x2C,0xC7,0x6D,0xED,0x59,0xB9,0x9D,0xB4,0xEA,0x16,0xA3,
    0xB6,0xF6,0xAC,0x9C,0xCE,0xEA,0x75,0x0B,0x31,0xDB,0x7B,0x56,0x4E,0x67,0x75,0x3A,
    0x87,0x2F,0x67,0x71,0xBA,0x25,0x59,0x4E,0x1C,0x0C,0x64,0xF7,0xAE,0xEA,0xD4,0x5A,
    0x77,0x8E,0xC7,0x81,0xC2,0x7C,0x73,0x85,0xC5,0x61,0xE1,0x85,0xCC,0x26,0xA1,0x56,
    0x2A,0xDC,0xD2,0x7A,0x49,0x25,0xBB,0x93,0xDA,0x5A,0x6B,0xCC,0xF5,0x7A,0xAD,0xEC,
    0xA7,0x79,0x00,0x1F,0x2F,0xCC,0xD5,0x9C,0x29,0x36,0xF5,0xD1,0x1E,0xB6,0x77,0xC6,
    0x98,0x0C,0x05,0x26,0xB0,0xB3,0x55,0x6A,0xBD,0x92,0x77,0x5D,0x75,0x6D,0x69,0xA5,
    0xB6,0x4E,0xEF,0x4D,0x93,0xBA,0xAE,0x96,0xE4,0x9C,0x9E,0x49,0xAE,0xA7,0x3B,0x6C,
    0x7E,0x36,0xB1,0x12,0xA9,0x27,0x39,0xBB,0xB7,0xAB,0x6F,0x76,0xCB,0x31,0xDB,0x7B,
    0x56,0x6E,0x67,0x5D,0x3A,0x85,0xA8,0xED,0xBD,0xAB,0x37,0x33,0xBA,0x9D,0x42,0xCC,
    0x76,0xDE,0xD5,0x93,0x99,0xDD,0x4E,0xA1,0x6A,0x3B,0x6F,0x6A,0xC9,0xCC,0xED,0xA7,
    0x50,0xB3,0x1D,0xB7,0xB5,0x66,0xE6,0x77,0x53,0xA8,0x5A,0x8E,0xDB,0xDA,0xB2,0x73,
    0x3B,0xA9,0xD4,0x2C,0xC7,0x6D,0xED,0x59,0x39,0x9D,0xD4,0xEA,0x1C,0x14,0x76,0xDE,
    0xD5,0xEF,0x39,0x9F,0xCE,0x94,0xEA,0x16,0xA3,0xB6,0xF6,0xAC,0x9C,0xCE,0xEA,0x75,
    0x0B,0x31,0xDB,0x7B,0x56,0x6E,0x67,0x6D,0x3A,0x85,0xA8,0xED,0xBD,0xAB,0x27,0x33,
    0xBA,0x9D,0x42,0xD4,0x76,0xDE,0xD5,0x93,0x99,0xDD,0x4E,0xA1,0x66,0x3B,0x6F,0x6A,
    0xCD,0xCC,0xED,0xA7,0x50,0xB5,0x1D,0xB7,0xB5,0x64,0xE6,0x77,0x53,0xA8,0x59,0x8E,
    0xDB,0xDA,0xB3,0x73,0x3B,0xA9,0xD4,0x2D,0x47,0x6D,0xED,0x59,0x39,0x9D,0xD4,0xEA,
    0x16,0x63,0xB6,0xF6,0xAC,0x9C,0xCE,0xDA,0x75,0x0E,0x0A,0x3B,0x6F,0x6A,0xF7,0x9C,
    0xCF,0xE7,0x4A,0x75,0x0B,0x51,0xDB,0x7B,0x56,0x4E,0x67,0x75,0x3A,0x85,0x98,0xED,
    0xBD,0xAB,0x37,0x33,0xBA,0x9D,0x42,0xD4,0x76,0xDE,0xD5,0x93,0x99,0xDD,0x4E,0xA1,
    0x6A,0x3B,0x6F,0x6A,0xC9,0xCC,0xED,0xA7,0x50,0xB3,0x1D,0xB7,0xB5,0x66,0xE6,0x77,
    0x53,0xA8,0x5A,0x8E,0xDB,0xDA,0xB2,0x73,0x3B,0xA9,0xD4,0x2C,0xC7,0x6D,0xED,0x59,
    0x39,0x9D,0xB4,0xEA,0x16,0xA3,0xB6,0xF6,0xAC,0xDC,0xCE,0xEA,0x75,0x0B,0x31,0xDB,
    0x7B,0x56,0x4E,0x67,0x75,0x3A,0x87,0x9F,0x46,0x8B,0xE9,0x5F,0x40,0xDB,0x3F,0x9D,
    0xA9,0xC9,0x96,0xA3,0x45,0xF4,0xAC,0x9B,0x67,0x75,0x39,0x32,0xD4,0x68,0xBE,0x95,
    0x93,0x6C,0xEE,0xA7,0x26,0x59,0x8D,0x17,0xD2,0xB3,0x6D,0x9D,0xD4,0xE4,0xCB,0x51,
    0xA2,0xFA,0x56,0x4D,0xB3,0xB6,0x9C,0x99,0x66,0x34,0x5F,0x4A,0xCD,0xB6,0x77,0x53,
    0x93,0x2D,0x46,0x8B,0xE9,0x59,0x36,0xCE,0xEA,0x72,0x65,0x98,0xD1,0x7D,0x2B,0x26,
    0xD9,0xDB,0x4E,0x4C,0xB5,0x1A,0x2F,0xA5,0x64,0xDB,0x3B,0xA9,0xC9,0x96,0xA3,0x45,
    0xF4,0xAC,0xDB,0x67,0x75,0x39,0x33,0xFF,0xD9,0x00,0x30,0x31,0x77,0x62,0xD0,0x07,
    0x00,0x00,0x00,0x00,0x02,0x09,0x6B,0x11,0xA9,0x18,0x42,0x1E,0xD6,0x21,0x26,0x23,
    0x1E,0x22,0xCE,0x1E,0x70,0x19,0x5E,0x12,0x12,0x0A,0x1A,0x01,0x10,0xF8,0x8D,0xEF,
    0x23,0xE8,0x52,0xE2,0x7B,0xDE,0xE2,0xDC,0xA2,0xDD,0xAD,0xE0,0xD0,0xE5,0xB3,0xEC,
    0xE0,0xF4,0xCB,0xFD,0xDB,0x06,0x77,0x0F,0x0A,0x17,0x13,0x1D,0x2B,0x21,0x0C,0x23,
    0x95,0x22,0xCF,0x1F,0xE9,0x1A,0x37,0x14,0x2B,0x0C,0x4E,0x03,0x3B,0xFA,0x89,0xF1,
    0xCE,0xE9,0x8F,0xE3,0x37,0xDF,0x0F,0xDD,0x3D,0xDD,0xBD,0xDF,0x65,0xE4,0xE5,0xEA,
    0xCE,0xF2,0x99,0xFB,0xAE,0x04,0x74,0x0D,0x54,0x15,0xC7,0x1B,0x5F,0x20,0xCE,0x22,
    0xE9,0x22,0xAF,0x20,0x47,0x1C,0xFB,0x15,0x37,0x0E,0x7F,0x05,0x6B,0xFC,0x93,0xF3,
    0x90,0xEB,0xEA,0xE4,0x13,0xE0,0x5F,0xDD,0xFA,0xDC,0xED,0xDE,0x15,0xE3,0x2B,0xE9,
    0xC9,0xF0,0x6A,0xF9,0x7B,0x02,0x63,0x0B,0x88,0x13,0x5E,0x1A,0x72,0x1F,0x6D,0x22,
    0x1A,0x23,0x6F,0x21,0x88,0x1D,0xA9,0x17,0x34,0x10,0xAB,0x07,0x9F,0xFE,0xAA,0xF5,
    0x66,0xED,0x60,0xE6,0x10,0xE1,0xD1,0xDD,0xDB,0xDC,0x3E,0xDE,0xE2,0xE1,0x89,0xE7,
    0xD3,0xEE,0x42,0xF7,0x46,0x00,0x46,0x09,0xA8,0x11,0xDB,0x18,0x66,0x1E,0xE9,0x21,
    0x27,0x23,0x0D,0x22,0xAC,0x1E,0x3F,0x19,0x22,0x12,0xCE,0x09,0xD4,0x00,0xCB,0xF7,
    0x4F,0xEF,0xF0,0xE7,0x2C,0xE2,0x66,0xDE,0xDF,0xDC,0xB1,0xDD,0xCE,0xE0,0x00,0xE6,
    0xEF,0xEC,0x23,0xF5,0x12,0xFE,0x21,0x07,0xB6,0x0F,0x3F,0x17,0x3B,0x1D,0x42,0x21,
    0x11,0x23,0x88,0x22,0xB1,0x1F,0xBB,0x1A,0xFD,0x13,0xE8,0x0B,0x08,0x03,0xF5,0xF9,
    0x49,0xF1,0x98,0xE9,0x66,0xE3,0x1E,0xDF,0x07,0xDD,0x47,0xDD,0xD9,0xDF,0x91,0xE4,
    0x1D,0xEB,0x0F,0xF3,0xDF,0xFB,0xF4,0x04,0xB5,0x0D,0x8C,0x15,0xF2,0x1B,0x7A,0x20,
    0xD7,0x22,0xE1,0x22,0x95,0x20,0x1D,0x1C,0xC3,0x15,0xF6,0x0D,0x3A,0x05,0x25,0xFC,
    0x51,0xF3,0x56,0xEB,0xBD,0xE4,0xF6,0xDF,0x53,0xDD,0x00,0xDD,0x05,0xDF,0x3D,0xE3,
    0x61,0xE9,0x08,0xF1,0xB0,0xF9,0xC2,0x02,0xA6,0x0B,0xC2,0x13,0x8D,0x1A,0x92,0x1F,
    0x7B,0x22,0x16,0x23,0x59,0x21,0x62,0x1D,0x74,0x17,0xF5,0x0F,0x66,0x07,0x59,0xFE,
    0x67,0xF5,0x2A,0xED,0x30,0xE6,0xEF,0xE0,0xC1,0xDD,0xDD,0xDC,0x52,0xDE,0x07,0xE2,
    0xBC,0xE7,0x11,0xEF,0x87,0xF7,0x8D,0x00,0x8A,0x09,0xE5,0x11,0x0D,0x19,0x89,0x1E,
    0xFB,0x21,0x28,0x23,0xFB,0x21,0x89,0x1E,0x0D,0x19,0xE5,0x11,0x8A,0x09,0x8D,0x00,
    0x87,0xF7,0x11,0xEF,0xBC,0xE7,0x07,0xE2,0x52,0xDE,0xDD,0xDC,0xC1,0xDD,0xEF,0xE0,
    0x30,0xE6,0x2A,0xED,0x67,0xF5,0x59,0xFE,0x66,0x07,0xF5,0x0F,0x74,0x17,0x62,0x1D,
    0x59,0x21,0x16,0x23,0x7B,0x22,0x92,0x1F,0x8D,0x1A,0xC2,0x13,0xA6,0x0B,0xC2,0x02,
    0xB0,0xF9,0x08,0xF1,0x61,0xE9,0x3D,0xE3,0x05,0xDF,0x00,0xDD,0x53,0xDD,0xF6,0xDF,
    0xBD,0xE4,0x56,0xEB,0x51,0xF3,0x25,0xFC,0x3A,0x05,0xF6,0x0D,0xC3,0x15,0x1D,0x1C,
    0x95,0x20,0xE1,0x22,0xD7,0x22,0x7A,0x20,0xF2,0x1B,0x8C,0x15,0xB5,0x0D,0xF4,0x04,
    0xDF,0xFB,0x0F,0xF3,0x1D,0xEB,0x91,0xE4,0xD9,0xDF,0x47,0xDD,0x07,0xDD,0x1E,0xDF,
    0x66,0xE3,0x98,0xE9,0x49,0xF1,0xF5,0xF9,0x08,0x03,0xE8,0x0B,0xFD,0x13,0xBB,0x1A,
    0xB1,0x1F,0x88,0x22,0x11,0x23,0x42,0x21,0x3B,0x1D,0x3F,0x17,0xB6,0x0F,0x21,0x07,
    0x12,0xFE,0x23,0xF5,0xEF,0xEC,0x00,0xE6,0xCE,0xE0,0xB1,0xDD,0xDF,0xDC,0x66,0xDE,
    0x2C,0xE2,0xF0,0xE7,0x4F,0xEF,0xCB,0xF7,0xD4,0x00,0xCE,0x09,0x22,0x12,0x3F,0x19,
    0xAC,0x1E,0x0D,0x22,0x27,0x23,0xE9,0x21,0x66,0x1E,0xDB,0x18,0xA8,0x11,0x46,0x09,
    0x46,0x00,0x42,0xF7,0xD3,0xEE,0x89,0xE7,0xE2,0xE1,0x3E,0xDE,0xDB,0xDC,0xD1,0xDD,
    0x10,0xE1,0x60,0xE6,0x66,0xED,0xAA,0xF5,0x9F,0xFE,0xAB,0x07,0x34,0x10,0xA9,0x17,
    0x88,0x1D,0x6F,0x21,0x1A,0x23,0x6D,0x22,0x72,0x1F,0x5E,0x1A,0x88,0x13,0x63,0x0B,
    0x7B,0x02,0x6A,0xF9,0xC9,0xF0,0x2B,0xE9,0x15,0xE3,0xED,0xDE,0xFA,0xDC,0x5F,0xDD,
    0x13,0xE0,0xEA,0xE4,0x90,0xEB,0x93,0xF3,0x6B,0xFC,0x7F,0x05,0x37,0x0E,0xFB,0x15,
    0x47,0x1C,0xAF,0x20,0xE9,0x22,0xCE,0x22,0x5F,0x20,0xC7,0x1B,0x54,0x15,0x74,0x0D,
    0xAE,0x04,0x99,0xFB,0xCE,0xF2,0xE5,0xEA,0x65,0xE4,0xBD,0xDF,0x3D,0xDD,0x0F,0xDD,
    0x37,0xDF,0x8F,0xE3,0xCE,0xE9,0x89,0xF1,0x3B,0xFA,0x4E,0x03,0x2B,0x0C,0x37,0x14,
    0xE9,0x1A,0xCF,0x1F,0x95,0x22,0x0C,0x23,0x2B,0x21,0x13,0x1D,0x0A,0x17,0x77,0x0F,
    0xDB,0x06,0xCB,0xFD,0xE0,0xF4,0xB3,0xEC,0xD0,0xE5,0xAD,0xE0,0xA2,0xDD,0xE2,0xDC,
    0x7B,0xDE,0x52,0xE2,0x23,0xE8,0x8D,0xEF,0x10,0xF8,0x1A,0x01,0x12,0x0A,0x5E,0x12,
    0x70,0x19,0xCE,0x1E,0x1E,0x22,0x26,0x23,0xD6,0x21,0x42,0x1E,0xA9,0x18,0x6B,0x11,
    0x02,0x09,0x00,0x00,0xFE,0xF6,0x95,0xEE,0x57,0xE7,0xBE,0xE1,0x2A,0xDE,0xDA,0xDC,
    0xE2,0xDD,0x32,0xE1,0x90,0xE6,0xA2,0xED,0xEE,0xF5,0xE6,0xFE,0xF0,0x07,0x73,0x10,
    0xDD,0x17,0xAE,0x1D,0x85,0x21,0x1E,0x23,0x5E,0x22,0x53,0x1F,0x30,0x1A,0x4D,0x13,
    0x20,0x0B,0x35,0x02,0x25,0xF9,0x89,0xF0,0xF6,0xE8,0xED,0xE2,0xD5,0xDE,0xF4,0xDC,
    0x6B,0xDD,0x31,0xE0,0x17,0xE5,0xC9,0xEB,0xD5,0xF3,0xB2,0xFC,0xC5,0x05,0x77,0x0E,
    0x32,0x16,0x71,0x1C,0xC9,0x20,0xF1,0x22,0xC3,0x22,0x43,0x20,0x9B,0x1B,0x1B,0x15,
    0x32,0x0D,0x67,0x04,0x52,0xFB,0x8C,0xF2,0xAC,0xEA,0x39,0xE4,0xA1,0xDF,0x32,0xDD,
    0x17,0xDD,0x51,0xDF,0xB9,0xE3,0x05,0xEA,0xC9,0xF1,0x81,0xFA,0x95,0x03,0x6D,0x0C,
    0x70,0x14,0x16,0x1B,0xED,0x1F,0xA1,0x22,0x06,0x23,0x13,0x21,0xEB,0x1C,0xD5,0x16,
    0x37,0x0F,0x96,0x06,0x85,0xFD,0x9D,0xF4,0x78,0xEC,0xA2,0xE5,0x8E,0xE0,0x93,0xDD,
    0xE6,0xDC,0x91,0xDE,0x78,0xE2,0x57,0xE8,0xCC,0xEF,0x55,0xF8,0x61,0x01,0x56,0x0A,
    0x9A,0x12,0xA0,0x19,0xF0,0x1E,0x2F,0x22,0x25,0x23,0xC2,0x21,0x1E,0x1E,0x77,0x18,
    0x2D,0x11,0xBE,0x08,0xBA,0xFF,0xBA,0xF6,0x58,0xEE,0x25,0xE7,0x9A,0xE1,0x17,0xDE,
    0xD9,0xDC,0xF3,0xDD,0x54,0xE1,0xC1,0xE6,0xDE,0xED,0x32,0xF6,0x2C,0xFF,0x35,0x08,
    0xB1,0x10,0x10,0x18,0xD4,0x1D,0x9A,0x21,0x21,0x23,0x4F,0x22,0x32,0x1F,0x00,0x1A,
    0x11,0x13,0xDD,0x0A,0xEE,0x01,0xDF,0xF8,0x4A,0xF0,0xC1,0xE8,0xC5,0xE2,0xBE,0xDE,
    0xEF,0xDC,0x78,0xDD,0x4F,0xE0,0x45,0xE5,0x03,0xEC,0x18,0xF4,0xF8,0xFC,0x0B,0x06,
    0xB7,0x0E,0x68,0x16,0x9A,0x1C,0xE2,0x20,0xF9,0x22,0xB9,0x22,0x27,0x20,0x6F,0x1B,
    0xE3,0x14,0xF1,0x0C,0x21,0x04,0x0C,0xFB,0x4B,0xF2,0x74,0xEA,0x0E,0xE4,0x86,0xDF,
    0x29,0xDD,0x1F,0xDD,0x6B,0xDF,0xE3,0xE3,0x3D,0xEA,0x0A,0xF2,0xC6,0xFA,0xDB,0x03,
    0xAF,0x0C,0xAA,0x14,0x43,0x1B,0x0A,0x20,0xAD,0x22,0x00,0x23,0xFB,0x20,0xC3,0x1C,
    0x9F,0x16,0xF8,0x0E,0x50,0x06,0x3E,0xFD,0x5A,0xF4,0x3E,0xEC,0x73,0xE5,0x6E,0xE0,
    0x85,0xDD,0xEA,0xDC,0xA7,0xDE,0x9E,0xE2,0x8C,0xE8,0x0B,0xF0,0x9A,0xF8,0xA7,0x01,
    0x99,0x0A,0xD6,0x12,0xD0,0x19,0x11,0x1F,0x3F,0x22,0x23,0x23,0xAE,0x21,0xF9,0x1D,
    0x44,0x18,0xEF,0x10,0x79,0x08,0x73,0xFF,0x76,0xF6,0x1B,0xEE,0xF3,0xE6,0x77,0xE1,
    0x05,0xDE,0xD8,0xDC,0x05,0xDE,0x77,0xE1,0xF3,0xE6,0x1B,0xEE,0x76,0xF6,0x73,0xFF,
    0x79,0x08,0xEF,0x10,0x44,0x18,0xF9,0x1D,0xAE,0x21,0x23,0x23,0x3F,0x22,0x11,0x1F,
    0xD0,0x19,0xD6,0x12,0x99,0x0A,0xA7,0x01,0x9A,0xF8,0x0B,0xF0,0x8C,0xE8,0x9E,0xE2,
    0xA7,0xDE,0xEA,0xDC,0x85,0xDD,0x6E,0xE0,0x73,0xE5,0x3E,0xEC,0x5A,0xF4,0x3E,0xFD,
    0x50,0x06,0xF8,0x0E,0x9F,0x16,0xC3,0x1C,0xFB,0x20,0x00,0x23,0xAD,0x22,0x0A,0x20,
    0x43,0x1B,0xAA,0x14,0xAF,0x0C,0xDB,0x03,0xC6,0xFA,0x0A,0xF2,0x3D,0xEA,0xE3,0xE3,
    0x6B,0xDF,0x1F,0xDD,0x29,0xDD,0x86,0xDF,0x0E,0xE4,0x74,0xEA,0x4B,0xF2,0x0C,0xFB,
    0x21,0x04,0xF1,0x0C,0xE3,0x14,0x6F,0x1B,0x27,0x20,0xB9,0x22,0xF9,0x22,0xE2,0x20,
    0x9A,0x1C,0x68,0x16,0xB7,0x0E,0x0B,0x06,0xF8,0xFC,0x18,0xF4,0x03,0xEC,0x45,0xE5,
    0x4F,0xE0,0x78,0xDD,0xEF,0xDC,0xBE,0xDE,0xC5,0xE2,0xC1,0xE8,0x4A,0xF0,0xDF,0xF8,
    0xEE,0x01,0xDD,0x0A,0x11,0x13,0x00,0x1A,0x32,0x1F,0x4F,0x22,0x21,0x23,0x9A,0x21,
    0xD4,0x1D,0x10,0x18,0xB1,0x10,0x35,0x08,0x2C,0xFF,0x32,0xF6,0xDE,0xED,0xC1,0xE6,
    0x54,0xE1,0xF3,0xDD,0xD9,0xDC,0x17,0xDE,0x9A,0xE1,0x25,0xE7,0x58,0xEE,0xBA,0xF6,
    0xBA,0xFF,0xBE,0x08,0x2D,0x11,0x77,0x18,0x1E,0x1E,0xC2,0x21,0x25,0x23,0x2F,0x22,
    0xF0,0x1E,0xA0,0x19,0x9A,0x12,0x56,0x0A,0x61,0x01,0x55,0xF8,0xCC,0xEF,0x57,0xE8,
    0x78,0xE2,0x91,0xDE,0xE6,0xDC,0x93,0xDD,0x8E,0xE0,0xA2,0xE5,0x78,0xEC,0x9D,0xF4,
    0x85,0xFD,0x96,0x06,0x37,0x0F,0xD5,0x16,0xEB,0x1C,0x13,0x21,0x06,0x23,0xA1,0x22,
    0xED,0x1F,0x16,0x1B,0x70,0x14,0x6D,0x0C,0x95,0x03,0x81,0xFA,0xC9,0xF1,0x05,0xEA,
    0xB9,0xE3,0x51,0xDF,0x17,0xDD,0x32,0xDD,0xA1,0xDF,0x39,0xE4,0xAC,0xEA,0x8C,0xF2,
    0x52,0xFB,0x67,0x04,0x32,0x0D,0x1B,0x15,0x9B,0x1B,0x43,0x20,0xC3,0x22,0xF1,0x22,
    0xC9,0x20,0x71,0x1C,0x32,0x16,0x77,0x0E,0xC5,0x05,0xB2,0xFC,0xD5,0xF3,0xC9,0xEB,
    0x17,0xE5,0x31,0xE0,0x6B,0xDD,0xF4,0xDC,0xD5,0xDE,0xED,0xE2,0xF6,0xE8,0x89,0xF0,
    0x25,0xF9,0x35,0x02,0x20,0x0B,0x4D,0x13,0x30,0x1A,0x53,0x1F,0x5E,0x22,0x1E,0x23,
    0x85,0x21,0xAE,0x1D,0xDD,0x17,0x73,0x10,0xF0,0x07,0xE6,0xFE,0xEE,0xF5,0xA2,0xED,
    0x90,0xE6,0x32,0xE1,0xE2,0xDD,0xDA,0xDC,0x2A,0xDE,0xBE,0xE1,0x57,0xE7,0x95,0xEE,
    0xFE,0xF6,0x00,0x00,0x02,0x09,0x6B,0x11,0xA9,0x18,0x42,0x1E,0xD6,0x21,0x26,0x23,
    0x1E,0x22,0xCE,0x1E,0x70,0x19,0x5E,0x12,0x12,0x0A,0x1A,0x01,0x10,0xF8,0x8D,0xEF,
    0x23,0xE8,0x52,0xE2,0x7B,0xDE,0xE2,0xDC,0xA2,0xDD,0xAD,0xE0,0xD0,0xE5,0xB3,0xEC,
    0xE0,0xF4,0xCB,0xFD,0xDB,0x06,0x77,0x0F,0x0A,0x17,0x13,0x1D,0x2B,0x21,0x0C,0x23,
    0x95,0x22,0xCF,0x1F,0xE9,0x1A,0x37,0x14,0x2B,0x0C,0x4E,0x03,0x3B,0xFA,0x89,0xF1,
    0xCE,0xE9,0x8F,0xE3,0x37,0xDF,0x0F,0xDD,0x3D,0xDD,0xBD,0xDF,0x65,0xE4,0xE5,0xEA,
    0xCE,0xF2,0x99,0xFB,0xAE,0x04,0x74,0x0D,0x54,0x15,0xC7,0x1B,0x5F,0x20,0xCE,0x22,
    0xE9,0x22,0xAF,0x20,0x47,0x1C,0xFB,0x15,0x37,0x0E,0x7F,0x05,0x6B,0xFC,0x93,0xF3,
    0x90,0xEB,0xEA,0xE4,0x13,0xE0,0x5F,0xDD,0xFA,0xDC,0xED,0xDE,0x15,0xE3,0x2B,0xE9,
    0xC9,0xF0,0x6A,0xF9,0x7B,0x02,0x63,0x0B,0x88,0x13,0x5E,0x1A,0x72,0x1F,0x6D,0x22,
    0x1A,0x23,0x6F,0x21,0x88,0x1D,0xA9,0x17,0x34,0x10,0xAB,0x07,0x9F,0xFE,0xAA,0xF5,
    0x66,0xED,0x60,0xE6,0x10,0xE1,0xD1,0xDD,0xDB,0xDC,0x3E,0xDE,0xE2,0xE1,0x89,0xE7,
    0xD3,0xEE,0x42,0xF7,0x46,0x00,0x46,0x09,0xA8,0x11,0xDB,0x18,0x66,0x1E,0xE9,0x21,
    0x27,0x23,0x0D,0x22,0xAC,0x1E,0x3F,0x19,0x22,0x12,0xCE,0x09,0xD4,0x00,0xCB,0xF7,
    0x4F,0xEF,0xF0,0xE7,0x2C,0xE2,0x66,0xDE,0xDF,0xDC,0xB1,0xDD,0xCE,0xE0,0x00,0xE6,
    0xEF,0xEC,0x23,0xF5,0x12,0xFE,0x21,0x07,0xB6,0x0F,0x3F,0x17,0x3B,0x1D,0x42,0x21,
    0x11,0x23,0x88,0x22,0xB1,0x1F,0xBB,0x1A,0xFD,0x13,0xE8,0x0B,0x08,0x03,0xF5,0xF9,
    0x49,0xF1,0x98,0xE9,0x66,0xE3,0x1E,0xDF,0x07,0xDD,0x47,0xDD,0xD9,0xDF,0x91,0xE4,
    0x1D,0xEB,0x0F,0xF3,0xDF,0xFB,0xF4,0x04,0xB5,0x0D,0x8C,0x15,0xF2,0x1B,0x7A,0x20,
    0xD7,0x22,0xE1,0x22,0x95,0x20,0x1D,0x1C,0xC3,0x15,0xF6,0x0D,0x3A,0x05,0x25,0xFC,
    0x51,0xF3,0x56,0xEB,0xBD,0xE4,0xF6,0xDF,0x53,0xDD,0x00,0xDD,0x05,0xDF,0x3D,0xE3,
    0x61,0xE9,0x08,0xF1,0xB0,0xF9,0xC2,0x02,0xA6,0x0B,0xC2,0x13,0x8D,0x1A,0x92,0x1F,
    0x7B,0x22,0x16,0x23,0x59,0x21,0x62,0x1D,0x74,0x17,0xF5,0x0F,0x66,0x07,0x59,0xFE,
    0x67,0xF5,0x2A,0xED,0x30,0xE6,0xEF,0xE0,0xC1,0xDD,0xDD,0xDC,0x52,0xDE,0x07,0xE2,
    0xBC,0xE7,0x11,0xEF,0x87,0xF7,0x8D,0x00,0x8A,0x09,0xE5,0x11,0x0D,0x19,0x89,0x1E,
    0xFB,0x21,0x30,0x30,0x64,0x63,0x14,0x06,0x00,0x00,0xFF,0xD8,0xFF,0xE0,0x00,0x10,
    0x4A,0x46,0x49,0x46,0x00,0x01,0x01,0x00,0x00,0x01,0x00,0x01,0x00,0x00,0xFF,0xDB,
    0x00,0x43,0x00,0x06,0x04,0x05,0x06,0x05,0x04,0x06,0x06,0x05,0x06,0x07,0x07,0x06,
    0x08,0x0A,0x10,0x0A,0x0A,0x09,0x09,0x0A,0x14,0x0E,0x0F,0x0C,0x10,0x17,0x14,0x18,
    0x18,0x17,0x14,0x16,0x16,0x1A,0x1D,0x25,0x1F,0x1A,0x1B,0x23,0x1C,0x16,0x16,0x20,
    0x2C,0x20,0x23,0x26,0x27,0x29,0x2A,0x29,0x19,0x1F,0x2D,0x30,0x2D,0x28,0x30,0x25,
    0x28,0x29,0x28,0xFF,0xDB,0x00,0x43,0x01,0x07,0x07,0x07,0x0A,0x08,0x0A,0x13,0x0A,
    0x0A,0x13,0x28,0x1A,0x16,0x1A,0x28,0x28,0x28,0x28,0x28,0x28,0x28,0x28,0x28,0x28,
    0x28,0x28,0x28,0x28,0x28,0x28,0x28,0x28,0x28,0x28,0x28,0x28,0x28,0x28,0x28,0x28,
    0x28,0x28,0x28,0x28,0x28,0x28,0x28,0x28,0x28,0x28,0x28,0x28,0x28,0x28,0x28,0x28,
    0x28,0x28,0x28,0x28,0x28,0x28,0x28,0x28,0xFF,0xC0,0x00,0x11,0x08,0x00,0x3C,0x00,
    0x50,0x03,0x01,0x11,0x00,0x02,0x11,0x01,0x03,0x11,0x01,0xFF,0xC4,0x00,0x1F,0x00,
    0x00,0x01,0x05,0x01,0x01,0x01,0x01,0x01,0x01,0x00,0x00,0x00,0x00,0x00,0x00,0x00,
    0x00,0x01,0x02,0x03,0x04,0x05,0x06,0x07,0x08,0x09,0x0A,0x0B,0xFF,0xC4,0x00,0xB5,
    0x10,0x00,0x02,0x01,0x03,0x03,0x02,0x04,0x03,0x05,0x05,0x04,0x04,0x00,0x00,0x01,
    0x7D,0x01,0x02,0x03,0x00,0x04,0x11,0x05,0x12,0x21,0x31,0x41,0x06,0x13,0x51,0x61,
    0x07,0x22,0x71,0x14,0x32,0x81,0x91,0xA1,0x08,0x23,0x42,0xB1,0xC1,0x15,0x52,0xD1,
    0xF0,0x24,0x33,0x62,0x72,0x82,0x09,0x0A,0x16,0x17,0x18,0x19,0x1A,0x25,0x26,0x27,
    0x28,0x29,0x2A,0x34,0x35,0x36,0x37,0x38,0x39,0x3A,0x43,0x44,0x45,0x46,0x47,0x48,
    0x49,0x4A,0x53,0x54,0x55,0x56,0x57,0x58,0x59,0x5A,0x63,0x64,0x65,0x66,0x67,0x68,
    0x69,0x6A,0x73,0x74,0x75,0x76,0x77,0x78,0x79,0x7A,0x83,0x84,0x85,0x86,0x87,0x88,
    0x89,0x8A,0x92,0x93,0x94,0x95,0x96,0x97,0x98,0x99,0x9A,0xA2,0xA3,0xA4,0xA5,0xA6,
    0xA7,0xA8,0xA9,0xAA,0xB2,0xB3,0xB4,0xB5,0xB6,0xB7,0xB8,0xB9,0xBA,0xC2,0xC3,0xC4,
    0xC5,0xC6,0xC7,0xC8,0xC9,0xCA,0xD2,0xD3,0xD4,0xD5,0xD6,0xD7,0xD8,0xD9,0xDA,0xE1,
    0xE2,0xE3,0xE4,0xE5,0xE6,0xE7,0xE8,0xE9,0xEA,0xF1,0xF2,0xF3,0xF4,0xF5,0xF6,0xF7,
    0xF8,0xF9,0xFA,0xFF,0xC4,0x00,0x1F,0x01,0x00,0x03,0x01,0x01,0x01,0x01,0x01,0x01,
    0x01,0x01,0x01,0x00,0x00,0x00,0x00,0x00,0x00,0x01,0x02,0x03,0x04,0x05,0x06,0x07,
    0x08,0x09,0x0A,0x0B,0xFF,0xC4,0x00,0xB5,0x11,0x00,0x02,0x01,0x02,0x04,0x04,0x03,
    0x04,0x07,0x05,0x04,0x04,0x00,0x01,0x02,0x77,0x00,0x01,0x02,0x03,0x11,0x04,0x05,
    0x21,0x31,0x06,0x12,0x41,0x51,0x07,0x61,0x71,0x13,0x22,0x32,0x81,0x08,0x14,0x42,
    0x91,0xA1,0xB1,0xC1,0x09,0x23,0x33,0x52,0xF0,0x15,0x62,0x72,0xD1,0x0A,0x16,0x24,
    0x34,0xE1,0x25,0xF1,0x17,0x18,0x19,0x1A,0x26,0x27,0x28,0x29,0x2A,0x35,0x36,0x37,
    0x38,0x39,0x3A,0x43,0x44,0x45,0x46,0x47,0x48,0x49,0x4A,0x53,0x54,0x55,0x56,0x57,
    0x58,0x59,0x5A,0x63,0x64,0x65,0x66,0x67,0x68,0x69,0x6A,0x73,0x74,0x75,0x76,0x77,
    0x78,0x79,0x7A,0x82,0x83,0x84,0x85,0x86,0x87,0x88,0x89,0x8A,0x92,0x93,0x94,0x95,
    0x96,0x97,0x98,0x99,0x9A,0xA2,0xA3,0xA4,0xA5,0xA6,0xA7,0xA8,0xA9,0xAA,0xB2,0xB3,
    0xB4,0xB5,0xB6,0xB7,0xB8,0xB9,0xBA,0xC2,0xC3,0xC4,0xC5,0xC6,0xC7,0xC8,0xC9,0xCA,
    0xD2,0xD3,0xD4,0xD5,0xD6,0xD7,0xD8,0xD9,0xDA,0xE2,0xE3,0xE4,0xE5,0xE6,0xE7,0xE8,
    0xE9,0xEA,0xF2,0xF3,0xF4,0xF5,0xF6,0xF7,0xF8,0xF9,0xFA,0xFF,0xDA,0x00,0x0C,0x03,
    0x01,0x00,0x02,0x11,0x03,0x11,0x00,0x3F,0x00,0xF9,0xCA,0x3B,0x6F,0x6A,0xFB,0x07,
    0x33,0x96,0x9D,0x42,0xD4,0x76,0xDE,0xD5,0x93,0x99,0xDD,0x4E,0xA1,0x66,0x3B,0x6F,
    0x6A,0xC9,0xCC,0xEE,0xA7,0x50,0xB5,0x1D,0xB7,0xB5,0x66,0xE6,0x77,0x53,0xA8,0x59,
    0x8E,0xDB,0xDA,0xB2,0x73,0x3B,0x69,0xD4,0x2D,0x47,0x6D,0xED,0x59,0x39,0x9D,0xD4,
    0xEA,0x16,0x63,0xB6,0xF6,0xAC,0xDC,0xCE,0xEA,0x75,0x0B,0x51,0xDB,0x7B,0x56,0x4E,
    0x67,0x6D,0x3A,0x85,0xA8,0xED,0xBD,0xAB,0x37,0x33,0xBA,0x9D,0x42,0xCC,0x76,0xDE,
    0xD5,0x93,0x99,0xDD,0x4E,0xA1,0xC1,0x47,0x6D,0xED,0x5E,0xEB,0x99,0xFC,0xE9,0x4E,
    0xA1,0x6A,0x3B,0x6F,0x6A,0xCD,0xCC,0xEE,0xA7,0x50,0xB3,0x1D,0xB7,0xB5,0x64,0xE6,
    0x77,0x53,0xA8,0x5A,0x8E,0xDB,0xDA,0xB3,0x73,0x3B,0x69,0xD4,0x2C,0xC7,0x6D,0xED,
    0x59,0x39,0x9D,0xD4,0xEA,0x16,0xA3,0xB6,0xF6,0xAC,0x9C,0xCE,0xEA,0x75,0x0B,0x51,
    0xDB,0x7B,0x56,0x6E,0x67,0x6D,0x3A,0x85,0x98,0xED,0xBD,0xAB,0x27,0x33,0xBA,0x9D,
    0x42,0xD4,0x76,0xDE,0xD5,0x93,0x99,0xDD,0x4E,0xA1,0x66,0x3B,0x6F,0x6A,0xCD,0xCC,
    0xEE,0xA7,0x50,0xE0,0xA3,0xB6,0xF6,0xAF,0x75,0xCC,0xFE,0x74,0xA7,0x50,0xB5,0x1D,
    0xB7,0xB5,0x66,0xE6,0x76,0xD3,0xA8,0x59,0x8E,0xDB,0xDA,0xB2,0x73,0x3B,0xA9,0xD4,
    0x2D,0x47,0x6D,0xED,0x59,0x39,0x9D,0xD4,0xEA,0x16,0x63,0xB6,0xF6,0xAC,0xDC,0xCE,
    0xEA,0x75,0x0B,0x51,0xDB,0x7B,0x56,0x4E,0x67,0x6D,0x3A,0x85,0xA8,0xED,0xBD,0xAB,
    0x37,0x33,0xBA,0x9D,0x42,0xCC,0x76,0xDE,0xD5,0x93,0x99,0xDD,0x4E,0xA1,0x6A,0x3B,
    0x6F,0x6A,0xC9,0xCC,0xEE,0xA7,0x50,0xB3,0x1D,0xB7,0xB5,0x66,0xE6,0x76,0xD3,0xA8,
    0x70,0x70,0xDA,0x96,0x20,0x2A,0x92,0x4F,0x00,0x0E,0xF5,0xEE,0xCA,0xA5,0xB5,0x67,
    0xF3,0xBD,0x07,0x2A,0x92,0x50,0x82,0xBB,0x7A,0x24,0xB7,0x6C,0xD7,0x8F,0x43,0xB8,
    0xD9,0xB8,0xEC,0x07,0xFB,0xB9,0xE7,0xFC,0x2B,0x89,0xE3,0x61,0x7B,0x1F,0x75,0x4B,
    0x83,0x33,0x37,0x4B,0xDA,0x4B,0x95,0x3D,0x7D,0xDB,0xEB,0xE9,0xA2,0x71,0xD7,0xA6,
    0xBE,0xB6,0x18,0x2D,0x19,0x1C,0xAB,0xAE,0x18,0x75,0x15,0x7E,0xD5,0x49,0x5D,0x1E,
    0x25,0x5A,0x75,0x70,0xB5,0x5D,0x1A,0xCB,0x96,0x51,0xDD,0x7F,0x5F,0x83,0xEB,0xB9,
    0x62,0x3B,0x6F,0x6A,0xCD,0xCC,0xDE,0x9D,0x42,0xCC,0x76,0xDE,0xD5,0x9B,0x99,0xDD,
    0x4E,0xA1,0x6A,0x3B,0x6F,0x6A,0xC9,0xCC,0xEE,0xA7,0x50,0xB5,0x1D,0xB7,0xB5,0x64,
    0xE6,0x77,0x53,0xA8,0x59,0x8E,0xDB,0xDA,0xB3,0x73,0x3B,0x69,0xD4,0x2D,0x47,0x6D,
    0xED,0x59,0x39,0x9D,0xD4,0xEA,0x16,0x63,0xB6,0xF6,0xAC,0x9C,0xCE,0xEA,0x75,0x0E,
    0x43,0x46,0xB7,0x55,0x77,0x72,0x3E,0x65,0x18,0x1F,0x8D,0x7A,0xB8,0xAA,0x8D,0xA4,
    0x8F,0xCF,0x3C,0x35,0xC2,0xD2,0xAD,0x5E,0xB6,0x26,0x4A,0xF2,0x82,0x49,0x79,0x73,
    0x5E,0xEF,0xD7,0x4B,0x69,0xD1,0xB5,0xD4,0xD6,0xAE,0x23,0xF6,0x02,0x0B,0x98,0x84,
    0x9B,0x4E,0x3E,0x61,0xC5,0x6B,0x4A,0x6D,0x68,0x7C,0x27,0x1D,0x61,0xE9,0xAC,0x3D,
    0x3C,0x57,0xDA,0x52,0xE5,0xF5,0x4D,0x37,0xAF,0x5D,0x1A,0xD3,0xD5,0xF7,0x08,0xED,
    0xBD,0xAA,0xDC,0xCF,0xCE,0xE9,0xD4,0x2D,0x47,0x6D,0xED,0x59,0xB9,0x9D,0xD4,0xEA,
    0x16,0x63,0xB6,0xF6,0xAC,0x9C,0xCE,0xEA,0x75,0x0B,0x51,0xDB,0x7B,0x56,0x4E,0x67,
    0x6D,0x3A,0x85,0x98,0xED,0xBD,0xAB,0x37,0x33,0xBA,0x9D,0x42,0xD4,0x76,0xDE,0xD5,
    0x93,0x99,0xDD,0x4E,0xA1,0x66,0x3B,0x6F,0x6A,0xC9,0xCC,0xEE,0xA7,0x50,0xE1,0x2D,
    0xE1,0x28,0xD9,0x15,0xEE,0x4E,0x4A,0x4A,0xCC,0xFC,0x33,0x87,0xB3,0xEA,0xD9,0x2E,
    0x2D,0x62,0xA8,0xAB,0xF4,0x69,0xF5,0x8B,0xB5,0xD5,0xFA,0x6C,0x9A,0x7D,0xD7,0x55,
    0x74,0xED,0x84,0x63,0xD0,0x57,0x3B,0x3F,0x6B,0xA5,0xC7,0xF9,0x35,0x4A,0x3E,0xD5,
    0xCD,0xA7,0xAF,0xBA,0xE2,0xEF,0xE9,0xA5,0xE3,0xAF,0x4F,0x7A,0xDA,0xEA,0xD1,0x3C,
    0x76,0xE4,0xF5,0xA3,0x9A,0xC7,0xE7,0x3C,0x41,0xC4,0x73,0xCE,0xB1,0x0A,0x49,0x72,
    0xD3,0x8D,0xF9,0x57,0x5D,0x77,0x6F,0xCD,0xD9,0x69,0xB2,0xD9,0x75,0x6E,0xCC,0x76,
    0xDE,0xD5,0x9B,0x99,0xE5,0xD3,0xA8,0x5A,0x8E,0xDB,0xDA,0xB2,0x73,0x3B,0xA9,0xD4,
    0x2C,0xC7,0x6D,0xED,0x59,0xB9,0x9D,0xB4,0xEA,0x16,0xA3,0xB6,0xF6,0xAC,0x9C,0xCE,
    0xEA,0x75,0x0B,0x31,0xDB,0x7B,0x56,0x6E,0x67,0x75,0x3A,0x85,0xA8,0xED,0xBD,0xAB,
    0x27,0x33,0xBA,0x9D,0x42,0xCC,0x76,0xDE,0xD5,0x93,0x99,0xDB,0x4E,0xA1,0xC1,0x47,
    0x6D,0xED,0x5E,0xF3,0x99,0xFC,0xE9,0x4E,0xA1,0x6A,0x3B,0x6F,0x6A,0xC9,0xCC,0xEE,
    0xA7,0x50,0xB3,0x1D,0xB7,0xB5,0x66,0xE6,0x77,0x53,0xA8,0x5A,0x8E,0xDB,0xDA,0xB2,
    0x73,0x3B,0xA9,0xD4,0x2D,0x47,0x6D,0xED,0x59,0x39,0x9D,0xB4,0xEA,0x16,0x63,0xB6,
    0xF6,0xAC,0xDC,0xCE,0xEA,0x75,0x0B,0x51,0xDB,0x7B,0x56,0x4E,0x67,0x75,0x3A,0x85,
    0x98,0xED,0xBD,0xAB,0x27,0x33,0xB6,0x9D,0x42,0xD4,0x76,0xDE,0xD5,0x9B,0x99,0xDD,
    0x4E,0xA1,0x66,0x3B,0x6F,0x6A,0xC9,0xCC,0xEE,0xA7,0x50,0xF3,0xE8,0xD1,0x7D,0x2B,
    0xE8,0x1B,0x67,0xF3,0xB5,0x39,0x32,0xD4,0x68,0xBE,0x95,0x93,0x6C,0xEE,0xA7,0x26,
    0x5A,0x8D,0x17,0xD2,0xB2,0x6D,0x9D,0xD4,0xE4,0xCB,0x31,0xA2,0xFA,0x56,0x6D,0xB3,
    0xBA,0x9C,0x99,0x6A,0x34,0x5F,0x4A,0xC9,0xB6,0x76,0xD3,0x93,0x2C,0xC6,0x8B,0xE9,
    0x59,0xB6,0xCE,0xEA,0x72,0x65,0xA8,0xD1,0x7D,0x2B,0x26,0xD9,0xDD,0x4E,0x4C,0xB3,
    0x1A,0x2F,0xA5,0x64,0xDB,0x3B,0x69,0xC9,0x96,0xA3,0x45,0xF4,0xAC,0x9B,0x67,0x75,
    0x39,0x32,0xD4,0x68,0xBE,0x95,0x9B,0x6C,0xEE,0xA7,0x26,0x7F,0xFF,0xD9,0x30,0x31,
    0x77,0x62,0xD0,0x07,0x00,0x00,0x00,0x00,0xCE,0x09,0xD6,0x12,0x5E,0x1A,0xCF,0x1F,
    0xB9,0x22,0xE1,0x22,0x43,0x20,0x16,0x1B,0xC2,0x13,0xDD,0x0A,0x1A,0x01,0x42,0xF7,
    0x1B,0xEE,0x60,0xE6,0xAD,0xE0,0x78,0xDD,0x00,0xDD,0x51,0xDF,0x39,0xE4,0x56,0xEB,
    0x18,0xF4,0xCB,0xFD,0xAB,0x07,0xEF,0x10,0xDB,0x18,0xCE,0x1E,0x4F,0x22,0x16,0x23,
    0x13,0x21,0x71,0x1C,0x8C,0x15,0xF1,0x0C,0x4E,0x03,0x6A,0xF9,0x0B,0xF0,0xF0,0xE7,
    0xBE,0xE1,0xF3,0xDD,0xDD,0xDC,0x91,0xDE,0xED,0xE2,0x98,0xE9,0x0A,0xF2,0x99,0xFB,
    0x7F,0x05,0xF8,0x0E,0x3F,0x17,0xAE,0x1D,0xC2,0x21,0x28,0x23,0xC2,0x21,0xAE,0x1D,
    0x3F,0x17,0xF8,0x0E,0x7F,0x05,0x99,0xFB,0x0A,0xF2,0x98,0xE9,0xED,0xE2,0x91,0xDE,
    0xDD,0xDC,0xF3,0xDD,0xBE,0xE1,0xF0,0xE7,0x0B,0xF0,0x6A,0xF9,0x4E,0x03,0xF1,0x0C,
    0x8C,0x15,0x71,0x1C,0x13,0x21,0x16,0x23,0x4F,0x22,0xCE,0x1E,0xDB,0x18,0xEF,0x10,
    0xAB,0x07,0xCB,0xFD,0x18,0xF4,0x56,0xEB,0x39,0xE4,0x51,0xDF,0x00,0xDD,0x78,0xDD,
    0xAD,0xE0,0x60,0xE6,0x1B,0xEE,0x42,0xF7,0x1A,0x01,0xDD,0x0A,0xC2,0x13,0x16,0x1B,
    0x43,0x20,0xE1,0x22,0xB9,0x22,0xCF,0x1F,0x5E,0x1A,0xD6,0x12,0xCE,0x09,0x00,0x00,
    0x32,0xF6,0x2A,0xED,0xA2,0xE5,0x31,0xE0,0x47,0xDD,0x1F,0xDD,0xBD,0xDF,0xEA,0xE4,
    0x3E,0xEC,0x23,0xF5,0xE6,0xFE,0xBE,0x08,0xE5,0x11,0xA0,0x19,0x53,0x1F,0x88,0x22,
    0x00,0x23,0xAF,0x20,0xC7,0x1B,0xAA,0x14,0xE8,0x0B,0x35,0x02,0x55,0xF8,0x11,0xEF,
    0x25,0xE7,0x32,0xE1,0xB1,0xDD,0xEA,0xDC,0xED,0xDE,0x8F,0xE3,0x74,0xEA,0x0F,0xF3,
    0xB2,0xFC,0x96,0x06,0xF5,0x0F,0x10,0x18,0x42,0x1E,0x0D,0x22,0x23,0x23,0x6F,0x21,
    0x13,0x1D,0x68,0x16,0xF6,0x0D,0x67,0x04,0x81,0xFA,0x08,0xF1,0xC1,0xE8,0x52,0xE2,
    0x3E,0xDE,0xD8,0xDC,0x3E,0xDE,0x52,0xE2,0xC1,0xE8,0x08,0xF1,0x81,0xFA,0x67,0x04,
    0xF6,0x0D,0x68,0x16,0x13,0x1D,0x6F,0x21,0x23,0x23,0x0D,0x22,0x42,0x1E,0x10,0x18,
    0xF5,0x0F,0x96,0x06,0xB2,0xFC,0x0F,0xF3,0x74,0xEA,0x8F,0xE3,0xED,0xDE,0xEA,0xDC,
    0xB1,0xDD,0x32,0xE1,0x25,0xE7,0x11,0xEF,0x55,0xF8,0x35,0x02,0xE8,0x0B,0xAA,0x14,
    0xC7,0x1B,0xAF,0x20,0x00,0x23,0x88,0x22,0x53,0x1F,0xA0,0x19,0xE5,0x11,0xBE,0x08,
    0xE6,0xFE,0x23,0xF5,0x3E,0xEC,0xEA,0xE4,0xBD,0xDF,0x1F,0xDD,0x47,0xDD,0x31,0xE0,
    0xA2,0xE5,0x2A,0xED,0x32,0xF6,0x00,0x00,0xCE,0x09,0xD6,0x12,0x5E,0x1A,0xCF,0x1F,
    0xB9,0x22,0xE1,0x22,0x43,0x20,0x16,0x1B,0xC2,0x13,0xDD,0x0A,0x1A,0x01,0x42,0xF7,
    0x1B,0xEE,0x60,0xE6,0xAD,0xE0,0x78,0xDD,0x00,0xDD,0x51,0xDF,0x39,0xE4,0x56,0xEB,
    0x18,0xF4,0xCB,0xFD,0xAB,0x07,0xEF,0x10,0xDB,0x18,0xCE,0x1E,0x4F,0x22,0x16,0x23,
    0x13,0x21,0x71,0x1C,0x8C,0x15,0xF1,0x0C,0x4E,0x03,0x6A,0xF9,0x0B,0xF0,0xF0,0xE7,
    0xBE,0xE1,0xF3,0xDD,0xDD,0xDC,0x91,0xDE,0xED,0xE2,0x98,0xE9,0x0A,0xF2,0x99,0xFB,
    0x7F,0x05,0xF8,0x0E,0x3F,0x17,0xAE,0x1D,0xC2,0x21,0x28,0x23,0xC2,0x21,0xAE,0x1D,
    0x3F,0x17,0xF8,0x0E,0x7F,0x05,0x99,0xFB,0x0A,0xF2,0x98,0xE9,0xED,0xE2,0x91,0xDE,
    0xDD,0xDC,0xF3,0xDD,0xBE,0xE1,0xF0,0xE7,0x0B,0xF0,0x6A,0xF9,0x4E,0x03,0xF1,0x0C,
    0x8C,0x15,0x71,0x1C,0x13,0x21,0x16,0x23,0x4F,0x22,0xCE,0x1E,0xDB,0x18,0xEF,0x10,
    0xAB,0x07,0xCB,0xFD,0x18,0xF4,0x56,0xEB,0x39,0xE4,0x51,0xDF,0x00,0xDD,0x78,0xDD,
    0xAD,0xE0,0x60,0xE6,0x1B,0xEE,0x42,0xF7,0x1A,0x01,0xDD,0x0A,0xC2,0x13,0x16,0x1B,
    0x43,0x20,0xE1,0x22,0xB9,0x22,0xCF,0x1F,0x5E,0x1A,0xD6,0x12,0xCE,0x09,0x00,0x00,
    0x32,0xF6,0x2A,0xED,0xA2,0xE5,0x31,0xE0,0x47,0xDD,0x1F,0xDD,0xBD,0xDF,0xEA,0xE4,
    0x3E,0xEC,0x23,0xF5,0xE6,0xFE,0xBE,0x08,0xE5,0x11,0xA0,0x19,0x53,0x1F,0x88,0x22,
    0x00,0x23,0xAF,0x20,0xC7,0x1B,0xAA,0x14,0xE8,0x0B,0x35,0x02,0x55,0xF8,0x11,0xEF,
    0x25,0xE7,0x32,0xE1,0xB1,0xDD,0xEA,0xDC,0xED,0xDE,0x8F,0xE3,0x74,0xEA,0x0F,0xF3,
    0xB2,0xFC,0x96,0x06,0xF5,0x0F,0x10,0x18,0x42,0x1E,0x0D,0x22,0x23,0x23,0x6F,0x21,
    0x13,0x1D,0x68,0x16,0xF6,0x0D,0x67,0x04,0x81,0xFA,0x08,0xF1,0xC1,0xE8,0x52,0xE2,
    0x3E,0xDE,0xD8,0xDC,0x3E,0xDE,0x52,0xE2,0xC1,0xE8,0x08,0xF1,0x81,0xFA,0x67,0x04,
    0xF6,0x0D,0x68,0x16,0x13,0x1D,0x6F,0x21,0x23,0x23,0x0D,0x22,0x42,0x1E,0x10,0x18,
    0xF5,0x0F,0x96,0x06,0xB2,0xFC,0x0F,0xF3,0x74,0xEA,0x8F,0xE3,0xED,0xDE,0xEA,0xDC,
    0xB1,0xDD,0x32,0xE1,0x25,0xE7,0x11,0xEF,0x55,0xF8,0x35,0x02,0xE8,0x0B,0xAA,0x14,
    0xC7,0x1B,0xAF,0x20,0x00,0x23,0x88,0x22,0x53,0x1F,0xA0,0x19,0xE5,0x11,0xBE,0x08,
    0xE6,0xFE,0x23,0xF5,0x3E,0xEC,0xEA,0xE4,0xBD,0xDF,0x1F,0xDD,0x47,0xDD,0x31,0xE0,
    0xA2,0xE5,0x2A,0xED,0x32,0xF6,0x00,0x00,0xCE,0x09,0xD6,0x12,0x5E,0x1A,0xCF,0x1F,
    0xB9,0x22,0xE1,0x22,0x43,0x20,0x16,0x1B,0xC2,0x13,0xDD,0x0A,0x1A,0x01,0x42,0xF7,
    0x1B,0xEE,0x60,0xE6,0xAD,0xE0,0x78,0xDD,0x00,0xDD,0x51,0xDF,0x39,0xE4,0x56,0xEB,
    0x18,0xF4,0xCB,0xFD,0xAB,0x07,0xEF,0x10,0xDB,0x18,0xCE,0x1E,0x4F,0x22,0x16,0x23,
    0x13,0x21,0x71,0x1C,0x8C,0x15,0xF1,0x0C,0x4E,0x03,0x6A,0xF9,0x0B,0xF0,0xF0,0xE7,
    0xBE,0xE1,0xF3,0xDD,0xDD,0xDC,0x91,0xDE,0xED,0xE2,0x98,0xE9,0x0A,0xF2,0x99,0xFB,
    0x7F,0x05,0xF8,0x0E,0x3F,0x17,0xAE,0x1D,0xC2,0x21,0x28,0x23,0xC2,0x21,0xAE,0x1D,
    0x3F,0x17,0xF8,0x0E,0x7F,0x05,0x99,0xFB,0x0A,0xF2,0x98,0xE9,0xED,0xE2,0x91,0xDE,
    0xDD,0xDC,0xF3,0xDD,0xBE,0xE1,0xF0,0xE7,0x0B,0xF0,0x6A,0xF9,0x4E,0x03,0xF1,0x0C,
    0x8C,0x15,0x71,0x1C,0x13,0x21,0x16,0x23,0x4F,0x22,0xCE,0x1E,0xDB,0x18,0xEF,0x10,
    0xAB,0x07,0xCB,0xFD,0x18,0xF4,0x56,0xEB,0x39,0xE4,0x51,0xDF,0x00,0xDD,0x78,0xDD,
    0xAD,0xE0,0x60,0xE6,0x1B,0xEE,0x42,0xF7,0x1A,0x01,0xDD,0x0A,0xC2,0x13,0x16,0x1B,
    0x43,0x20,0xE1,0x22,0xB9,0x22,0xCF,0x1F,0x5E,0x1A,0xD6,0x12,0xCE,0x09,0x00,0x00,
    0x32,0xF6,0x2A,0xED,0xA2,0xE5,0x31,0xE0,0x47,0xDD,0x1F,0xDD,0xBD,0xDF,0xEA,0xE4,
    0x3E,0xEC,0x23,0xF5,0xE6,0xFE,0xBE,0x08,0xE5,0x11,0xA0,0x19,0x53,0x1F,0x88,0x22,
    0x00,0x23,0xAF,0x20,0xC7,0x1B,0xAA,0x14,0xE8,0x0B,0x35,0x02,0x55,0xF8,0x11,0xEF,
    0x25,0xE7,0x32,0xE1,0xB1,0xDD,0xEA,0xDC,0xED,0xDE,0x8F,0xE3,0x74,0xEA,0x0F,0xF3,
    0xB2,0xFC,0x96,0x06,0xF5,0x0F,0x10,0x18,0x42,0x1E,0x0D,0x22,0x23,0x23,0x6F,0x21,
    0x13,0x1D,0x68,0x16,0xF6,0x0D,0x67,0x04,0x81,0xFA,0x08,0xF1,0xC1,0xE8,0x52,0xE2,
    0x3E,0xDE,0xD8,0xDC,0x3E,0xDE,0x52,0xE2,0xC1,0xE8,0x08,0xF1,0x81,0xFA,0x67,0x04,
    0xF6,0x0D,0x68,0x16,0x13,0x1D,0x6F,0x21,0x23,0x23,0x0D,0x22,0x42,0x1E,0x10,0x18,
    0xF5,0x0F,0x96,0x06,0xB2,0xFC,0x0F,0xF3,0x74,0xEA,0x8F,0xE3,0xED,0xDE,0xEA,0xDC,
    0xB1,0xDD,0x32,0xE1,0x25,0xE7,0x11,0xEF,0x55,0xF8,0x35,0x02,0xE8,0x0B,0xAA,0x14,
    0xC7,0x1B,0xAF,0x20,0x00,0x23,0x88,0x22,0x53,0x1F,0xA0,0x19,0xE5,0x11,0xBE,0x08,
    0xE6,0xFE,0x23,0xF5,0x3E,0xEC,0xEA,0xE4,0xBD,0xDF,0x1F,0xDD,0x47,0xDD,0x31,0xE0,
    0xA2,0xE5,0x2A,0xED,0x32,0xF6,0x00,0x00,0xCE,0x09,0xD6,0x12,0x5E,0x1A,0xCF,0x1F,
    0xB9,0x22,0xE1,0x22,0x43,0x20,0x16,0x1B,0xC2,0x13,0xDD,0x0A,0x1A,0x01,0x42,0xF7,
    0x1B,0xEE,0x60,0xE6,0xAD,0xE0,0x78,0xDD,0x00,0xDD,0x51,0xDF,0x39,0xE4,0x56,0xEB,
    0x18,0xF4,0xCB,0xFD,0xAB,0x07,0xEF,0x10,0xDB,0x18,0xCE,0x1E,0x4F,0x22,0x16,0x23,
    0x13,0x21,0x71,0x1C,0x8C,0x15,0xF1,0x0C,0x4E,0x03,0x6A,0xF9,0x0B,0xF0,0xF0,0xE7,
    0xBE,0xE1,0xF3,0xDD,0xDD,0xDC,0x91,0xDE,0xED,0xE2,0x98,0xE9,0x0A,0xF2,0x99,0xFB,
    0x7F,0x05,0xF8,0x0E,0x3F,0x17,0xAE,0x1D,0xC2,0x21,0x28,0x23,0xC2,0x21,0xAE,0x1D,
    0x3F,0x17,0xF8,0x0E,0x7F,0x05,0x99,0xFB,0x0A,0xF2,0x98,0xE9,0xED,0xE2,0x91,0xDE,
    0xDD,0xDC,0xF3,0xDD,0xBE,0xE1,0xF0,0xE7,0x0B,0xF0,0x6A,0xF9,0x4E,0x03,0xF1,0x0C,
    0x8C,0x15,0x71,0x1C,0x13,0x21,0x16,0x23,0x4F,0x22,0xCE,0x1E,0xDB,0x18,0xEF,0x10,
    0xAB,0x07,0xCB,0xFD,0x18,0xF4,0x56,0xEB,0x39,0xE4,0x51,0xDF,0x00,0xDD,0x78,0xDD,
    0xAD,0xE0,0x60,0xE6,0x1B,0xEE,0x42,0xF7,0x1A,0x01,0xDD,0x0A,0xC2,0x13,0x16,0x1B,
    0x43,0x20,0xE1,0x22,0xB9,0x22,0xCF,0x1F,0x5E,0x1A,0xD6,0x12,0xCE,0x09,0x00,0x00,
    0x32,0xF6,0x2A,0xED,0xA2,0xE5,0x31,0xE0,0x47,0xDD,0x1F,0xDD,0xBD,0xDF,0xEA,0xE4,
    0x3E,0xEC,0x23,0xF5,0xE6,0xFE,0xBE,0x08,0xE5,0x11,0xA0,0x19,0x53,0x1F,0x88,0x22,
    0x00,0x23,0xAF,0x20,0xC7,0x1B,0xAA,0x14,0xE8,0x0B,0x35,0x02,0x55,0xF8,0x11,0xEF,
    0x25,0xE7,0x32,0xE1,0xB1,0xDD,0xEA,0xDC,0xED,0xDE,0x8F,0xE3,0x74,0xEA,0x0F,0xF3,
    0xB2,0xFC,0x96,0x06,0xF5,0x0F,0x10,0x18,0x42,0x1E,0x0D,0x22,0x23,0x23,0x6F,0x21,
    0x13,0x1D,0x68,0x16,0xF6,0x0D,0x67,0x04,0x81,0xFA,0x08,0xF1,0xC1,0xE8,0x52,0xE2,
    0x3E,0xDE,0xD8,0xDC,0x3E,0xDE,0x52,0xE2,0xC1,0xE8,0x08,0xF1,0x81,0xFA,0x67,0x04,
    0xF6,0x0D,0x68,0x16,0x13,0x1D,0x6F,0x21,0x23,0x23,0x0D,0x22,0x42,0x1E,0x10,0x18,
    0xF5,0x0F,0x96,0x06,0xB2,0xFC,0x0F,0xF3,0x74,0xEA,0x8F,0xE3,0xED,0xDE,0xEA,0xDC,
    0xB1,0xDD,0x32,0xE1,0x25,0xE7,0x11,0xEF,0x55,0xF8,0x35,0x02,0xE8,0x0B,0xAA,0x14,
    0xC7,0x1B,0xAF,0x20,0x00,0x23,0x88,0x22,0x53,0x1F,0xA0,0x19,0xE5,0x11,0xBE,0x08,
    0xE6,0xFE,0x23,0xF5,0x3E,0xEC,0xEA,0xE4,0xBD,0xDF,0x1F,0xDD,0x47,0xDD,0x31,0xE0,
    0xA2,0xE5,0x2A,0xED,0x32,0xF6,0x00,0x00,0xCE,0x09,0xD6,0x12,0x5E,0x1A,0xCF,0x1F,
    0xB9,0x22,0xE1,0x22,0x43,0x20,0x16,0x1B,0xC2,0x13,0xDD,0x0A,0x1A,0x01,0x42,0xF7,
    0x1B,0xEE,0x60,0xE6,0xAD,0xE0,0x78,0xDD,0x00,0xDD,0x51,0xDF,0x39,0xE4,0x56,0xEB,
    0x18,0xF4,0xCB,0xFD,0xAB,0x07,0xEF,0x10,0xDB,0x18,0xCE,0x1E,0x4F,0x22,0x16,0x23,
    0x13,0x21,0x71,0x1C,0x8C,0x15,0xF1,0x0C,0x4E,0x03,0x6A,0xF9,0x0B,0xF0,0xF0,0xE7,
    0xBE,0xE1,0xF3,0xDD,0xDD,0xDC,0x91,0xDE,0xED,0xE2,0x98,0xE9,0x0A,0xF2,0x99,0xFB,
    0x7F,0x05,0xF8,0x0E,0x3F,0x17,0xAE,0x1D,0xC2,0x21,0x28,0x23,0xC2,0x21,0xAE,0x1D,
    0x3F,0x17,0xF8,0x0E,0x7F,0x05,0x99,0xFB,0x0A,0xF2,0x98,0xE9,0xED,0xE2,0x91,0xDE,
    0xDD,0xDC,0xF3,0xDD,0xBE,0xE1,0xF0,0xE7,0x0B,0xF0,0x6A,0xF9,0x4E,0x03,0xF1,0x0C,
    0x8C,0x15,0x71,0x1C,0x13,0x21,0x16,0x23,0x4F,0x22,0xCE,0x1E,0xDB,0x18,0xEF,0x10,
    0xAB,0x07,0xCB,0xFD,0x18,0xF4,0x56,0xEB,0x39,0xE4,0x51,0xDF,0x00,0xDD,0x78,0xDD,
    0xAD,0xE0,0x60,0xE6,0x1B,0xEE,0x42,0xF7,0x1A,0x01,0xDD,0x0A,0xC2,0x13,0x16,0x1B,
    0x43,0x20,0xE1,0x22,0xB9,0x22,0xCF,0x1F,0x5E,0x1A,0xD6,0x12,0xCE,0x09,0x00,0x00,
    0x32,0xF6,0x2A,0xED,0xA2,0xE5,0x31,0xE0,0x47,0xDD,0x1F,0xDD,0xBD,0xDF,0xEA,0xE4,
    0x3E,0xEC,0x23,0xF5,0xE6,0xFE,0xBE,0x08,0xE5,0x11,0xA0,0x19,0x53,0x1F,0x88,0x22,
    0x00,0x23,0xAF,0x20,0xC7,0x1B,0xAA,0x14,0xE8,0x0B,0x35,0x02,0x55,0xF8,0x11,0xEF,
    0x25,0xE7,0x32,0xE1,0xB1,0xDD,0xEA,0xDC,0xED,0xDE,0x8F,0xE3,0x74,0xEA,0x0F,0xF3,
    0xB2,0xFC,0x96,0x06,0xF5,0x0F,0x10,0x18,0x42,0x1E,0x0D,0x22,0x23,0x23,0x6F,0x21,
    0x13,0x1D,0x68,0x16,0xF6,0x0D,0x67,0x04,0x81,0xFA,0x08,0xF1,0xC1,0xE8,0x52,0xE2,
    0x3E,0xDE,0xD8,0xDC,0x3E,0xDE,0x52,0xE2,0xC1,0xE8,0x08,0xF1,0x81,0xFA,0x67,0x04,
    0xF6,0x0D,0x68,0x16,0x13,0x1D,0x6F,0x21,0x23,0x23,0x0D,0x22,0x42,0x1E,0x10,0x18,
    0xF5,0x0F,0x96,0x06,0xB2,0xFC,0x0F,0xF3,0x74,0xEA,0x8F,0xE3,0xED,0xDE,0xEA,0xDC,
    0xB1,0xDD,0x32,0xE1,0x25,0xE7,0x11,0xEF,0x55,0xF8,0x35,0x02,0xE8,0x0B,0xAA,0x14,
    0xC7,0x1B,0xAF,0x20,0x00,0x23,0x88,0x22,0x53,0x1F,0xA0,0x19,0xE5,0x11,0xBE,0x08,
    0xE6,0xFE,0x23,0xF5,0x3E,0xEC,0xEA,0xE4,0xBD,0xDF,0x1F,0xDD,0x47,0xDD,0x31,0xE0,
    0xA2,0xE5,0x2A,0xED,0x32,0xF6,0x30,0x30,0x64,0x63,0xED,0x05,0x00,0x00,0xFF,0xD8,
    0xFF,0xE0,0x00,0x10,0x4A,0x46,0x49,0x46,0x00,0x01,0x01,0x00,0x00,0x01,0x00,0x01,
    0x00,0x00,0xFF,0xDB,0x00,0x43,0x00,0x06,0x04,0x05,0x06,0x05,0x04,0x06,0x06,0x05,
    0x06,0x07,0x07,0x06,0x08,0x0A,0x10,0x0A,0x0A,0x09,0x09,0x0A,0x14,0x0E,0x0F,0x0C,
    0x10,0x17,0x14,0x18,0x18,0x17,0x14,0x16,0x16,0x1A,0x1D,0x25,0x1F,0x1A,0x1B,0x23,
    0x1C,0x16,0x16,0x20,0x2C,0x20,0x23,0x26,0x27,0x29,0x2A,0x29,0x19,0x1F,0x2D,0x30,
    0x2D,0x28,0x30,0x25,0x28,0x29,0x28,0xFF,0xDB,0x00,0x43,0x01,0x07,0x07,0x07,0x0A,
    0x08,0x0A,0x13,0x0A,0x0A,0x13,0x28,0x1A,0x16,0x1A,0x28,0x28,0x28,0x28,0x28,0x28,
    0x28,0x28,0x28,0x28,0x28,0x28,0x28,0x28,0x28,0x28,0x28,0x28,0x28,0x28,0x28,0x28,
    0x28,0x28,0x28,0x28,0x28,0x28,0x28,0x28,0x28,0x28,0x28,0x28,0x28,0x28,0x28,0x28,
    0x28,0x28,0x28,0x28,0x28,0x28,0x28,0x28,0x28,0x28,0x28,0x28,0xFF,0xC0,0x00,0x11,
    0x08,0x00,0x3C,0x00,0x50,0x03,0x01,0x11,0x00,0x02,0x11,0x01,0x03,0x11,0x01,0xFF,
    0xC4,0x00,0x1F,0x00,0x00,0x01,0x05,0x01,0x01,0x01,0x01,0x01,0x01,0x00,0x00,0x00,
    0x00,0x00,0x00,0x00,0x00,0x01,0x02,0x03,0x04,0x05,0x06,0x07,0x08,0x09,0x0A,0x0B,
    0xFF,0xC4,0x00,0xB5,0x10,0x00,0x02,0x01,0x03,0x03,0x02,0x04,0x03,0x05,0x05,0x04,
    0x04,0x00,0x00,0x01,0x7D,0x01,0x02,0x03,0x00,0x04,0x11,0x05,0x12,0x21,0x31,0x41,
    0x06,0x13,0x51,0x61,0x07,0x22,0x71,0x14,0x32,0x81,0x91,0xA1,0x08,0x23,0x42,0xB1,
    0xC1,0x15,0x52,0xD1,0xF0,0x24,0x33,0x62,0x72,0x82,0x09,0x0A,0x16,0x17,0x18,0x19,
    0x1A,0x25,0x26,0x27,0x28,0x29,0x2A,0x34,0x35,0x36,0x37,0x38,0x39,0x3A,0x43,0x44,
    0x45,0x46,0x47,0x48,0x49,0x4A,0x53,0x54,0x55,0x56,0x57,0x58,0x59,0x5A,0x63,0x64,
    0x65,0x66,0x67,0x68,0x69,0x6A,0x73,0x74,0x75,0x76,0x77,0x78,0x79,0x7A,0x83,0x84,
    0x85,0x86,0x87,0x88,0x89,0x8A,0x92,0x93,0x94,0x95,0x96,0x97,0x98,0x99,0x9A,0xA2,
    0xA3,0xA4,0xA5,0xA6,0xA7,0xA8,0xA9,0xAA,0xB2,0xB3,0xB4,0xB5,0xB6,0xB7,0xB8,0xB9,
    0xBA,0xC2,0xC3,0xC4,0xC5,0xC6,0xC7,0xC8,0xC9,0xCA,0xD2,0xD3,0xD4,0xD5,0xD6,0xD7,
    0xD8,0xD9,0xDA,0xE1,0xE2,0xE3,0xE4,0xE5,0xE6,0xE7,0xE8,0xE9,0xEA,0xF1,0xF2,0xF3,
    0xF4,0xF5,0xF6,0xF7,0xF8,0xF9,0xFA,0xFF,0xC4,0x00,0x1F,0x01,0x00,0x03,0x01,0x01,
    0x01,0x01,0x01,0x01,0x01,0x01,0x01,0x00,0x00,0x00,0x00,0x00,0x00,0x01,0x02,0x03,
    0x04,0x05,0x06,0x07,0x08,0x09,0x0A,0x0B,0xFF,0xC4,0x00,0xB5,0x11,0x00,0x02,0x01,
    0x02,0x04,0x04,0x03,0x04,0x07,0x05,0x04,0x04,0x00,0x01,0x02,0x77,0x00,0x01,0x02,
    0x03,0x11,0x04,0x05,0x21,0x31,0x06,0x12,0x41,0x51,0x07,0x61,0x71,0x13,0x22,0x32,
    0x81,0x08,0x14,0x42,0x91,0xA1,0xB1,0xC1,0x09,0x23,0x33,0x52,0xF0,0x15,0x62,0x72,
    0xD1,0x0A,0x16,0x24,0x34,0xE1,0x25,0xF1,0x17,0x18,0x19,0x1A,0x26,0x27,0x28,0x29,
    0x2A,0x35,0x36,0x37,0x38,0x39,0x3A,0x43,0x44,0x45,0x46,0x47,0x48,0x49,0x4A,0x53,
    0x54,0x55,0x56,0x57,0x58,0x59,0x5A,0x63,0x64,0x65,0x66,0x67,0x68,0x69,0x6A,0x73,
    0x74,0x75,0x76,0x77,0x78,0x79,0x7A,0x82,0x83,0x84,0x85,0x86,0x87,0x88,0x89,0x8A,
    0x92,0x93,0x94,0x95,0x96,0x97,0x98,0x99,0x9A,0xA2,0xA3,0xA4,0xA5,0xA6,0xA7,0xA8,
    0xA9,0xAA,0xB2,0xB3,0xB4,0xB5,0xB6,0xB7,0xB8,0xB9,0xBA,0xC2,0xC3,0xC4,0xC5,0xC6,
    0xC7,0xC8,0xC9,0xCA,0xD2,0xD3,0xD4,0xD5,0xD6,0xD7,0xD8,0xD9,0xDA,0xE2,0xE3,0xE4,
    0xE5,0xE6,0xE7,0xE8,0xE9,0xEA,0xF2,0xF3,0xF4,0xF5,0xF6,0xF7,0xF8,0xF9,0xFA,0xFF,
    0xDA,0x00,0x0C,0x03,0x01,0x00,0x02,0x11,0x03,0x11,0x00,0x3F,0x00,0xF9,0xCA,0x3B,
    0x6F,0x6A,0xFB,0x07,0x33,0x96,0x9D,0x42,0xD4,0x76,0xDE,0xD5,0x93,0x99,0xDD,0x4E,
    0xA1,0x66,0x3B,0x6F,0x6A,0xC9,0xCC,0xEE,0xA7,0x50,0xB5,0x1D,0xB7,0xB5,0x66,0xE6,
    0x77,0x53,0xA8,0x59,0x8E,0xDB,0xDA,0xB2,0x73,0x3B,0x69,0xD4,0x2D,0x47,0x6D,0xED,
    0x59,0x39,0x9D,0xD4,0xEA,0x16,0x63,0xB6,0xF6,0xAC,0xDC,0xCE,0xEA,0x75,0x0B,0x51,
    0xDB,0x7B,0x56,0x4E,0x67,0x6D,0x3A,0x85,0xA8,0xED,0xBD,0xAB,0x37,0x33,0xBA,0x9D,
    0x42,0xCC,0x76,0xDE,0xD5,0x93,0x99,0xDD,0x4E,0xA1,0xC1,0x47,0x6D,0xED,0x5E,0xEB,
    0x99,0xFC,0xE9,0x4E,0xA1,0x6A,0x3B,0x6F,0x6A,0xCD,0xCC,0xEE,0xA7,0x50,0xB3,0x1D,
    0xB7,0xB5,0x64,0xE6,0x77,0x53,0xA8,0x5A,0x8E,0xDB,0xDA,0xB3,0x73,0x3B,0x69,0xD4,
    0x2C,0xC7,0x6D,0xED,0x59,0x39,0x9D,0xD4,0xEA,0x16,0xA3,0xB6,0xF6,0xAC,0x9C,0xCE,
    0xEA,0x75,0x0B,0x51,0xDB,0x7B,0x56,0x6E,0x67,0x6D,0x3A,0x85,0x98,0xED,0xBD,0xAB,
    0x27,0x33,0xBA,0x9D,0x42,0xD4,0x76,0xDE,0xD5,0x93,0x99,0xDD,0x4E,0xA1,0x66,0x3B,
    0x6F,0x6A,0xCD,0xCC,0xEE,0xA7,0x50,0xE0,0xA3,0xB6,0xF6,0xAF,0x75,0xCC,0xFE,0x74,
    0xA7,0x50,0xB5,0x1D,0xB7,0xB5,0x66,0xE6,0x76,0xD3,0xA8,0x59,0x8E,0xDB,0xDA,0xB2,
    0x73,0x3B,0xA9,0xD4,0x2D,0x47,0x6D,0xED,0x59,0x39,0x9D,0xD4,0xEA,0x16,0x63,0xB6,
    0xF6,0xAC,0xDC,0xCE,0xEA,0x75,0x0B,0x51,0xDB,0x7B,0x56,0x4E,0x67,0x6D,0x3A,0x85,
    0xA8,0xED,0xBD,0xAB,0x37,0x33,0xBA,0x9D,0x42,0xCC,0x76,0xDE,0xD5,0x93,0x99,0xDD,
    0x4E,0xA1,0x6A,0x3B,0x6F,0x6A,0xC9,0xCC,0xEE,0xA7,0x50,0xB3,0x1D,0xB7,0xB5,0x66,
    0xE6,0x76,0xD3,0xA8,0x70,0x51,0xDB,0x7B,0x57,0xBA,0xE6,0x7F,0x3A,0x53,0xA8,0x5A,
    0x8E,0xDB,0xDA,0xB3,0x73,0x3B,0xA9,0xD4,0x2C,0xC7,0x6D,0xED,0x59,0x39,0x9D,0xD4,
    0xEA,0x16,0xA3,0xB6,0xF6,0xAC,0x9C,0xCE,0xDA,0x75,0x0B,0x31,0xDB,0x7B,0x56,0x6E,
    0x67,0x75,0x3A,0x85,0xA8,0xED,0xBD,0xAB,0x27,0x33,0xBA,0x9D,0x42,0xD4,0x76,0xDE,
    0xD5,0x93,0x99,0xDD,0x4E,0xA1,0x66,0x3B,0x6F,0x6A,0xCD,0xCC,0xED,0xA7,0x50,0xB5,
    0x1D,0xB7,0xB5,0x64,0xE6,0x77,0x53,0xA8,0x59,0x8E,0xDB,0xDA,0xB2,0x73,0x3B,0xA9,
    0xD4,0x38,0x28,0xED,0xBD,0xAB,0xDE,0x73,0x3F,0x9D,0x29,0xD4,0x34,0xAD,0x34,0xE0,
    0xCA,0x1A,0x42,0x55,0x7B,0x01,0xD4,0xD7,0x3C,0xEB,0xDB,0x44,0x7E,0x89,0xC3,0xDC,
    0x27,0x53,0x1F,0x49,0x62,0x71,0x52,0x70,0x83,0xD9,0x2D,0xDA,0xEF,0xAE,0xCB,0x6B,
    0x68,0xEE,0xBB,0x2B,0x37,0x61,0xAC,0x55,0x79,0x8C,0x93,0xEC,0x6B,0x35,0x55,0xBD,
    0xCF,0x53,0x33,0xE1,0x07,0x87,0xA6,0xEA,0xE0,0xA4,0xE5,0x6D,0xE2,0xF7,0x7D,0xEC,
    0xD5,0xBE,0xEB,0x77,0xB3,0xBD,0x90,0xF8,0xED,0xBD,0xAA,0x5C,0xCF,0x90,0xA7,0x50,
    0xB5,0x1D,0xB7,0xB5,0x66,0xE6,0x77,0x53,0xA8,0x59,0x8E,0xDB,0xDA,0xB2,0x73,0x3B,
    0xA9,0xD4,0x2D,0x47,0x6D,0xED,0x59,0x39,0x9D,0xB4,0xEA,0x16,0x63,0xB6,0xF6,0xAC,
    0xDC,0xCE,0xEA,0x75,0x0B,0x51,0xDB,0x7B,0x56,0x4E,0x67,0x75,0x3A,0x85,0x98,0xED,
    0xBD,0xAB,0x27,0x33,0xBA,0x9D,0x43,0x82,0x8E,0xDB,0xDA,0xBD,0xE7,0x33,0xF9,0xD2,
    0x9D,0x42,0xF0,0x18,0x18,0x1D,0x2B,0x13,0xFA,0x8F,0x09,0x3A,0x35,0x28,0x42,0x78,
    0x7F,0x81,0xA4,0xE3,0x65,0x65,0x6B,0x69,0x65,0xD3,0x4E,0x82,0xD0,0x74,0x17,0x61,
    0xB7,0x38,0x19,0x1C,0xD7,0x3C,0xA6,0x7E,0x0F,0x8B,0xAF,0x4A,0x78,0xAA,0x92,0xA1,
    0xF0,0x39,0x3B,0x5B,0x4D,0x2E,0xED,0xA7,0x4D,0x3A,0x16,0xE3,0xB6,0xF6,0xAC,0x9C,
    0xCD,0x29,0xD4,0x2C,0xC7,0x6D,0xED,0x59,0xB9,0x9D,0xB4,0xEA,0x16,0xA3,0xB6,0xF6,
    0xAC,0x9C,0xCE,0xEA,0x75,0x0B,0x31,0xDB,0x7B,0x56,0x6E,0x67,0x75,0x3A,0x85,0xA8,
    0xED,0xBD,0xAB,0x27,0x33,0xBA,0x9D,0x42,0xCC,0x76,0xDE,0xD5,0x93,0x99,0xDB,0x4E,
    0xA1,0xC1,0x47,0x6D,0xED,0x5E,0xF3,0x99,0xFC,0xE9,0x4E,0xA1,0x31,0xB2,0xDE,0x38,
    0x24,0x1F,0x5A,0x8F,0x6B,0x63,0xEE,0xB8,0x73,0x8C,0xB1,0x59,0x34,0x3D,0x83,0x5E,
    0xD2,0x96,0xF6,0x6E,0xCD,0x7F,0x85,0xEB,0x6B,0xBD,0x5A,0xB3,0x5D,0xAC,0xDB,0x64,
    0xF6,0xDA,0x70,0x46,0x0C,0xC7,0x71,0x1D,0x38,0xE2,0xA2,0x75,0xEF,0xA2,0x3D,0x5C,
    0xDF,0x8E,0x31,0x39,0x9D,0x27,0x42,0x94,0x3D,0x9C,0x1E,0xFA,0xDD,0xBE,0xEA,0xFA,
    0x68,0xF4,0xBA,0xB5,0xFC,0xEC,0xDA,0x34,0x23,0xB6,0xF6,0xAE,0x77,0x33,0xE6,0xA9,
    0xD4,0x2D,0x47,0x6D,0xED,0x59,0x39,0x9D,0xB4,0xEA,0x16,0x63,0xB6,0xF6,0xAC,0xDC,
    0xCE,0xEA,0x75,0x0B,0x51,0xDB,0x7B,0x56,0x4E,0x67,0x75,0x3A,0x85,0x98,0xED,0xBD,
    0xAB,0x27,0x33,0xB6,0x9D,0x42,0xD4,0x76,0xDE,0xD5,0x9B,0x99,0xDD,0x4E,0xA1,0x66,
    0x3B,0x6F,0x6A,0xC9,0xCC,0xEE,0xA7,0x50,0xF3,0xE8,0xD1,0x7D,0x2B,0xE8,0x1B,0x67,
    0xF3,0xB5,0x39,0x32,0xD4,0x68,0xBE,0x95,0x93,0x6C,0xEE,0xA7,0x26,0x5A,0x8D,0x17,
    0xD2,0xB2,0x6D,0x9D,0xD4,0xE4,0xCB,0x31,0xA2,0xFA,0x56,0x6D,0xB3,0xBA,0x9C,0x99,
    0x6A,0x34,0x5F,0x4A,0xC9,0xB6,0x76,0xD3,0x93,0x2C,0xC6,0x8B,0xE9,0x59,0xB6,0xCE,
    0xEA,0x72,0x65,0xA8,0xD1,0x7D,0x2B,0x26,0xD9,0xDD,0x4E,0x4C,0xB3,0x1A,0x2F,0xA5,
    0x64,0xDB,0x3B,0x69,0xC9,0x96,0xA3,0x45,0xF4,0xAC,0x9B,0x67,0x75,0x39,0x32,0xD4,
    0x68,0xBE,0x95,0x9B,0x6C,0xEE,0xA7,0x26,0x7F,0xFF,0xD9,0x00,0x30,0x31,0x77,0x62,
    0xD0,0x07,0x00,0x00,0x00,0x00,0x99,0x0A,0x37,0x14,0xF2,0x1B,0x13,0x21,0x21,0x23,
    0xE9,0x21,0x88,0x1D,0x68,0x16,0x32,0x0D,0xC2,0x02,0x10,0xF8,0x1B,0xEE,0xD0,0xE5,
    0xF6,0xDF,0x17,0xDD,0x78,0xDD,0x10,0xE1,0x89,0xE7,0x4A,0xF0,0x81,0xFA,0x3A,0x05,
    0x77,0x0F,0x44,0x18,0xCE,0x1E,0x7B,0x22,0xF1,0x22,0x27,0x20,0x5E,0x1A,0x22,0x12,
    0x35,0x08,0x85,0xFD,0x0F,0xF3,0xCE,0xE9,0x9E,0xE2,0x2A,0xDE,0xDD,0xDC,0xD5,0xDE,
    0xE3,0xE3,0x90,0xEB,0x23,0xF5,0xBA,0xFF,0x56,0x0A,0xFD,0x13,0xC7,0x1B,0xFB,0x20,
    0x1E,0x23,0xFB,0x21,0xAE,0x1D,0x9F,0x16,0x74,0x0D,0x08,0x03,0x55,0xF8,0x58,0xEE,
    0x00,0xE6,0x13,0xE0,0x1F,0xDD,0x6B,0xDD,0xEF,0xE0,0x57,0xE7,0x0B,0xF0,0x3B,0xFA,
    0xF4,0x04,0x37,0x0F,0x10,0x18,0xAC,0x1E,0x6D,0x22,0xF9,0x22,0x43,0x20,0x8D,0x1A,
    0x5E,0x12,0x79,0x08,0xCB,0xFD,0x51,0xF3,0x05,0xEA,0xC5,0xE2,0x3E,0xDE,0xDB,0xDC,
    0xBE,0xDE,0xB9,0xE3,0x56,0xEB,0xE0,0xF4,0x73,0xFF,0x12,0x0A,0xC2,0x13,0x9B,0x1B,
    0xE2,0x20,0x1A,0x23,0x0D,0x22,0xD4,0x1D,0xD5,0x16,0xB5,0x0D,0x4E,0x03,0x9A,0xF8,
    0x95,0xEE,0x30,0xE6,0x31,0xE0,0x29,0xDD,0x5F,0xDD,0xCE,0xE0,0x25,0xE7,0xCC,0xEF,
    0xF5,0xF9,0xAE,0x04,0xF8,0x0E,0xDD,0x17,0x89,0x1E,0x5E,0x22,0x00,0x23,0x5F,0x20,
    0xBB,0x1A,0x9A,0x12,0xBE,0x08,0x12,0xFE,0x93,0xF3,0x3D,0xEA,0xED,0xE2,0x52,0xDE,
    0xDA,0xDC,0xA7,0xDE,0x8F,0xE3,0x1D,0xEB,0x9D,0xF4,0x2C,0xFF,0xCE,0x09,0x88,0x13,
    0x6F,0x1B,0xC9,0x20,0x16,0x23,0x1E,0x22,0xF9,0x1D,0x0A,0x17,0xF6,0x0D,0x95,0x03,
    0xDF,0xF8,0xD3,0xEE,0x60,0xE6,0x4F,0xE0,0x32,0xDD,0x53,0xDD,0xAD,0xE0,0xF3,0xE6,
    0x8D,0xEF,0xB0,0xF9,0x67,0x04,0xB7,0x0E,0xA9,0x17,0x66,0x1E,0x4F,0x22,0x06,0x23,
    0x7A,0x20,0xE9,0x1A,0xD6,0x12,0x02,0x09,0x59,0xFE,0xD5,0xF3,0x74,0xEA,0x15,0xE3,
    0x66,0xDE,0xD9,0xDC,0x91,0xDE,0x66,0xE3,0xE5,0xEA,0x5A,0xF4,0xE6,0xFE,0x8A,0x09,
    0x4D,0x13,0x43,0x1B,0xAF,0x20,0x11,0x23,0x2F,0x22,0x1E,0x1E,0x3F,0x17,0x37,0x0E,
    0xDB,0x03,0x25,0xF9,0x11,0xEF,0x90,0xE6,0x6E,0xE0,0x3D,0xDD,0x47,0xDD,0x8E,0xE0,
    0xC1,0xE6,0x4F,0xEF,0x6A,0xF9,0x21,0x04,0x77,0x0E,0x74,0x17,0x42,0x1E,0x3F,0x22,
    0x0C,0x23,0x95,0x20,0x16,0x1B,0x11,0x13,0x46,0x09,0x9F,0xFE,0x18,0xF4,0xAC,0xEA,
    0x3D,0xE3,0x7B,0xDE,0xD8,0xDC,0x7B,0xDE,0x3D,0xE3,0xAC,0xEA,0x18,0xF4,0x9F,0xFE,
    0x46,0x09,0x11,0x13,0x16,0x1B,0x95,0x20,0x0C,0x23,0x3F,0x22,0x42,0x1E,0x74,0x17,
    0x77,0x0E,0x21,0x04,0x6A,0xF9,0x4F,0xEF,0xC1,0xE6,0x8E,0xE0,0x47,0xDD,0x3D,0xDD,
    0x6E,0xE0,0x90,0xE6,0x11,0xEF,0x25,0xF9,0xDB,0x03,0x37,0x0E,0x3F,0x17,0x1E,0x1E,
    0x2F,0x22,0x11,0x23,0xAF,0x20,0x43,0x1B,0x4D,0x13,0x8A,0x09,0xE6,0xFE,0x5A,0xF4,
    0xE5,0xEA,0x66,0xE3,0x91,0xDE,0xD9,0xDC,0x66,0xDE,0x15,0xE3,0x74,0xEA,0xD5,0xF3,
    0x59,0xFE,0x02,0x09,0xD6,0x12,0xE9,0x1A,0x7A,0x20,0x06,0x23,0x4F,0x22,0x66,0x1E,
    0xA9,0x17,0xB7,0x0E,0x67,0x04,0xB0,0xF9,0x8D,0xEF,0xF3,0xE6,0xAD,0xE0,0x53,0xDD,
    0x32,0xDD,0x4F,0xE0,0x60,0xE6,0xD3,0xEE,0xDF,0xF8,0x95,0x03,0xF6,0x0D,0x0A,0x17,
    0xF9,0x1D,0x1E,0x22,0x16,0x23,0xC9,0x20,0x6F,0x1B,0x88,0x13,0xCE,0x09,0x2C,0xFF,
    0x9D,0xF4,0x1D,0xEB,0x8F,0xE3,0xA7,0xDE,0xDA,0xDC,0x52,0xDE,0xED,0xE2,0x3D,0xEA,
    0x93,0xF3,0x12,0xFE,0xBE,0x08,0x9A,0x12,0xBB,0x1A,0x5F,0x20,0x00,0x23,0x5E,0x22,
    0x89,0x1E,0xDD,0x17,0xF8,0x0E,0xAE,0x04,0xF5,0xF9,0xCC,0xEF,0x25,0xE7,0xCE,0xE0,
    0x5F,0xDD,0x29,0xDD,0x31,0xE0,0x30,0xE6,0x95,0xEE,0x9A,0xF8,0x4E,0x03,0xB5,0x0D,
    0xD5,0x16,0xD4,0x1D,0x0D,0x22,0x1A,0x23,0xE2,0x20,0x9B,0x1B,0xC2,0x13,0x12,0x0A,
    0x73,0xFF,0xE0,0xF4,0x56,0xEB,0xB9,0xE3,0xBE,0xDE,0xDB,0xDC,0x3E,0xDE,0xC5,0xE2,
    0x05,0xEA,0x51,0xF3,0xCB,0xFD,0x79,0x08,0x5E,0x12,0x8D,0x1A,0x43,0x20,0xF9,0x22,
    0x6D,0x22,0xAC,0x1E,0x10,0x18,0x37,0x0F,0xF4,0x04,0x3B,0xFA,0x0B,0xF0,0x57,0xE7,
    0xEF,0xE0,0x6B,0xDD,0x1F,0xDD,0x13,0xE0,0x00,0xE6,0x58,0xEE,0x55,0xF8,0x08,0x03,
    0x74,0x0D,0x9F,0x16,0xAE,0x1D,0xFB,0x21,0x1E,0x23,0xFB,0x20,0xC7,0x1B,0xFD,0x13,
    0x56,0x0A,0xBA,0xFF,0x23,0xF5,0x90,0xEB,0xE3,0xE3,0xD5,0xDE,0xDD,0xDC,0x2A,0xDE,
    0x9E,0xE2,0xCE,0xE9,0x0F,0xF3,0x85,0xFD,0x35,0x08,0x22,0x12,0x5E,0x1A,0x27,0x20,
    0xF1,0x22,0x7B,0x22,0xCE,0x1E,0x44,0x18,0x77,0x0F,0x3A,0x05,0x81,0xFA,0x4A,0xF0,
    0x89,0xE7,0x10,0xE1,0x78,0xDD,0x17,0xDD,0xF6,0xDF,0xD0,0xE5,0x1B,0xEE,0x10,0xF8,
    0xC2,0x02,0x32,0x0D,0x68,0x16,0x88,0x1D,0xE9,0x21,0x21,0x23,0x13,0x21,0xF2,0x1B,
    0x37,0x14,0x99,0x0A,0x00,0x00,0x67,0xF5,0xC9,0xEB,0x0E,0xE4,0xED,0xDE,0xDF,0xDC,
    0x17,0xDE,0x78,0xE2,0x98,0xE9,0xCE,0xF2,0x3E,0xFD,0xF0,0x07,0xE5,0x11,0x30,0x1A,
    0x0A,0x20,0xE9,0x22,0x88,0x22,0xF0,0x1E,0x77,0x18,0xB6,0x0F,0x7F,0x05,0xC6,0xFA,
    0x89,0xF0,0xBC,0xE7,0x32,0xE1,0x85,0xDD,0x0F,0xDD,0xD9,0xDF,0xA2,0xE5,0xDE,0xED,
    0xCB,0xF7,0x7B,0x02,0xF1,0x0C,0x32,0x16,0x62,0x1D,0xD6,0x21,0x23,0x23,0x2B,0x21,
    0x1D,0x1C,0x70,0x14,0xDD,0x0A,0x46,0x00,0xAA,0xF5,0x03,0xEC,0x39,0xE4,0x05,0xDF,
    0xE2,0xDC,0x05,0xDE,0x52,0xE2,0x61,0xE9,0x8C,0xF2,0xF8,0xFC,0xAB,0x07,0xA8,0x11,
    0x00,0x1A,0xED,0x1F,0xE1,0x22,0x95,0x22,0x11,0x1F,0xA9,0x18,0xF5,0x0F,0xC5,0x05,
    0x0C,0xFB,0xC9,0xF0,0xF0,0xE7,0x54,0xE1,0x93,0xDD,0x07,0xDD,0xBD,0xDF,0x73,0xE5,
    0xA2,0xED,0x87,0xF7,0x35,0x02,0xAF,0x0C,0xFB,0x15,0x3B,0x1D,0xC2,0x21,0x25,0x23,
    0x42,0x21,0x47,0x1C,0xAA,0x14,0x20,0x0B,0x8D,0x00,0xEE,0xF5,0x3E,0xEC,0x65,0xE4,
    0x1E,0xDF,0xE6,0xDC,0xF3,0xDD,0x2C,0xE2,0x2B,0xE9,0x4B,0xF2,0xB2,0xFC,0x66,0x07,
    0x6B,0x11,0xD0,0x19,0xCF,0x1F,0xD7,0x22,0xA1,0x22,0x32,0x1F,0xDB,0x18,0x34,0x10,
    0x0B,0x06,0x52,0xFB,0x08,0xF1,0x23,0xE8,0x77,0xE1,0xA2,0xDD,0x00,0xDD,0xA1,0xDF,
    0x45,0xE5,0x66,0xED,0x42,0xF7,0xEE,0x01,0x6D,0x0C,0xC3,0x15,0x13,0x1D,0xAE,0x21,
    0x26,0x23,0x59,0x21,0x71,0x1C,0xE3,0x14,0x63,0x0B,0xD4,0x00,0x32,0xF6,0x78,0xEC,
    0x91,0xE4,0x37,0xDF,0xEA,0xDC,0xE2,0xDD,0x07,0xE2,0xF6,0xE8,0x0A,0xF2,0x6B,0xFC,
    0x21,0x07,0x2D,0x11,0xA0,0x19,0xB1,0x1F,0xCE,0x22,0xAD,0x22,0x53,0x1F,0x0D,0x19,
    0x73,0x10,0x50,0x06,0x99,0xFB,0x49,0xF1,0x57,0xE8,0x9A,0xE1,0xB1,0xDD,0xFA,0xDC,
    0x86,0xDF,0x17,0xE5,0x2A,0xED,0xFE,0xF6,0xA7,0x01,0x2B,0x0C,0x8C,0x15,0xEB,0x1C,
    0x9A,0x21,0x27,0x23,0x6F,0x21,0x9A,0x1C,0x1B,0x15,0xA6,0x0B,0x1A,0x01,0x76,0xF6,
    0xB3,0xEC,0xBD,0xE4,0x51,0xDF,0xEF,0xDC,0xD1,0xDD,0xE2,0xE1,0xC1,0xE8,0xC9,0xF1,
    0x25,0xFC,0xDB,0x06,0xEF,0x10,0x70,0x19,0x92,0x1F,0xC3,0x22,0xB9,0x22,0x72,0x1F,
    0x3F,0x19,0xB1,0x10,0x96,0x06,0xDF,0xFB,0x89,0xF1,0x8C,0xE8,0xBE,0xE1,0xC1,0xDD,
    0xF4,0xDC,0x6B,0xDF,0xEA,0xE4,0xEF,0xEC,0xBA,0xF6,0x61,0x01,0xE8,0x0B,0x54,0x15,
    0xC3,0x1C,0x85,0x21,0x28,0x23,0x85,0x21,0xC3,0x1C,0x54,0x15,0xE8,0x0B,0x61,0x01,
    0xBA,0xF6,0xEF,0xEC,0xEA,0xE4,0x6B,0xDF,0xF4,0xDC,0xC1,0xDD,0xBE,0xE1,0x8C,0xE8,
    0x89,0xF1,0xDF,0xFB,0x96,0x06,0xB1,0x10,0x3F,0x19,0x72,0x1F,0xB9,0x22,0xC3,0x22,
    0x92,0x1F,0x70,0x19,0xEF,0x10,0xDB,0x06,0x25,0xFC,0xC9,0xF1,0xC1,0xE8,0xE2,0xE1,
    0xD1,0xDD,0xEF,0xDC,0x51,0xDF,0xBD,0xE4,0xB3,0xEC,0x76,0xF6,0x1A,0x01,0xA6,0x0B,
    0x1B,0x15,0x9A,0x1C,0x6F,0x21,0x27,0x23,0x9A,0x21,0xEB,0x1C,0x8C,0x15,0x2B,0x0C,
    0xA7,0x01,0xFE,0xF6,0x2A,0xED,0x17,0xE5,0x86,0xDF,0xFA,0xDC,0xB1,0xDD,0x9A,0xE1,
    0x57,0xE8,0x49,0xF1,0x99,0xFB,0x50,0x06,0x73,0x10,0x0D,0x19,0x53,0x1F,0xAD,0x22,
    0xCE,0x22,0xB1,0x1F,0xA0,0x19,0x2D,0x11,0x21,0x07,0x6B,0xFC,0x0A,0xF2,0xF6,0xE8,
    0x07,0xE2,0xE2,0xDD,0xEA,0xDC,0x37,0xDF,0x91,0xE4,0x78,0xEC,0x32,0xF6,0xD4,0x00,
    0x63,0x0B,0xE3,0x14,0x71,0x1C,0x59,0x21,0x26,0x23,0xAE,0x21,0x13,0x1D,0xC3,0x15,
    0x6D,0x0C,0xEE,0x01,0x42,0xF7,0x66,0xED,0x45,0xE5,0xA1,0xDF,0x00,0xDD,0xA2,0xDD,
    0x77,0xE1,0x23,0xE8,0x08,0xF1,0x52,0xFB,0x0B,0x06,0x34,0x10,0xDB,0x18,0x32,0x1F,
    0xA1,0x22,0xD7,0x22,0xCF,0x1F,0xD0,0x19,0x6B,0x11,0x66,0x07,0xB2,0xFC,0x4B,0xF2,
    0x2B,0xE9,0x2C,0xE2,0xF3,0xDD,0xE6,0xDC,0x1E,0xDF,0x65,0xE4,0x3E,0xEC,0xEE,0xF5,
    0x8D,0x00,0x20,0x0B,0xAA,0x14,0x47,0x1C,0x42,0x21,0x25,0x23,0xC2,0x21,0x3B,0x1D,
    0xFB,0x15,0xAF,0x0C,0x35,0x02,0x87,0xF7,0xA2,0xED,0x73,0xE5,0xBD,0xDF,0x07,0xDD,
    0x93,0xDD,0x54,0xE1,0xF0,0xE7,0xC9,0xF0,0x0C,0xFB,0xC5,0x05,0xF5,0x0F,0xA9,0x18,
    0x11,0x1F,0x95,0x22,0xE1,0x22,0xED,0x1F,0x00,0x1A,0xA8,0x11,0xAB,0x07,0xF8,0xFC,
    0x8C,0xF2,0x61,0xE9,0x52,0xE2,0x05,0xDE,0xE2,0xDC,0x05,0xDF,0x39,0xE4,0x03,0xEC,
    0xAA,0xF5,0x46,0x00,0xDD,0x0A,0x70,0x14,0x1D,0x1C,0x2B,0x21,0x23,0x23,0xD6,0x21,
    0x62,0x1D,0x32,0x16,0xF1,0x0C,0x7B,0x02,0xCB,0xF7,0xDE,0xED,0xA2,0xE5,0xD9,0xDF,
    0x0F,0xDD,0x85,0xDD,0x32,0xE1,0xBC,0xE7,0x89,0xF0,0xC6,0xFA,0x7F,0x05,0xB6,0x0F,
    0x77,0x18,0xF0,0x1E,0x88,0x22,0xE9,0x22,0x0A,0x20,0x30,0x1A,0xE5,0x11,0xF0,0x07,
    0x3E,0xFD,0xCE,0xF2,0x98,0xE9,0x78,0xE2,0x17,0xDE,0xDF,0xDC,0xED,0xDE,0x0E,0xE4,
    0xC9,0xEB,0x67,0xF5,0x00,0x00,0x99,0x0A,0x37,0x14,0xF2,0x1B,0x13,0x21,0x21,0x23,
    0xE9,0x21,0x88,0x1D,0x68,0x16,0x32,0x0D,0xC2,0x02,0x10,0xF8,0x1B,0xEE,0xD0,0xE5,
    0xF6,0xDF,0x17,0xDD,0x78,0xDD,0x10,0xE1,0x89,0xE7,0x4A,0xF0,0x81,0xFA,0x3A,0x05,
    0x77,0x0F,0x44,0x18,0xCE,0x1E,0x7B,0x22,0xF1,0x22,0x27,0x20,0x5E,0x1A,0x22,0x12,
    0x35,0x08,0x85,0xFD,0x0F,0xF3,0xCE,0xE9,0x9E,0xE2,0x2A,0xDE,0xDD,0xDC,0xD5,0xDE,
    0xE3,0xE3,0x90,0xEB,0x23,0xF5,0xBA,0xFF,0x56,0x0A,0xFD,0x13,0xC7,0x1B,0xFB,0x20,
    0x1E,0x23,0xFB,0x21,0xAE,0x1D,0x9F,0x16,0x74,0x0D,0x08,0x03,0x55,0xF8,0x58,0xEE,
    0x00,0xE6,0x13,0xE0,0x1F,0xDD,0x6B,0xDD,0xEF,0xE0,0x57,0xE7,0x0B,0xF0,0x3B,0xFA,
    0xF4,0x04,0x37,0x0F,0x10,0x18,0xAC,0x1E,0x6D,0x22,0xF9,0x22,0x43,0x20,0x8D,0x1A,
    0x5E,0x12,0x79,0x08,0xCB,0xFD,0x51,0xF3,0x05,0xEA,0xC5,0xE2,0x3E,0xDE,0xDB,0xDC,
    0xBE,0xDE,0xB9,0xE3,0x56,0xEB,0xE0,0xF4,0x73,0xFF,0x12,0x0A,0xC2,0x13,0x9B,0x1B,
    0xE2,0x20,0x1A,0x23,0x0D,0x22,0xD4,0x1D,0xD5,0x16,0xB5,0x0D,0x4E,0x03,0x9A,0xF8,
    0x95,0xEE,0x30,0xE6,0x31,0xE0,0x29,0xDD,0x5F,0xDD,0xCE,0xE0,0x25,0xE7,0xCC,0xEF,
    0xF5,0xF9,0xAE,0x04,0xF8,0x0E,0xDD,0x17,0x89,0x1E,0x5E,0x22,0x00,0x23,0x5F,0x20,
    0xBB,0x1A,0x9A,0x12,0xBE,0x08,0x12,0xFE,0x93,0xF3,0x3D,0xEA,0xED,0xE2,0x52,0xDE,
    0xDA,0xDC,0xA7,0xDE,0x8F,0xE3,0x1D,0xEB,0x9D,0xF4,0x2C,0xFF,0xCE,0x09,0x88,0x13,
    0x6F,0x1B,0xC9,0x20,0x16,0x23,0x1E,0x22,0xF9,0x1D,0x0A,0x17,0xF6,0x0D,0x95,0x03,
    0xDF,0xF8,0xD3,0xEE,0x60,0xE6,0x4F,0xE0,0x32,0xDD,0x53,0xDD,0xAD,0xE0,0xF3,0xE6,
    0x8D,0xEF,0xB0,0xF9,0x67,0x04,0xB7,0x0E,0xA9,0x17,0x66,0x1E,0x4F,0x22,0x06,0x23,
    0x7A,0x20,0xE9,0x1A,0xD6,0x12,0x02,0x09,0x59,0xFE,0xD5,0xF3,0x74,0xEA,0x15,0xE3,
    0x66,0xDE,0xD9,0xDC,0x91,0xDE,0x66,0xE3,0xE5,0xEA,0x5A,0xF4,0xE6,0xFE,0x8A,0x09,
    0x4D,0x13,0x43,0x1B,0xAF,0x20,0x11,0x23,0x2F,0x22,0x1E,0x1E,0x3F,0x17,0x37,0x0E,
    0xDB,0x03,0x25,0xF9,0x11,0xEF,0x90,0xE6,0x6E,0xE0,0x3D,0xDD,0x47,0xDD,0x8E,0xE0,
    0xC1,0xE6,0x4F,0xEF,0x6A,0xF9,0x21,0x04,0x77,0x0E,0x74,0x17,0x42,0x1E,0x3F,0x22,
    0x0C,0x23,0x95,0x20,0x16,0x1B,0x11,0x13,0x46,0x09,0x9F,0xFE,0x18,0xF4,0xAC,0xEA,
    0x3D,0xE3,0x7B,0xDE,0x30,0x30,0x64,0x63,0xEC,0x05,0x00,0x00,0xFF,0xD8,0xFF,0xE0,
    0x00,0x10,0x4A,0x46,0x49,0x46,0x00,0x01,0x01,0x00,0x00,0x01,0x00,0x01,0x00,0x00,
    0xFF,0xDB,0x00,0x43,0x00,0x06,0x04,0x05,0x06,0x05,0x04,0x06,0x06,0x05,0x06,0x07,
    0x07,0x06,0x08,0x0A,0x10,0x0A,0x0A,0x09,0x09,0x0A,0x14,0x0E,0x0F,0x0C,0x10,0x17,
    0x14,0x18,0x18,0x17,0x14,0x16,0x16,0x1A,0x1D,0x25,0x1F,0x1A,0x1B,0x23,0x1C,0x16,
    0x16,0x20,0x2C,0x20,0x23,0x26,0x27,0x29,0x2A,0x29,0x19,0x1F,0x2D,0x30,0x2D,0x28,
    0x30,0x25,0x28,0x29,0x28,0xFF,0xDB,0x00,0x43,0x01,0x07,0x07,0x07,0x0A,0x08,0x0A,
    0x13,0x0A,0x0A,0x13,0x28,0x1A,0x16,0x1A,0x28,0x28,0x28,0x28,0x28,0x28,0x28,0x28,
    0x28,0x28,0x28,0x28,0x28,0x28,0x28,0x28,0x28,0x28,0x28,0x28,0x28,0x28,0x28,0x28,
    0x28,0x28,0x28,0x28,0x28,0x28,0x28,0x28,0x28,0x28,0x28,0x28,0x28,0x28,0x28,0x28,
    0x28,0x28,0x28,0x28,0x28,0x28,0x28,0x28,0x28,0x28,0xFF,0xC0,0x00,0x11,0x08,0x00,
    0x3C,0x00,0x50,0x03,0x01,0x11,0x00,0x02,0x11,0x01,0x03,0x11,0x01,0xFF,0xC4,0x00,
    0x1F,0x00,0x00,0x01,0x05,0x01,0x01,0x01,0x01,0x01,0x01,0x00,0x00,0x00,0x00,0x00,
    0x00,0x00,0x00,0x01,0x02,0x03,0x04,0x05,0x06,0x07,0x08,0x09,0x0A,0x0B,0xFF,0xC4,
    0x00,0xB5,0x10,0x00,0x02,0x01,0x03,0x03,0x02,0x04,0x03,0x05,0x05,0x04,0x04,0x00,
    0x00,0x01,0x7D,0x01,0x02,0x03,0x00,0x04,0x11,0x05,0x12,0x21,0x31,0x41,0x06,0x13,
    0x51,0x61,0x07,0x22,0x71,0x14,0x32,0x81,0x91,0xA1,0x08,0x23,0x42,0xB1,0xC1,0x15,
    0x52,0xD1,0xF0,0x24,0x33,0x62,0x72,0x82,0x09,0x0A,0x16,0x17,0x18,0x19,0x1A,0x25,
    0x26,0x27,0x28,0x29,0x2A,0x34,0x35,0x36,0x37,0x38,0x39,0x3A,0x43,0x44,0x45,0x46,
    0x47,0x48,0x49,0x4A,0x53,0x54,0x55,0x56,0x57,0x58,0x59,0x5A,0x63,0x64,0x65,0x66,
    0x67,0x68,0x69,0x6A,0x73,0x74,0x75,0x76,0x77,0x78,0x79,0x7A,0x83,0x84,0x85,0x86,
    0x87,0x88,0x89,0x8A,0x92,0x93,0x94,0x95,0x96,0x97,0x98,0x99,0x9A,0xA2,0xA3,0xA4,
    0xA5,0xA6,0xA7,0xA8,0xA9,0xAA,0xB2,0xB3,0xB4,0xB5,0xB6,0xB7,0xB8,0xB9,0xBA,0xC2,
    0xC3,0xC4,0xC5,0xC6,0xC7,0xC8,0xC9,0xCA,0xD2,0xD3,0xD4,0xD5,0xD6,0xD7,0xD8,0xD9,
    0xDA,0xE1,0xE2,0xE3,0xE4,0xE5,0xE6,0xE7,0xE8,0xE9,0xEA,0xF1,0xF2,0xF3,0xF4,0xF5,
    0xF6,0xF7,0xF8,0xF9,0xFA,0xFF,0xC4,0x00,0x1F,0x01,0x00,0x03,0x01,0x01,0x01,0x01,
    0x01,0x01,0x01,0x01,0x01,0x00,0x00,0x00,0x00,0x00,0x00,0x01,0x02,0x03,0x04,0x05,
    0x06,0x07,0x08,0x09,0x0A,0x0B,0xFF,0xC4,0x00,0xB5,0x11,0x00,0x02,0x01,0x02,0x04,
    0x04,0x03,0x04,0x07,0x05,0x04,0x04,0x00,0x01,0x02,0x77,0x00,0x01,0x02,0x03,0x11,
    0x04,0x05,0x21,0x31,0x06,0x12,0x41,0x51,0x07,0x61,0x71,0x13,0x22,0x32,0x81,0x08,
    0x14,0x42,0x91,0xA1,0xB1,0xC1,0x09,0x23,0x33,0x52,0xF0,0x15,0x62,0x72,0xD1,0x0A,
    0x16,0x24,0x34,0xE1,0x25,0xF1,0x17,0x18,0x19,0x1A,0x26,0x27,0x28,0x29,0x2A,0x35,
    0x36,0x37,0x38,0x39,0x3A,0x43,0x44,0x45,0x46,0x47,0x48,0x49,0x4A,0x53,0x54,0x55,
    0x56,0x57,0x58,0x59,0x5A,0x63,0x64,0x65,0x66,0x67,0x68,0x69,0x6A,0x73,0x74,0x75,
    0x76,0x77,0x78,0x79,0x7A,0x82,0x83,0x84,0x85,0x86,0x87,0x88,0x89,0x8A,0x92,0x93,
    0x94,0x95,0x96,0x97,0x98,0x99,0x9A,0xA2,0xA3,0xA4,0xA5,0xA6,0xA7,0xA8,0xA9,0xAA,
    0xB2,0xB3,0xB4,0xB5,0xB6,0xB7,0xB8,0xB9,0xBA,0xC2,0xC3,0xC4,0xC5,0xC6,0xC7,0xC8,
    0xC9,0xCA,0xD2,0xD3,0xD4,0xD5,0xD6,0xD7,0xD8,0xD9,0xDA,0xE2,0xE3,0xE4,0xE5,0xE6,
    0xE7,0xE8,0xE9,0xEA,0xF2,0xF3,0xF4,0xF5,0xF6,0xF7,0xF8,0xF9,0xFA,0xFF,0xDA,0x00,
    0x0C,0x03,0x01,0x00,0x02,0x11,0x03,0x11,0x00,0x3F,0x00,0xF9,0xCA,0x3B,0x6F,0x6A,
    0xFB,0x07,0x33,0x96,0x9D,0x42,0xD4,0x76,0xDE,0xD5,0x93,0x99,0xDD,0x4E,0xA1,0x66,
    0x3B,0x6F,0x6A,0xC9,0xCC,0xEE,0xA7,0x50,0xB5,0x1D,0xB7,0xB5,0x66,0xE6,0x77,0x53,
    0xA8,0x59,0x8E,0xDB,0xDA,0xB2,0x73,0x3B,0x69,0xD4,0x2D,0x47,0x6D,0xED,0x59,0x39,
    0x9D,0xD4,0xEA,0x16,0x63,0xB6,0xF6,0xAC,0xDC,0xCE,0xEA,0x75,0x0B,0x51,0xDB,0x7B,
    0x56,0x4E,0x67,0x6D,0x3A,0x85,0xA8,0xED,0xBD,0xAB,0x37,0x33,0xBA,0x9D,0x42,0xCC,
    0x76,0xDE,0xD5,0x93,0x99,0xDD,0x4E,0xA1,0xC1,0x47,0x6D,0xED,0x5E,0xEB,0x99,0xFC,
    0xE9,0x4E,0xA1,0x6A,0x3B,0x6F,0x6A,0xCD,0xCC,0xEE,0xA7,0x50,0xB3,0x1D,0xB7,0xB5,
    0x64,0xE6,0x77,0x53,0xA8,0x5A,0x8E,0xDB,0xDA,0xB3,0x73,0x3B,0x69,0xD4,0x2C,0xC7,
    0x6D,0xED,0x59,0x39,0x9D,0xD4,0xEA,0x16,0xA3,0xB6,0xF6,0xAC,0x9C,0xCE,0xEA,0x75,
    0x0B,0x51,0xDB,0x7B,0x56,0x6E,0x67,0x6D,0x3A,0x85,0x98,0xED,0xBD,0xAB,0x27,0x33,
    0xBA,0x9D,0x42,0xD4,0x76,0xDE,0xD5,0x93,0x99,0xDD,0x4E,0xA1,0x66,0x3B,0x6F,0x6A,
    0xCD,0xCC,0xEE,0xA7,0x50,0xE0,0xA3,0xB6,0xF6,0xAF,0x75,0xCC,0xFE,0x74,0xA7,0x50,
    0xB5,0x1D,0xB7,0xB5,0x66,0xE6,0x76,0xD3,0xA8,0x59,0x8E,0xDB,0xDA,0xB2,0x73,0x3B,
    0xA9,0xD4,0x2D,0x47,0x6D,0xED,0x59,0x39,0x9D,0xD4,0xEA,0x16,0x63,0xB6,0xF6,0xAC,
    0xDC,0xCE,0xEA,0x75,0x0B,0x51,0xDB,0x7B,0x56,0x4E,0x67,0x6D,0x3A,0x85,0xA8,0xED,
    0xBD,0xAB,0x37,0x33,0xBA,0x9D,0x42,0xCC,0x76,0xDE,0xD5,0x93,0x99,0xDD,0x4E,0xA1,
    0x6A,0x3B,0x6F,0x6A,0xC9,0xCC,0xEE,0xA7,0x50,0xB3,0x1D,0xB7,0xB5,0x66,0xE6,0x76,
    0xD3,0xA8,0x70,0x51,0xDB,0x7B,0x57,0xBA,0xE6,0x7F,0x3A,0x53,0xA8,0x5A,0x8E,0xDB,
    0xDA,0xB3,0x73,0x3B,0xA9,0xD4,0x2C,0xC7,0x6D,0xED,0x59,0x39,0x9D,0xD4,0xEA,0x16,
    0xA3,0xB6,0xF6,0xAC,0x9C,0xCE,0xDA,0x75,0x0B,0x31,0xDB,0x7B,0x56,0x6E,0x67,0x75,
    0x3A,0x85,0xA8,0xED,0xBD,0xAB,0x27,0x33,0xBA,0x9D,0x42,0xD4,0x76,0xDE,0xD5,0x93,
    0x99,0xDD,0x4E,0xA1,0x66,0x3B,0x6F,0x6A,0xCD,0xCC,0xED,0xA7,0x50,0xB5,0x1D,0xB7,
    0xB5,0x64,0xE6,0x77,0x53,0xA8,0x59,0x8E,0xDB,0xDA,0xB2,0x73,0x3B,0xA9,0xD4,0x38,
    0x28,0xED,0xBD,0xAB,0xDE,0x73,0x3F,0x9D,0x29,0xD4,0x2D,0x47,0x6D,0xED,0x59,0x39,
    0x9D,0xD4,0xEA,0x16,0xA3,0xB5,0x38,0xCE,0xD3,0x8F,0x5C,0x56,0x6E,0xA1,0xEB,0xD1,
    0xC3,0x62,0x67,0x4F,0xDB,0x46,0x9C,0x9C,0x3B,0xD9,0xDB,0x4D,0xF5,0xDB,0x42,0xCC,
    0x76,0xDE,0xD5,0x93,0x99,0xA5,0x3A,0x85,0xA8,0xED,0xBD,0xAB,0x37,0x33,0xBA,0x9D,
    0x42,0xCC,0x76,0xDE,0xD5,0x93,0x99,0xDD,0x4E,0xA1,0x6A,0x3B,0x6F,0x6A,0xC9,0xCC,
    0xED,0xA7,0x50,0xB3,0x1D,0xB7,0xB5,0x66,0xE6,0x77,0x53,0xA8,0x5A,0x8E,0xDB,0xDA,
    0xB2,0x73,0x3B,0xA9,0xD4,0x2C,0xC7,0x6D,0xED,0x59,0x39,0x9D,0xD4,0xEA,0x1C,0x14,
    0x76,0xDE,0xD5,0xEF,0x39,0x9F,0xCE,0x94,0xEA,0x16,0xE1,0x80,0x03,0x96,0x15,0x9F,
    0x35,0xCF,0xBC,0xE0,0xBC,0xAE,0x9E,0x63,0x88,0x95,0x5A,0xEA,0xF0,0xA7,0x6D,0x3B,
    0xB7,0xB5,0xFB,0xAD,0x1D,0xD7,0x7B,0x6E,0xAE,0x58,0xA0,0xFD,0x88,0x96,0xD9,0x03,
    0xB9,0x18,0xE7,0xAD,0x65,0x57,0x45,0x73,0xE0,0x78,0xAF,0x2E,0xA7,0x41,0xC7,0x19,
    0x49,0x5B,0x99,0xDA,0x5E,0xBB,0xA7,0x6F,0x93,0xBF,0xCB,0x4B,0xDD,0x97,0xE3,0xB6,
    0xF6,0xAE,0x57,0x33,0xE5,0xA9,0xD4,0x2C,0xC7,0x6D,0xED,0x59,0xB9,0x9D,0xB4,0xEA,
    0x16,0xA3,0xB6,0xF6,0xAC,0x9C,0xCE,0xEA,0x75,0x0B,0x31,0xDB,0x7B,0x56,0x6E,0x67,
    0x75,0x3A,0x85,0xA8,0xED,0xBD,0xAB,0x27,0x33,0xBA,0x9D,0x42,0xCC,0x76,0xDE,0xD5,
    0x93,0x99,0xDB,0x4E,0xA1,0xC1,0x47,0x6D,0xED,0x5E,0xF3,0x99,0xFC,0xE9,0x4E,0xA1,
    0x33,0x5A,0x33,0x27,0xC8,0x3E,0x61,0x53,0x1A,0xA9,0x3D,0x4F,0xB7,0xE1,0x0E,0x21,
    0x86,0x51,0x8A,0x6A,0xB7,0xF0,0xE7,0x64,0xFC,0x9A,0xDA,0x5D,0xDD,0xAE,0xEE,0x97,
    0x47,0x7D,0x5A,0x48,0xA8,0x51,0x83,0xED,0x2A,0x77,0x74,0xC6,0x39,0xAE,0x9B,0xAB,
    0x5C,0xFD,0xC2,0x18,0xAA,0x15,0x29,0x7B,0x78,0x4D,0x38,0x6A,0xF9,0x93,0x56,0xB2,
    0xDF,0x5D,0xB4,0xEA,0x6B,0xE9,0x96,0x2E,0x8A,0x64,0x90,0x61,0x98,0x70,0x3D,0x05,
    0x70,0xE2,0x2B,0xA7,0xEE,0xC4,0xFC,0xD3,0x8A,0x73,0xFA,0x58,0xEA,0x8B,0x0D,0x86,
    0x77,0x84,0x1D,0xDB,0xE8,0xDE,0xDA,0x79,0x2D,0x75,0xD9,0xDF,0xB2,0x4D,0xEA,0xC7,
    0x6D,0xED,0x5C,0x6E,0x67,0xCD,0x53,0xA8,0x59,0x8E,0xDB,0xDA,0xB3,0x73,0x3B,0xA9,
    0xD4,0x2D,0x47,0x6D,0xED,0x59,0x39,0x9D,0xD4,0xEA,0x16,0x63,0xB6,0xF6,0xAC,0x9C,
    0xCE,0xDA,0x75,0x0B,0x51,0xDB,0x7B,0x56,0x6E,0x67,0x75,0x3A,0x85,0x98,0xED,0xBD,
    0xAB,0x27,0x33,0xBA,0x9D,0x43,0xCF,0xA3,0x45,0xF4,0xAF,0xA0,0x6D,0x9F,0xCE,0xD4,
    0xE4,0xCB,0x51,0xA2,0xFA,0x56,0x4D,0xB3,0xBA,0x9C,0x99,0x6A,0x34,0x5F,0x4A,0xC9,
    0xB6,0x77,0x53,0x93,0x2C,0xC6,0x8B,0xE9,0x59,0xB6,0xCE,0xEA,0x72,0x65,0xA8,0xD1,
    0x7D,0x2B,0x26,0xD9,0xDB,0x4E,0x4C,0xB3,0x1A,0x2F,0xA5,0x66,0xDB,0x3B,0xA9,0xC9,
    0x96,0xA3,0x45,0xF4,0xAC,0x9B,0x67,0x75,0x39,0x32,0xCC,0x68,0xBE,0x95,0x93,0x6C,
    0xED,0xA7,0x26,0x5A,0x8D,0x17,0xD2,0xB2,0x6D,0x9D,0xD4,0xE4,0xCB,0x51,0xA2,0xFA,
    0x56,0x6D,0xB3,0xBA,0x9C,0x99,0xFF,0xD9,0x30,0x31,0x77,0x62,0xD0,0x07,0x00,0x00,
    0x00,0x00,0x63,0x0B,0x8C,0x15,0x62,0x1D,0x0D,0x22,0x0C,0x23,0x43,0x20,0x00,0x1A,
    0xEF,0x10,0x0B,0x06,0x81,0xFA,0x8D,0xEF,0x60,0xE6,0xF6,0xDF,0x00,0xDD,0xD1,0xDD,
    0x52,0xE2,0x05,0xEA,0x18,0xF4,0x73,0xFF,0xDD,0x0A,0x1B,0x15,0x13,0x1D,0xE9,0x21,
    0x16,0x23,0x7A,0x20,0x5E,0x1A,0x6B,0x11,0x96,0x06,0x0C,0xFB,0x0B,0xF0,0xC1,0xE6,
    0x31,0xE0,0x0F,0xDD,0xB1,0xDD,0x07,0xE2,0x98,0xE9,0x93,0xF3,0xE6,0xFE,0x56,0x0A,
    0xAA,0x14,0xC3,0x1C,0xC2,0x21,0x1E,0x23,0xAF,0x20,0xBB,0x1A,0xE5,0x11,0x21,0x07,
    0x99,0xFB,0x89,0xF0,0x25,0xE7,0x6E,0xE0,0x1F,0xDD,0x93,0xDD,0xBE,0xE1,0x2B,0xE9,
    0x0F,0xF3,0x59,0xFE,0xCE,0x09,0x37,0x14,0x71,0x1C,0x9A,0x21,0x23,0x23,0xE2,0x20,
    0x16,0x1B,0x5E,0x12,0xAB,0x07,0x25,0xFC,0x08,0xF1,0x89,0xE7,0xAD,0xE0,0x32,0xDD,
    0x78,0xDD,0x77,0xE1,0xC1,0xE8,0x8C,0xF2,0xCB,0xFD,0x46,0x09,0xC2,0x13,0x1D,0x1C,
    0x6F,0x21,0x26,0x23,0x13,0x21,0x6F,0x1B,0xD6,0x12,0x35,0x08,0xB2,0xFC,0x89,0xF1,
    0xF0,0xE7,0xEF,0xE0,0x47,0xDD,0x5F,0xDD,0x32,0xE1,0x57,0xE8,0x0A,0xF2,0x3E,0xFD,
    0xBE,0x08,0x4D,0x13,0xC7,0x1B,0x42,0x21,0x28,0x23,0x42,0x21,0xC7,0x1B,0x4D,0x13,
    0xBE,0x08,0x3E,0xFD,0x0A,0xF2,0x57,0xE8,0x32,0xE1,0x5F,0xDD,0x47,0xDD,0xEF,0xE0,
    0xF0,0xE7,0x89,0xF1,0xB2,0xFC,0x35,0x08,0xD6,0x12,0x6F,0x1B,0x13,0x21,0x26,0x23,
    0x6F,0x21,0x1D,0x1C,0xC2,0x13,0x46,0x09,0xCB,0xFD,0x8C,0xF2,0xC1,0xE8,0x77,0xE1,
    0x78,0xDD,0x32,0xDD,0xAD,0xE0,0x89,0xE7,0x08,0xF1,0x25,0xFC,0xAB,0x07,0x5E,0x12,
    0x16,0x1B,0xE2,0x20,0x23,0x23,0x9A,0x21,0x71,0x1C,0x37,0x14,0xCE,0x09,0x59,0xFE,
    0x0F,0xF3,0x2B,0xE9,0xBE,0xE1,0x93,0xDD,0x1F,0xDD,0x6E,0xE0,0x25,0xE7,0x89,0xF0,
    0x99,0xFB,0x21,0x07,0xE5,0x11,0xBB,0x1A,0xAF,0x20,0x1E,0x23,0xC2,0x21,0xC3,0x1C,
    0xAA,0x14,0x56,0x0A,0xE6,0xFE,0x93,0xF3,0x98,0xE9,0x07,0xE2,0xB1,0xDD,0x0F,0xDD,
    0x31,0xE0,0xC1,0xE6,0x0B,0xF0,0x0C,0xFB,0x96,0x06,0x6B,0x11,0x5E,0x1A,0x7A,0x20,
    0x16,0x23,0xE9,0x21,0x13,0x1D,0x1B,0x15,0xDD,0x0A,0x73,0xFF,0x18,0xF4,0x05,0xEA,
    0x52,0xE2,0xD1,0xDD,0x00,0xDD,0xF6,0xDF,0x60,0xE6,0x8D,0xEF,0x81,0xFA,0x0B,0x06,
    0xEF,0x10,0x00,0x1A,0x43,0x20,0x0C,0x23,0x0D,0x22,0x62,0x1D,0x8C,0x15,0x63,0x0B,
    0x00,0x00,0x9D,0xF4,0x74,0xEA,0x9E,0xE2,0xF3,0xDD,0xF4,0xDC,0xBD,0xDF,0x00,0xE6,
    0x11,0xEF,0xF5,0xF9,0x7F,0x05,0x73,0x10,0xA0,0x19,0x0A,0x20,0x00,0x23,0x2F,0x22,
    0xAE,0x1D,0xFB,0x15,0xE8,0x0B,0x8D,0x00,0x23,0xF5,0xE5,0xEA,0xED,0xE2,0x17,0xDE,
    0xEA,0xDC,0x86,0xDF,0xA2,0xE5,0x95,0xEE,0x6A,0xF9,0xF4,0x04,0xF5,0x0F,0x3F,0x19,
    0xCF,0x1F,0xF1,0x22,0x4F,0x22,0xF9,0x1D,0x68,0x16,0x6D,0x0C,0x1A,0x01,0xAA,0xF5,
    0x56,0xEB,0x3D,0xE3,0x3E,0xDE,0xE2,0xDC,0x51,0xDF,0x45,0xE5,0x1B,0xEE,0xDF,0xF8,
    0x67,0x04,0x77,0x0F,0xDB,0x18,0x92,0x1F,0xE1,0x22,0x6D,0x22,0x42,0x1E,0xD5,0x16,
    0xF1,0x0C,0xA7,0x01,0x32,0xF6,0xC9,0xEB,0x8F,0xE3,0x66,0xDE,0xDD,0xDC,0x1E,0xDF,
    0xEA,0xE4,0xA2,0xED,0x55,0xF8,0xDB,0x03,0xF8,0x0E,0x77,0x18,0x53,0x1F,0xCE,0x22,
    0x88,0x22,0x89,0x1E,0x3F,0x17,0x74,0x0D,0x35,0x02,0xBA,0xF6,0x3E,0xEC,0xE3,0xE3,
    0x91,0xDE,0xDA,0xDC,0xED,0xDE,0x91,0xE4,0x2A,0xED,0xCB,0xF7,0x4E,0x03,0x77,0x0E,
    0x10,0x18,0x11,0x1F,0xB9,0x22,0xA1,0x22,0xCE,0x1E,0xA9,0x17,0xF6,0x0D,0xC2,0x02,
    0x42,0xF7,0xB3,0xEC,0x39,0xE4,0xBE,0xDE,0xD8,0xDC,0xBE,0xDE,0x39,0xE4,0xB3,0xEC,
    0x42,0xF7,0xC2,0x02,0xF6,0x0D,0xA9,0x17,0xCE,0x1E,0xA1,0x22,0xB9,0x22,0x11,0x1F,
    0x10,0x18,0x77,0x0E,0x4E,0x03,0xCB,0xF7,0x2A,0xED,0x91,0xE4,0xED,0xDE,0xDA,0xDC,
    0x91,0xDE,0xE3,0xE3,0x3E,0xEC,0xBA,0xF6,0x35,0x02,0x74,0x0D,0x3F,0x17,0x89,0x1E,
    0x88,0x22,0xCE,0x22,0x53,0x1F,0x77,0x18,0xF8,0x0E,0xDB,0x03,0x55,0xF8,0xA2,0xED,
    0xEA,0xE4,0x1E,0xDF,0xDD,0xDC,0x66,0xDE,0x8F,0xE3,0xC9,0xEB,0x32,0xF6,0xA7,0x01,
    0xF1,0x0C,0xD5,0x16,0x42,0x1E,0x6D,0x22,0xE1,0x22,0x92,0x1F,0xDB,0x18,0x77,0x0F,
    0x67,0x04,0xDF,0xF8,0x1B,0xEE,0x45,0xE5,0x51,0xDF,0xE2,0xDC,0x3E,0xDE,0x3D,0xE3,
    0x56,0xEB,0xAA,0xF5,0x1A,0x01,0x6D,0x0C,0x68,0x16,0xF9,0x1D,0x4F,0x22,0xF1,0x22,
    0xCF,0x1F,0x3F,0x19,0xF5,0x0F,0xF4,0x04,0x6A,0xF9,0x95,0xEE,0xA2,0xE5,0x86,0xDF,
    0xEA,0xDC,0x17,0xDE,0xED,0xE2,0xE5,0xEA,0x23,0xF5,0x8D,0x00,0xE8,0x0B,0xFB,0x15,
    0xAE,0x1D,0x2F,0x22,0x00,0x23,0x0A,0x20,0xA0,0x19,0x73,0x10,0x7F,0x05,0xF5,0xF9,
    0x11,0xEF,0x00,0xE6,0xBD,0xDF,0xF4,0xDC,0xF3,0xDD,0x9E,0xE2,0x74,0xEA,0x9D,0xF4,
    0x00,0x00,0x63,0x0B,0x8C,0x15,0x62,0x1D,0x0D,0x22,0x0C,0x23,0x43,0x20,0x00,0x1A,
    0xEF,0x10,0x0B,0x06,0x81,0xFA,0x8D,0xEF,0x60,0xE6,0xF6,0xDF,0x00,0xDD,0xD1,0xDD,
    0x52,0xE2,0x05,0xEA,0x18,0xF4,0x73,0xFF,0xDD,0x0A,0x1B,0x15,0x13,0x1D,0xE9,0x21,
    0x16,0x23,0x7A,0x20,0x5E,0x1A,0x6B,0x11,0x96,0x06,0x0C,0xFB,0x0B,0xF0,0xC1,0xE6,
    0x31,0xE0,0x0F,0xDD,0xB1,0xDD,0x07,0xE2,0x98,0xE9,0x93,0xF3,0xE6,0xFE,0x56,0x0A,
    0xAA,0x14,0xC3,0x1C,0xC2,0x21,0x1E,0x23,0xAF,0x20,0xBB,0x1A,0xE5,0x11,0x21,0x07,
    0x99,0xFB,0x89,0xF0,0x25,0xE7,0x6E,0xE0,0x1F,0xDD,0x93,0xDD,0xBE,0xE1,0x2B,0xE9,
    0x0F,0xF3,0x59,0xFE,0xCE,0x09,0x37,0x14,0x71,0x1C,0x9A,0x21,0x23,0x23,0xE2,0x20,
    0x16,0x1B,0x5E,0x12,0xAB,0x07,0x25,0xFC,0x08,0xF1,0x89,0xE7,0xAD,0xE0,0x32,0xDD,
    0x78,0xDD,0x77,0xE1,0xC1,0xE8,0x8C,0xF2,0xCB,0xFD,0x46,0x09,0xC2,0x13,0x1D,0x1C,
    0x6F,0x21,0x26,0x23,0x13,0x21,0x6F,0x1B,0xD6,0x12,0x35,0x08,0xB2,0xFC,0x89,0xF1,
    0xF0,0xE7,0xEF,0xE0,0x47,0xDD,0x5F,0xDD,0x32,0xE1,0x57,0xE8,0x0A,0xF2,0x3E,0xFD,
    0xBE,0x08,0x4D,0x13,0xC7,0x1B,0x42,0x21,0x28,0x23,0x42,0x21,0xC7,0x1B,0x4D,0x13,
    0xBE,0x08,0x3E,0xFD,0x0A,0xF2,0x57,0xE8,0x32,0xE1,0x5F,0xDD,0x47,0xDD,0xEF,0xE0,
    0xF0,0xE7,0x89,0xF1,0xB2,0xFC,0x35,0x08,0xD6,0x12,0x6F,0x1B,0x13,0x21,0x26,0x23,
    0x6F,0x21,0x1D,0x1C,0xC2,0x13,0x46,0x09,0xCB,0xFD,0x8C,0xF2,0xC1,0xE8,0x77,0xE1,
    0x78,0xDD,0x32,0xDD,0xAD,0xE0,0x89,0xE7,0x08,0xF1,0x25,0xFC,0xAB,0x07,0x5E,0x12,
    0x16,0x1B,0xE2,0x20,0x23,0x23,0x9A,0x21,0x71,0x1C,0x37,0x14,0xCE,0x09,0x59,0xFE,
    0x0F,0xF3,0x2B,0xE9,0xBE,0xE1,0x93,0xDD,0x1F,0xDD,0x6E,0xE0,0x25,0xE7,0x89,0xF0,
    0x99,0xFB,0x21,0x07,0xE5,0x11,0xBB,0x1A,0xAF,0x20,0x1E,0x23,0xC2,0x21,0xC3,0x1C,
    0xAA,0x14,0x56,0x0A,0xE6,0xFE,0x93,0xF3,0x98,0xE9,0x07,0xE2,0xB1,0xDD,0x0F,0xDD,
    0x31,0xE0,0xC1,0xE6,0x0B,0xF0,0x0C,0xFB,0x96,0x06,0x6B,0x11,0x5E,0x1A,0x7A,0x20,
    0x16,0x23,0xE9,0x21,0x13,0x1D,0x1B,0x15,0xDD,0x0A,0x73,0xFF,0x18,0xF4,0x05,0xEA,
    0x52,0xE2,0xD1,0xDD,0x00,0xDD,0xF6,0xDF,0x60,0xE6,0x8D,0xEF,0x81,0xFA,0x0B,0x06,
    0xEF,0x10,0x00,0x1A,0x43,0x20,0x0C,0x23,0x0D,0x22,0x62,0x1D,0x8C,0x15,0x63,0x0B,
    0x00,0x00,0x9D,0xF4,0x74,0xEA,0x9E,0xE2,0xF3,0xDD,0xF4,0xDC,0xBD,0xDF,0x00,0xE6,
    0x11,0xEF,0xF5,0xF9,0x7F,0x05,0x73,0x10,0xA0,0x19,0x0A,0x20,0x00,0x23,0x2F,0x22,
    0xAE,0x1D,0xFB,0x15,0xE8,0x0B,0x8D,0x00,0x23,0xF5,0xE5,0xEA,0xED,0xE2,0x17,0xDE,
    0xEA,0xDC,0x86,0xDF,0xA2,0xE5,0x95,0xEE,0x6A,0xF9,0xF4,0x04,0xF5,0x0F,0x3F,0x19,
    0xCF,0x1F,0xF1,0x22,0x4F,0x22,0xF9,0x1D,0x68,0x16,0x6D,0x0C,0x1A,0x01,0xAA,0xF5,
    0x56,0xEB,0x3D,0xE3,0x3E,0xDE,0xE2,0xDC,0x51,0xDF,0x45,0xE5,0x1B,0xEE,0xDF,0xF8,
    0x67,0x04,0x77,0x0F,0xDB,0x18,0x92,0x1F,0xE1,0x22,0x6D,0x22,0x42,0x1E,0xD5,0x16,
    0xF1,0x0C,0xA7,0x01,0x32,0xF6,0xC9,0xEB,0x8F,0xE3,0x66,0xDE,0xDD,0xDC,0x1E,0xDF,
    0xEA,0xE4,0xA2,0xED,0x55,0xF8,0xDB,0x03,0xF8,0x0E,0x77,0x18,0x53,0x1F,0xCE,0x22,
    0x88,0x22,0x89,0x1E,0x3F,0x17,0x74,0x0D,0x35,0x02,0xBA,0xF6,0x3E,0xEC,0xE3,0xE3,
    0x91,0xDE,0xDA,0xDC,0xED,0xDE,0x91,0xE4,0x2A,0xED,0xCB,0xF7,0x4E,0x03,0x77,0x0E,
    0x10,0x18,0x11,0x1F,0xB9,0x22,0xA1,0x22,0xCE,0x1E,0xA9,0x17,0xF6,0x0D,0xC2,0x02,
    0x42,0xF7,0xB3,0xEC,0x39,0xE4,0xBE,0xDE,0xD8,0xDC,0xBE,0xDE,0x39,0xE4,0xB3,0xEC,
    0x42,0xF7,0xC2,0x02,0xF6,0x0D,0xA9,0x17,0xCE,0x1E,0xA1,0x22,0xB9,0x22,0x11,0x1F,
    0x10,0x18,0x77,0x0E,0x4E,0x03,0xCB,0xF7,0x2A,0xED,0x91,0xE4,0xED,0xDE,0xDA,0xDC,
    0x91,0xDE,0xE3,0xE3,0x3E,0xEC,0xBA,0xF6,0x35,0x02,0x74,0x0D,0x3F,0x17,0x89,0x1E,
    0x88,0x22,0xCE,0x22,0x53,0x1F,0x77,0x18,0xF8,0x0E,0xDB,0x03,0x55,0xF8,0xA2,0xED,
    0xEA,0xE4,0x1E,0xDF,0xDD,0xDC,0x66,0xDE,0x8F,0xE3,0xC9,0xEB,0x32,0xF6,0xA7,0x01,
    0xF1,0x0C,0xD5,0x16,0x42,0x1E,0x6D,0x22,0xE1,0x22,0x92,0x1F,0xDB,0x18,0x77,0x0F,
    0x67,0x04,0xDF,0xF8,0x1B,0xEE,0x45,0xE5,0x51,0xDF,0xE2,0xDC,0x3E,0xDE,0x3D,0xE3,
    0x56,0xEB,0xAA,0xF5,0x1A,0x01,0x6D,0x0C,0x68,0x16,0xF9,0x1D,0x4F,0x22,0xF1,0x22,
    0xCF,0x1F,0x3F,0x19,0xF5,0x0F,0xF4,0x04,0x6A,0xF9,0x95,0xEE,0xA2,0xE5,0x86,0xDF,
    0xEA,0xDC,0x17,0xDE,0xED,0xE2,0xE5,0xEA,0x23,0xF5,0x8D,0x00,0xE8,0x0B,0xFB,0x15,
    0xAE,0x1D,0x2F,0x22,0x00,0x23,0x0A,0x20,0xA0,0x19,0x73,0x10,0x7F,0x05,0xF5,0xF9,
    0x11,0xEF,0x00,0xE6,0xBD,0xDF,0xF4,0xDC,0xF3,0xDD,0x9E,0xE2,0x74,0xEA,0x9D,0xF4,
    0x00,0x00,0x63,0x0B,0x8C,0x15,0x62,0x1D,0x0D,0x22,0x0C,0x23,0x43,0x20,0x00,0x1A,
    0xEF,0x10,0x0B,0x06,0x81,0xFA,0x8D,0xEF,0x60,0xE6,0xF6,0xDF,0x00,0xDD,0xD1,0xDD,
    0x52,0xE2,0x05,0xEA,0x18,0xF4,0x73,0xFF,0xDD,0x0A,0x1B,0x15,0x13,0x1D,0xE9,0x21,
    0x16,0x23,0x7A,0x20,0x5E,0x1A,0x6B,0x11,0x96,0x06,0x0C,0xFB,0x0B,0xF0,0xC1,0xE6,
    0x31,0xE0,0x0F,0xDD,0xB1,0xDD,0x07,0xE2,0x98,0xE9,0x93,0xF3,0xE6,0xFE,0x56,0x0A,
    0xAA,0x14,0xC3,0x1C,0xC2,0x21,0x1E,0x23,0xAF,0x20,0xBB,0x1A,0xE5,0x11,0x21,0x07,
    0x99,0xFB,0x89,0xF0,0x25,0xE7,0x6E,0xE0,0x1F,0xDD,0x93,0xDD,0xBE,0xE1,0x2B,0xE9,
    0x0F,0xF3,0x59,0xFE,0xCE,0x09,0x37,0x14,0x71,0x1C,0x9A,0x21,0x23,0x23,0xE2,0x20,
    0x16,0x1B,0x5E,0x12,0xAB,0x07,0x25,0xFC,0x08,0xF1,0x89,0xE7,0xAD,0xE0,0x32,0xDD,
    0x78,0xDD,0x77,0xE1,0xC1,0xE8,0x8C,0xF2,0xCB,0xFD,0x46,0x09,0xC2,0x13,0x1D,0x1C,
    0x6F,0x21,0x26,0x23,0x13,0x21,0x6F,0x1B,0xD6,0x12,0x35,0x08,0xB2,0xFC,0x89,0xF1,
    0xF0,0xE7,0xEF,0xE0,0x47,0xDD,0x5F,0xDD,0x32,0xE1,0x57,0xE8,0x0A,0xF2,0x3E,0xFD,
    0xBE,0x08,0x4D,0x13,0xC7,0x1B,0x42,0x21,0x28,0x23,0x42,0x21,0xC7,0x1B,0x4D,0x13,
    0xBE,0x08,0x3E,0xFD,0x0A,0xF2,0x57,0xE8,0x32,0xE1,0x5F,0xDD,0x47,0xDD,0xEF,0xE0,
    0xF0,0xE7,0x89,0xF1,0xB2,0xFC,0x35,0x08,0xD6,0x12,0x6F,0x1B,0x13,0x21,0x26,0x23,
    0x6F,0x21,0x1D,0x1C,0xC2,0x13,0x46,0x09,0xCB,0xFD,0x8C,0xF2,0xC1,0xE8,0x77,0xE1,
    0x78,0xDD,0x32,0xDD,0xAD,0xE0,0x89,0xE7,0x08,0xF1,0x25,0xFC,0xAB,0x07,0x5E,0x12,
    0x16,0x1B,0xE2,0x20,0x23,0x23,0x9A,0x21,0x71,0x1C,0x37,0x14,0xCE,0x09,0x59,0xFE,
    0x0F,0xF3,0x2B,0xE9,0xBE,0xE1,0x93,0xDD,0x1F,0xDD,0x6E,0xE0,0x25,0xE7,0x89,0xF0,
    0x99,0xFB,0x21,0x07,0xE5,0x11,0xBB,0x1A,0xAF,0x20,0x1E,0x23,0xC2,0x21,0xC3,0x1C,
    0xAA,0x14,0x56,0x0A,0xE6,0xFE,0x93,0xF3,0x98,0xE9,0x07,0xE2,0xB1,0xDD,0x0F,0xDD,
    0x31,0xE0,0xC1,0xE6,0x0B,0xF0,0x0C,0xFB,0x96,0x06,0x6B,0x11,0x5E,0x1A,0x7A,0x20,
    0x16,0x23,0xE9,0x21,0x13,0x1D,0x1B,0x15,0xDD,0x0A,0x73,0xFF,0x18,0xF4,0x05,0xEA,
    0x52,0xE2,0xD1,0xDD,0x00,0xDD,0xF6,0xDF,0x60,0xE6,0x8D,0xEF,0x81,0xFA,0x0B,0x06,
    0xEF,0x10,0x00,0x1A,0x43,0x20,0x0C,0x23,0x0D,0x22,0x62,0x1D,0x8C,0x15,0x63,0x0B,
    0x30,0x30,0x64,0x63,0xF0,0x05,0x00,0x00,0xFF,0xD8,0xFF,0xE0,0x00,0x10,0x4A,0x46,
    0x49,0x46,0x00,0x01,0x01,0x00,0x00,0x01,0x00,0x01,0x00,0x00,0xFF,0xDB,0x00,0x43,
    0x00,0x06,0x04,0x05,0x06,0x05,0x04,0x06,0x06,0x05,0x06,0x07,0x07,0x06,0x08,0x0A,
    0x10,0x0A,0x0A,0x09,0x09,0x0A,0x14,0x0E,0x0F,0x0C,0x10,0x17,0x14,0x18,0x18,0x17,
    0x14,0x16,0x16,0x1A,0x1D,0x25,0x1F,0x1A,0x1B,0x23,0x1C,0x16,0x16,0x20,0x2C,0x20,
    0x23,0x26,0x27,0x29,0x2A,0x29,0x19,0x1F,0x2D,0x30,0x2D,0x28,0x30,0x25,0x28,0x29,
    0x28,0xFF,0xDB,0x00,0x43,0x01,0x07,0x07,0x07,0x0A,0x08,0x0A,0x13,0x0A,0x0A,0x13,
    0x28,0x1A,0x16,0x1A,0x28,0x28,0x28,0x28,0x28,0x28,0x28,0x28,0x28,0x28,0x28,0x28,
    0x28,0x28,0x28,0x28,0x28,0x28,0x28,0x28,0x28,0x28,0x28,0x28,0x28,0x28,0x28,0x28,
    0x28,0x28,0x28,0x28,0x28,0x28,0x28,0x28,0x28,0x28,0x28,0x28,0x28,0x28,0x28,0x28,
    0x28,0x28,0x28,0x28,0x28,0x28,0xFF,0xC0,0x00,0x11,0x08,0x00,0x3C,0x00,0x50,0x03,
    0x01,0x11,0x00,0x02,0x11,0x01,0x03,0x11,0x01,0xFF,0xC4,0x00,0x1F,0x00,0x00,0x01,
    0x05,0x01,0x01,0x01,0x01,0x01,0x01,0x00,0x00,0x00,0x00,0x00,0x00,0x00,0x00,0x01,
    0x02,0x03,0x04,0x05,0x06,0x07,0x08,0x09,0x0A,0x0B,0xFF,0xC4,0x00,0xB5,0x10,0x00,
    0x02,0x01,0x03,0x03,0x02,0x04,0x03,0x05,0x05,0x04,0x04,0x00,0x00,0x01,0x7D,0x01,
    0x02,0x03,0x00,0x04,0x11,0x05,0x12,0x21,0x31,0x41,0x06,0x13,0x51,0x61,0x07,0x22,
    0x71,0x14,0x32,0x81,0x91,0xA1,0x08,0x23,0x42,0xB1,0xC1,0x15,0x52,0xD1,0xF0,0x24,
    0x33,0x62,0x72,0x82,0x09,0x0A,0x16,0x17,0x18,0x19,0x1A,0x25,0x26,0x27,0x28,0x29,
    0x2A,0x34,0x35,0x36,0x37,0x38,0x39,0x3A,0x43,0x44,0x45,0x46,0x47,0x48,0x49,0x4A,
    0x53,0x54,0x55,0x56,0x57,0x58,0x59,0x5A,0x63,0x64,0x65,0x66,0x67,0x68,0x69,0x6A,
    0x73,0x74,0x75,0x76,0x77,0x78,0x79,0x7A,0x83,0x84,0x85,0x86,0x87,0x88,0x89,0x8A,
    0x92,0x93,0x94,0x95,0x96,0x97,0x98,0x99,0x9A,0xA2,0xA3,0xA4,0xA5,0xA6,0xA7,0xA8,
    0xA9,0xAA,0xB2,0xB3,0xB4,0xB5,0xB6,0xB7,0xB8,0xB9,0xBA,0xC2,0xC3,0xC4,0xC5,0xC6,
    0xC7,0xC8,0xC9,0xCA,0xD2,0xD3,0xD4,0xD5,0xD6,0xD7,0xD8,0xD9,0xDA,0xE1,0xE2,0xE3,
    0xE4,0xE5,0xE6,0xE7,0xE8,0xE9,0xEA,0xF1,0xF2,0xF3,0xF4,0xF5,0xF6,0xF7,0xF8,0xF9,
    0xFA,0xFF,0xC4,0x00,0x1F,0x01,0x00,0x03,0x01,0x01,0x01,0x01,0x01,0x01,0x01,0x01,
    0x01,0x00,0x00,0x00,0x00,0x00,0x00,0x01,0x02,0x03,0x04,0x05,0x06,0x07,0x08,0x09,
    0x0A,0x0B,0xFF,0xC4,0x00,0xB5,0x11,0x00,0x02,0x01,0x02,0x04,0x04,0x03,0x04,0x07,
    0x05,0x04,0x04,0x00,0x01,0x02,0x77,0x00,0x01,0x02,0x03,0x11,0x04,0x05,0x21,0x31,
    0x06,0x12,0x41,0x51,0x07,0x61,0x71,0x13,0x22,0x32,0x81,0x08,0x14,0x42,0x91,0xA1,
    0xB1,0xC1,0x09,0x23,0x33,0x52,0xF0,0x15,0x62,0x72,0xD1,0x0A,0x16,0x24,0x34,0xE1,
    0x25,0xF1,0x17,0x18,0x19,0x1A,0x26,0x27,0x28,0x29,0x2A,0x35,0x36,0x37,0x38,0x39,
    0x3A,0x43,0x44,0x45,0x46,0x47,0x48,0x49,0x4A,0x53,0x54,0x55,0x56,0x57,0x58,0x59,
    0x5A,0x63,0x64,0x65,0x66,0x67,0x68,0x69,0x6A,0x73,0x74,0x75,0x76,0x77,0x78,0x79,
    0x7A,0x82,0x83,0x84,0x85,0x86,0x87,0x88,0x89,0x8A,0x92,0x93,0x94,0x95,0x96,0x97,
    0x98,0x99,0x9A,0xA2,0xA3,0xA4,0xA5,0xA6,0xA7,0xA8,0xA9,0xAA,0xB2,0xB3,0xB4,0xB5,
    0xB6,0xB7,0xB8,0xB9,0xBA,0xC2,0xC3,0xC4,0xC5,0xC6,0xC7,0xC8,0xC9,0xCA,0xD2,0xD3,
    0xD4,0xD5,0xD6,0xD7,0xD8,0xD9,0xDA,0xE2,0xE3,0xE4,0xE5,0xE6,0xE7,0xE8,0xE9,0xEA,
    0xF2,0xF3,0xF4,0xF5,0xF6,0xF7,0xF8,0xF9,0xFA,0xFF,0xDA,0x00,0x0C,0x03,0x01,0x00,
    0x02,0x11,0x03,0x11,0x00,0x3F,0x00,0xF9,0xCA,0x3B,0x6F,0x6A,0xFB,0x07,0x33,0x96,
    0x9D,0x42,0xD4,0x76,0xDE,0xD5,0x93,0x99,0xDD,0x4E,0xA1,0x66,0x3B,0x6F,0x6A,0xC9,
    0xCC,0xEE,0xA7,0x50,0xB5,0x1D,0xB7,0xB5,0x66,0xE6,0x77,0x53,0xA8,0x59,0x8E,0xDB,
    0xDA,0xB2,0x73,0x3B,0x69,0xD4,0x2D,0x47,0x6D,0xED,0x59,0x39,0x9D,0xD4,0xEA,0x16,
    0x63,0xB6,0xF6,0xAC,0xDC,0xCE,0xEA,0x75,0x0B,0x51,0xDB,0x7B,0x56,0x4E,0x67,0x6D,
    0x3A,0x85,0xA8,0xED,0xBD,0xAB,0x37,0x33,0xBA,0x9D,0x42,0xCC,0x76,0xDE,0xD5,0x93,
    0x99,0xDD,0x4E,0xA1,0xC1,0x47,0x6D,0xED,0x5E,0xEB,0x99,0xFC,0xE9,0x4E,0xA1,0x6A,
    0x3B,0x6F,0x6A,0xCD,0xCC,0xEE,0xA7,0x50,0xB3,0x1D,0xB7,0xB5,0x64,0xE6,0x77,0x53,
    0xA8,0x5A,0x8E,0xDB,0xDA,0xB3,0x73,0x3B,0x69,0xD4,0x2C,0xC7,0x6D,0xED,0x59,0x39,
    0x9D,0xD4,0xEA,0x16,0xA3,0xB6,0xF6,0xAC,0x9C,0xCE,0xEA,0x75,0x0B,0x51,0xDB,0x7B,
    0x56,0x6E,0x67,0x6D,0x3A,0x85,0x98,0xED,0xBD,0xAB,0x27,0x33,0xBA,0x9D,0x42,0xD4,
    0x76,0xDE,0xD5,0x93,0x99,0xDD,0x4E,0xA1,0x66,0x3B,0x6F,0x6A,0xCD,0xCC,0xEE,0xA7,
    0x50,0xE0,0xA3,0xB6,0xF6,0xAF,0x75,0xCC,0xFE,0x74,0xA7,0x50,0xB5,0x1D,0xB7,0xB5,
    0x66,0xE6,0x76,0xD3,0xA8,0x59,0x8E,0xDB,0xDA,0xB2,0x73,0x3B,0xA9,0xD4,0x2D,0x47,
    0x6D,0xED,0x59,0x39,0x9D,0xD4,0xEA,0x16,0x63,0xB6,0xF6,0xAC,0xDC,0xCE,0xEA,0x75,
    0x0B,0x51,0xDB,0x7B,0x56,0x4E,0x67,0x6D,0x3A,0x85,0xA8,0xED,0xBD,0xAB,0x37,0x33,
    0xBA,0x9D,0x42,0xCC,0x76,0xDE,0xD5,0x93,0x99,0xDD,0x4E,0xA1,0x6A,0x3B,0x6F,0x6A,
    0xC9,0xCC,0xEE,0xA7,0x50,0xB3,0x1D,0xB7,0xB5,0x66,0xE6,0x76,0xD3,0xA8,0x70,0x51,
    0xDB,0x7B,0x57,0xBA,0xE6,0x7F,0x3A,0x53,0xA8,0x5A,0x8E,0xDB,0xDA,0xB3,0x73,0x3B,
    0xA9,0xD4,0x2C,0xC7,0x6D,0xED,0x59,0x39,0x9D,0xD4,0xEA,0x16,0xA3,0xB6,0xF6,0xAC,
    0x9C,0xCE,0xDA,0x75,0x0B,0x31,0xDB,0x7B,0x56,0x6E,0x67,0x75,0x3A,0x85,0xA8,0xED,
    0xBD,0xAB,0x27,0x33,0xBA,0x9D,0x42,0xD4,0x76,0xDE,0xD5,0x93,0x99,0xDD,0x4E,0xA1,
    0x66,0x3B,0x6F,0x6A,0xCD,0xCC,0xED,0xA7,0x50,0xB5,0x1D,0xB7,0xB5,0x64,0xE6,0x77,
    0x53,0xA8,0x59,0x8E,0xDB,0xDA,0xB2,0x73,0x3B,0xA9,0xD4,0x38,0x28,0xED,0xBD,0xAB,
    0xDE,0x73,0x3F,0x9D,0x29,0xD4,0x2D,0x47,0x6D,0xED,0x59,0x39,0x9D,0xD4,0xEA,0x16,
    0xA2,0xB6,0xE9,0xC5,0x66,0xE6,0x77,0xD1,0x94,0xA7,0x25,0x18,0xAB,0xB6,0x5A,0x4B,
    0x52,0x3A,0xA9,0x15,0x94,0xA6,0x7A,0x72,0xA7,0x5A,0x85,0xBD,0xAC,0x1C,0x6F,0xDD,
    0x35,0xF9,0x96,0x63,0xB6,0xF6,0xAC,0xDC,0xCD,0xE9,0xD4,0x2C,0xC7,0x6D,0xED,0x59,
    0x39,0x9D,0xD4,0xEA,0x16,0xA3,0xB6,0xF6,0xAC,0x9C,0xCE,0xDA,0x75,0x0B,0x31,0xDB,
    0x7B,0x56,0x6E,0x67,0x75,0x3A,0x85,0xA8,0xED,0xBD,0xAB,0x27,0x33,0xBA,0x9D,0x42,
    0xCC,0x76,0xDE,0xD5,0x93,0x99,0xDD,0x4E,0xA1,0xC1,0x47,0x6D,0xED,0x5E,0xF3,0x99,
    0xFC,0xE9,0x4E,0xA1,0x6A,0x3B,0x6F,0x6A,0xC9,0xCC,0xEE,0xA7,0x50,0xB5,0x1C,0x61,
    0x07,0x03,0x9A,0xB8,0xED,0x73,0xF6,0x1E,0x19,0xCB,0x29,0xE1,0x70,0x90,0xAE,0xD5,
    0xE7,0x34,0x9B,0x7E,0x4F,0x54,0x97,0x6D,0x2D,0x7F,0x3E,0xAD,0x24,0x3E,0x9B,0x57,
    0x3D,0xFA,0xD4,0x61,0x5E,0x0E,0x9D,0x45,0x74,0xCB,0xB6,0xF0,0x87,0x45,0x60,0x3A,
    0xD7,0x05,0x47,0xCB,0x26,0x8F,0xCD,0x31,0xB4,0x7E,0xA7,0x89,0x9D,0x0B,0xEC,0xFF,
    0x00,0x07,0xAA,0xF9,0xDB,0x72,0xE4,0x76,0xDE,0xD5,0x83,0x98,0xE9,0xD4,0x2D,0x47,
    0x6D,0xED,0x59,0x39,0x9D,0xD4,0xEA,0x16,0x63,0xB6,0xF6,0xAC,0xDC,0xCE,0xEA,0x75,
    0x0B,0x51,0xDB,0x7B,0x56,0x4E,0x67,0x75,0x3A,0x85,0x98,0xED,0xBD,0xAB,0x27,0x33,
    0xB6,0x9D,0x43,0x82,0x8E,0xDB,0xDA,0xBD,0xE7,0x33,0xF9,0xD2,0x9D,0x42,0xD4,0x76,
    0xDE,0xD5,0x93,0x99,0xDD,0x4E,0xA0,0xCB,0x9B,0x57,0x4F,0x9D,0x54,0x95,0xEF,0x8E,
    0xD5,0xD1,0x46,0xB2,0x92,0xE5,0x7B,0x9F,0xAF,0x70,0xA7,0x10,0xD1,0xC4,0x61,0xE3,
    0x83,0xAF,0x2E,0x5A,0x91,0xB2,0x57,0xB2,0xE6,0x5B,0x24,0xB6,0xD5,0x68,0xAD,0xBB,
    0xDF,0x5D,0x6D,0x15,0xBC,0x12,0x5C,0x38,0x58,0x94,0x9F,0x53,0xD8,0x7D,0x6B,0x5A,
    0x95,0x23,0x4D,0x5E,0x4C,0xFA,0x9C,0x76,0x63,0x87,0xC0,0x53,0xF6,0x95,0xE5,0x6E,
    0xCB,0xAB,0xF4,0x5D,0x7F,0x4E,0xB6,0x47,0x45,0x6B,0x66,0x23,0x8D,0x50,0x73,0x81,
    0xD7,0xD6,0xBC,0x7A,0x95,0xB9,0xE4,0xE4,0x7E,0x57,0x89,0xC7,0xCB,0x19,0x88,0x95,
    0x79,0x7D,0xA7,0xF7,0x2E,0x8B,0xE4,0xB4,0x2E,0x47,0x6D,0xED,0x58,0x39,0x9A,0x53,
    0xA8,0x5A,0x8E,0xDB,0xDA,0xB2,0x73,0x3B,0xA9,0xD4,0x2C,0xC7,0x6D,0xED,0x59,0x39,
    0x9D,0xB4,0xEA,0x16,0xA3,0xB6,0xF6,0xAC,0xDC,0xCE,0xEA,0x75,0x0B,0x31,0xDB,0x7B,
    0x56,0x4E,0x67,0x75,0x3A,0x87,0x9F,0x46,0x8B,0xE9,0x5F,0x40,0xDB,0x3F,0x9D,0xA9,
    0xC9,0x96,0xA3,0x45,0xF4,0xAC,0x9B,0x67,0x75,0x39,0x32,0xD4,0x68,0xBE,0x95,0x93,
    0x6C,0xEE,0xA7,0x26,0x59,0x8D,0x17,0xD2,0xB3,0x6D,0x9D,0xD4,0xE4,0xCB,0x51,0xA2,
    0xFA,0x56,0x4D,0xB3,0xB6,0x9C,0x99,0x66,0x34,0x5F,0x4A,0xCD,0xB6,0x77,0x53,0x93,
    0x2D,0x46,0x8B,0xE9,0x59,0x36,0xCE,0xEA,0x72,0x65,0x98,0xD1,0x7D,0x2B,0x26,0xD9,
    0xDB,0x4E,0x4C,0xB5,0x1A,0x2F,0xA5,0x64,0xDB,0x3B,0xA9,0xC9,0x96,0xA3,0x45,0xF4,
    0xAC,0xDB,0x67,0x75,0x39,0x33,0xFF,0xD9,0x30,0x31,0x77,0x62,0xD0,0x07,0x00,0x00,
    0x00,0x00,0x2B,0x0C,0xD5,0x16,0xAC,0x1E,0xB9,0x22,0x7B,0x22,0xF9,0x1D,0xC3,0x15,
    0xDD,0x0A,0x9F,0xFE,0x8C,0xF2,0x23,0xE8,0xAD,0xE0,0x17,0xDD,0xD1,0xDD,0xC5,0xE2,
    0x56,0xEB,0x76,0xF6,0xC2,0x02,0xB7,0x0E,0xDB,0x18,0xED,0x1F,0x0C,0x23,0xD6,0x21,
    0x71,0x1C,0x88,0x13,0x35,0x08,0xDF,0xFB,0x0B,0xF0,0x30,0xE6,0x86,0xDF,0xDF,0xDC,
    0x91,0xDE,0x65,0xE4,0xA2,0xED,0x25,0xF9,0x7F,0x05,0x2D,0x11,0xBB,0x1A,0xFB,0x20,
    0x28,0x23,0xFB,0x20,0xBB,0x1A,0x2D,0x11,0x7F,0x05,0x25,0xF9,0xA2,0xED,0x65,0xE4,
    0x91,0xDE,0xDF,0xDC,0x86,0xDF,0x30,0xE6,0x0B,0xF0,0xDF,0xFB,0x35,0x08,0x88,0x13,
    0x71,0x1C,0xD6,0x21,0x0C,0x23,0xED,0x1F,0xDB,0x18,0xB7,0x0E,0xC2,0x02,0x76,0xF6,
    0x56,0xEB,0xC5,0xE2,0xD1,0xDD,0x17,0xDD,0xAD,0xE0,0x23,0xE8,0x8C,0xF2,0x9F,0xFE,
    0xDD,0x0A,0xC3,0x15,0xF9,0x1D,0x7B,0x22,0xB9,0x22,0xAC,0x1E,0xD5,0x16,0x2B,0x0C,
    0x00,0x00,0xD5,0xF3,0x2B,0xE9,0x54,0xE1,0x47,0xDD,0x85,0xDD,0x07,0xE2,0x3D,0xEA,
    0x23,0xF5,0x61,0x01,0x74,0x0D,0xDD,0x17,0x53,0x1F,0xE9,0x22,0x2F,0x22,0x3B,0x1D,
    0xAA,0x14,0x8A,0x09,0x3E,0xFD,0x49,0xF1,0x25,0xE7,0x13,0xE0,0xF4,0xDC,0x2A,0xDE,
    0x8F,0xE3,0x78,0xEC,0xCB,0xF7,0x21,0x04,0xF5,0x0F,0xD0,0x19,0x7A,0x20,0x21,0x23,
    0x6F,0x21,0x9B,0x1B,0x5E,0x12,0xDB,0x06,0x81,0xFA,0xD3,0xEE,0x45,0xE5,0x05,0xDF,
    0xD8,0xDC,0x05,0xDF,0x45,0xE5,0xD3,0xEE,0x81,0xFA,0xDB,0x06,0x5E,0x12,0x9B,0x1B,
    0x6F,0x21,0x21,0x23,0x7A,0x20,0xD0,0x19,0xF5,0x0F,0x21,0x04,0xCB,0xF7,0x78,0xEC,
    0x8F,0xE3,0x2A,0xDE,0xF4,0xDC,0x13,0xE0,0x25,0xE7,0x49,0xF1,0x3E,0xFD,0x8A,0x09,
    0xAA,0x14,0x3B,0x1D,0x2F,0x22,0xE9,0x22,0x53,0x1F,0xDD,0x17,0x74,0x0D,0x61,0x01,
    0x23,0xF5,0x3D,0xEA,0x07,0xE2,0x85,0xDD,0x47,0xDD,0x54,0xE1,0x2B,0xE9,0xD5,0xF3,
    0x00,0x00,0x2B,0x0C,0xD5,0x16,0xAC,0x1E,0xB9,0x22,0x7B,0x22,0xF9,0x1D,0xC3,0x15,
    0xDD,0x0A,0x9F,0xFE,0x8C,0xF2,0x23,0xE8,0xAD,0xE0,0x17,0xDD,0xD1,0xDD,0xC5,0xE2,
    0x56,0xEB,0x76,0xF6,0xC2,0x02,0xB7,0x0E,0xDB,0x18,0xED,0x1F,0x0C,0x23,0xD6,0x21,
    0x71,0x1C,0x88,0x13,0x35,0x08,0xDF,0xFB,0x0B,0xF0,0x30,0xE6,0x86,0xDF,0xDF,0xDC,
    0x91,0xDE,0x65,0xE4,0xA2,0xED,0x25,0xF9,0x7F,0x05,0x2D,0x11,0xBB,0x1A,0xFB,0x20,
    0x28,0x23,0xFB,0x20,0xBB,0x1A,0x2D,0x11,0x7F,0x05,0x25,0xF9,0xA2,0xED,0x65,0xE4,
    0x91,0xDE,0xDF,0xDC,0x86,0xDF,0x30,0xE6,0x0B,0xF0,0xDF,0xFB,0x35,0x08,0x88,0x13,
    0x71,0x1C,0xD6,0x21,0x0C,0x23,0xED,0x1F,0xDB,0x18,0xB7,0x0E,0xC2,0x02,0x76,0xF6,
    0x56,0xEB,0xC5,0xE2,0xD1,0xDD,0x17,0xDD,0xAD,0xE0,0x23,0xE8,0x8C,0xF2,0x9F,0xFE,
    0xDD,0x0A,0xC3,0x15,0xF9,0x1D,0x7B,0x22,0xB9,0x22,0xAC,0x1E,0xD5,0x16,0x2B,0x0C,
    0x00,0x00,0xD5,0xF3,0x2B,0xE9,0x54,0xE1,0x47,0xDD,0x85,0xDD,0x07,0xE2,0x3D,0xEA,
    0x23,0xF5,0x61,0x01,0x74,0x0D,0xDD,0x17,0x53,0x1F,0xE9,0x22,0x2F,0x22,0x3B,0x1D,
    0xAA,0x14,0x8A,0x09,0x3E,0xFD,0x49,0xF1,0x25,0xE7,0x13,0xE0,0xF4,0xDC,0x2A,0xDE,
    0x8F,0xE3,0x78,0xEC,0xCB,0xF7,0x21,0x04,0xF5,0x0F,0xD0,0x19,0x7A,0x20,0x21,0x23,
    0x6F,0x21,0x9B,0x1B,0x5E,0x12,0xDB,0x06,0x81,0xFA,0xD3,0xEE,0x45,0xE5,0x05,0xDF,
    0xD8,0xDC,0x05,0xDF,0x45,0xE5,0xD3,0xEE,0x81,0xFA,0xDB,0x06,0x5E,0x12,0x9B,0x1B,
    0x6F,0x21,0x21,0x23,0x7A,0x20,0xD0,0x19,0xF5,0x0F,0x21,0x04,0xCB,0xF7,0x78,0xEC,
    0x8F,0xE3,0x2A,0xDE,0xF4,0xDC,0x13,0xE0,0x25,0xE7,0x49,0xF1,0x3E,0xFD,0x8A,0x09,
    0xAA,0x14,0x3B,0x1D,0x2F,0x22,0xE9,0x22,0x53,0x1F,0xDD,0x17,0x74,0x0D,0x61,0x01,
    0x23,0xF5,0x3D,0xEA,0x07,0xE2,0x85,0xDD,0x47,0xDD,0x54,0xE1,0x2B,0xE9,0xD5,0xF3,
    0x00,0x00,0x2B,0x0C,0xD5,0x16,0xAC,0x1E,0xB9,0x22,0x7B,0x22,0xF9,0x1D,0xC3,0x15,
    0xDD,0x0A,0x9F,0xFE,0x8C,0xF2,0x23,0xE8,0xAD,0xE0,0x17,0xDD,0xD1,0xDD,0xC5,0xE2,
    0x56,0xEB,0x76,0xF6,0xC2,0x02,0xB7,0x0E,0xDB,0x18,0xED,0x1F,0x0C,0x23,0xD6,0x21,
    0x71,0x1C,0x88,0x13,0x35,0x08,0xDF,0xFB,0x0B,0xF0,0x30,0xE6,0x86,0xDF,0xDF,0xDC,
    0x91,0xDE,0x65,0xE4,0xA2,0xED,0x25,0xF9,0x7F,0x05,0x2D,0x11,0xBB,0x1A,0xFB,0x20,
    0x28,0x23,0xFB,0x20,0xBB,0x1A,0x2D,0x11,0x7F,0x05,0x25,0xF9,0xA2,0xED,0x65,0xE4,
    0x91,0xDE,0xDF,0xDC,0x86,0xDF,0x30,0xE6,0x0B,0xF0,0xDF,0xFB,0x35,0x08,0x88,0x13,
    0x71,0x1C,0xD6,0x21,0x0C,0x23,0xED,0x1F,0xDB,0x18,0xB7,0x0E,0xC2,0x02,0x76,0xF6,
    0x56,0xEB,0xC5,0xE2,0xD1,0xDD,0x17,0xDD,0xAD,0xE0,0x23,0xE8,0x8C,0xF2,0x9F,0xFE,
    0xDD,0x0A,0xC3,0x15,0xF9,0x1D,0x7B,0x22,0xB9,0x22,0xAC,0x1E,0xD5,0x16,0x2B,0x0C,
    0x00,0x00,0xD5,0xF3,0x2B,0xE9,0x54,0xE1,0x47,0xDD,0x85,0xDD,0x07,0xE2,0x3D,0xEA,
    0x23,0xF5,0x61,0x01,0x74,0x0D,0xDD,0x17,0x53,0x1F,0xE9,0x22,0x2F,0x22,0x3B,0x1D,
    0xAA,0x14,0x8A,0x09,0x3E,0xFD,0x49,0xF1,0x25,0xE7,0x13,0xE0,0xF4,0xDC,0x2A,0xDE,
    0x8F,0xE3,0x78,0xEC,0xCB,0xF7,0x21,0x04,0xF5,0x0F,0xD0,0x19,0x7A,0x20,0x21,0x23,
    0x6F,0x21,0x9B,0x1B,0x5E,0x12,0xDB,0x06,0x81,0xFA,0xD3,0xEE,0x45,0xE5,0x05,0xDF,
    0xD8,0xDC,0x05,0xDF,0x45,0xE5,0xD3,0xEE,0x81,0xFA,0xDB,0x06,0x5E,0x12,0x9B,0x1B,
    0x6F,0x21,0x21,0x23,0x7A,0x20,0xD0,0x19,0xF5,0x0F,0x21,0x04,0xCB,0xF7,0x78,0xEC,
    0x8F,0xE3,0x2A,0xDE,0xF4,0xDC,0x13,0xE0,0x25,0xE7,0x49,0xF1,0x3E,0xFD,0x8A,0x09,
    0xAA,0x14,0x3B,0x1D,0x2F,0x22,0xE9,0x22,0x53,0x1F,0xDD,0x17,0x74,0x0D,0x61,0x01,
    0x23,0xF5,0x3D,0xEA,0x07,0xE2,0x85,0xDD,0x47,0xDD,0x54,0xE1,0x2B,0xE9,0xD5,0xF3,
    0x00,0x00,0x2B,0x0C,0xD5,0x16,0xAC,0x1E,0xB9,0x22,0x7B,0x22,0xF9,0x1D,0xC3,0x15,
    0xDD,0x0A,0x9F,0xFE,0x8C,0xF2,0x23,0xE8,0xAD,0xE0,0x17,0xDD,0xD1,0xDD,0xC5,0xE2,
    0x56,0xEB,0x76,0xF6,0xC2,0x02,0xB7,0x0E,0xDB,0x18,0xED,0x1F,0x0C,0x23,0xD6,0x21,
    0x71,0x1C,0x88,0x13,0x35,0x08,0xDF,0xFB,0x0B,0xF0,0x30,0xE6,0x86,0xDF,0xDF,0xDC,
    0x91,0xDE,0x65,0xE4,0xA2,0xED,0x25,0xF9,0x7F,0x05,0x2D,0x11,0xBB,0x1A,0xFB,0x20,
    0x28,0x23,0xFB,0x20,0xBB,0x1A,0x2D,0x11,0x7F,0x05,0x25,0xF9,0xA2,0xED,0x65,0xE4,
    0x91,0xDE,0xDF,0xDC,0x86,0xDF,0x30,0xE6,0x0B,0xF0,0xDF,0xFB,0x35,0x08,0x88,0x13,
    0x71,0x1C,0xD6,0x21,0x0C,0x23,0xED,0x1F,0xDB,0x18,0xB7,0x0E,0xC2,0x02,0x76,0xF6,
    0x56,0xEB,0xC5,0xE2,0xD1,0xDD,0x17,0xDD,0xAD,0xE0,0x23,0xE8,0x8C,0xF2,0x9F,0xFE,
    0xDD,0x0A,0xC3,0x15,0xF9,0x1D,0x7B,0x22,0xB9,0x22,0xAC,0x1E,0xD5,0x16,0x2B,0x0C,
    0x00,0x00,0xD5,0xF3,0x2B,0xE9,0x54,0xE1,0x47,0xDD,0x85,0xDD,0x07,0xE2,0x3D,0xEA,
    0x23,0xF5,0x61,0x01,0x74,0x0D,0xDD,0x17,0x53,0x1F,0xE9,0x22,0x2F,0x22,0x3B,0x1D,
    0xAA,0x14,0x8A,0x09,0x3E,0xFD,0x49,0xF1,0x25,0xE7,0x13,0xE0,0xF4,0xDC,0x2A,0xDE,
    0x8F,0xE3,0x78,0xEC,0xCB,0xF7,0x21,0x04,0xF5,0x0F,0xD0,0x19,0x7A,0x20,0x21,0x23,
    0x6F,0x21,0x9B,0x1B,0x5E,0x12,0xDB,0x06,0x81,0xFA,0xD3,0xEE,0x45,0xE5,0x05,0xDF,
    0xD8,0xDC,0x05,0xDF,0x45,0xE5,0xD3,0xEE,0x81,0xFA,0xDB,0x06,0x5E,0x12,0x9B,0x1B,
    0x6F,0x21,0x21,0x23,0x7A,0x20,0xD0,0x19,0xF5,0x0F,0x21,0x04,0xCB,0xF7,0x78,0xEC,
    0x8F,0xE3,0x2A,0xDE,0xF4,0xDC,0x13,0xE0,0x25,0xE7,0x49,0xF1,0x3E,0xFD,0x8A,0x09,
    0xAA,0x14,0x3B,0x1D,0x2F,0x22,0xE9,0x22,0x53,0x1F,0xDD,0x17,0x74,0x0D,0x61,0x01,
    0x23,0xF5,0x3D,0xEA,0x07,0xE2,0x85,0xDD,0x47,0xDD,0x54,0xE1,0x2B,0xE9,0xD5,0xF3,
    0x00,0x00,0x2B,0x0C,0xD5,0x16,0xAC,0x1E,0xB9,0x22,0x7B,0x22,0xF9,0x1D,0xC3,0x15,
    0xDD,0x0A,0x9F,0xFE,0x8C,0xF2,0x23,0xE8,0xAD,0xE0,0x17,0xDD,0xD1,0xDD,0xC5,0xE2,
    0x56,0xEB,0x76,0xF6,0xC2,0x02,0xB7,0x0E,0xDB,0x18,0xED,0x1F,0x0C,0x23,0xD6,0x21,
    0x71,0x1C,0x88,0x13,0x35,0x08,0xDF,0xFB,0x0B,0xF0,0x30,0xE6,0x86,0xDF,0xDF,0xDC,
    0x91,0xDE,0x65,0xE4,0xA2,0xED,0x25,0xF9,0x7F,0x05,0x2D,0x11,0xBB,0x1A,0xFB,0x20,
    0x28,0x23,0xFB,0x20,0xBB,0x1A,0x2D,0x11,0x7F,0x05,0x25,0xF9,0xA2,0xED,0x65,0xE4,
    0x91,0xDE,0xDF,0xDC,0x86,0xDF,0x30,0xE6,0x0B,0xF0,0xDF,0xFB,0x35,0x08,0x88,0x13,
    0x71,0x1C,0xD6,0x21,0x0C,0x23,0xED,0x1F,0xDB,0x18,0xB7,0x0E,0xC2,0x02,0x76,0xF6,
    0x56,0xEB,0xC5,0xE2,0xD1,0xDD,0x17,0xDD,0xAD,0xE0,0x23,0xE8,0x8C,0xF2,0x9F,0xFE,
    0xDD,0x0A,0xC3,0x15,0xF9,0x1D,0x7B,0x22,0xB9,0x22,0xAC,0x1E,0xD5,0x16,0x2B,0x0C,
    0x00,0x00,0xD5,0xF3,0x2B,0xE9,0x54,0xE1,0x47,0xDD,0x85,0xDD,0x07,0xE2,0x3D,0xEA,
    0x23,0xF5,0x61,0x01,0x74,0x0D,0xDD,0x17,0x53,0x1F,0xE9,0x22,0x2F,0x22,0x3B,0x1D,
    0xAA,0x14,0x8A,0x09,0x3E,0xFD,0x49,0xF1,0x25,0xE7,0x13,0xE0,0xF4,0xDC,0x2A,0xDE,
    0x8F,0xE3,0x78,0xEC,0xCB,0xF7,0x21,0x04,0xF5,0x0F,0xD0,0x19,0x7A,0x20,0x21,0x23,
    0x6F,0x21,0x9B,0x1B,0x5E,0x12,0xDB,0x06,0x81,0xFA,0xD3,0xEE,0x45,0xE5,0x05,0xDF,
    0xD8,0xDC,0x05,0xDF,0x45,0xE5,0xD3,0xEE,0x81,0xFA,0xDB,0x06,0x5E,0x12,0x9B,0x1B,
    0x6F,0x21,0x21,0x23,0x7A,0x20,0xD0,0x19,0xF5,0x0F,0x21,0x04,0xCB,0xF7,0x78,0xEC,
    0x8F,0xE3,0x2A,0xDE,0xF4,0xDC,0x13,0xE0,0x25,0xE7,0x49,0xF1,0x3E,0xFD,0x8A,0x09,
    0xAA,0x14,0x3B,0x1D,0x2F,0x22,0xE9,0x22,0x53,0x1F,0xDD,0x17,0x74,0x0D,0x61,0x01,
    0x23,0xF5,0x3D,0xEA,0x07,0xE2,0x85,0xDD,0x47,0xDD,0x54,0xE1,0x2B,0xE9,0xD5,0xF3,
    0x00,0x00,0x2B,0x0C,0xD5,0x16,0xAC,0x1E,0xB9,0x22,0x7B,0x22,0xF9,0x1D,0xC3,0x15,
    0xDD,0x0A,0x9F,0xFE,0x8C,0xF2,0x23,0xE8,0xAD,0xE0,0x17,0xDD,0xD1,0xDD,0xC5,0xE2,
    0x56,0xEB,0x76,0xF6,0xC2,0x02,0xB7,0x0E,0xDB,0x18,0xED,0x1F,0x0C,0x23,0xD6,0x21,
    0x71,0x1C,0x88,0x13,0x35,0x08,0xDF,0xFB,0x0B,0xF0,0x30,0xE6,0x86,0xDF,0xDF,0xDC,
    0x91,0xDE,0x65,0xE4,0xA2,0xED,0x25,0xF9,0x7F,0x05,0x2D,0x11,0xBB,0x1A,0xFB,0x20,
    0x28,0x23,0xFB,0x20,0xBB,0x1A,0x2D,0x11,0x7F,0x05,0x25,0xF9,0xA2,0xED,0x65,0xE4,
    0x91,0xDE,0xDF,0xDC,0x86,0xDF,0x30,0xE6,0x0B,0xF0,0xDF,0xFB,0x35,0x08,0x88,0x13,
    0x71,0x1C,0xD6,0x21,0x0C,0x23,0xED,0x1F,0xDB,0x18,0xB7,0x0E,0xC2,0x02,0x76,0xF6,
    0x56,0xEB,0xC5,0xE2,0xD1,0xDD,0x17,0xDD,0xAD,0xE0,0x23,0xE8,0x8C,0xF2,0x9F,0xFE,
    0xDD,0x0A,0xC3,0x15,0xF9,0x1D,0x7B,0x22,0xB9,0x22,0xAC,0x1E,0xD5,0x16,0x2B,0x0C,
    0x00,0x00,0xD5,0xF3,0x2B,0xE9,0x54,0xE1,0x47,0xDD,0x85,0xDD,0x07,0xE2,0x3D,0xEA,
    0x23,0xF5,0x61,0x01,0x74,0x0D,0xDD,0x17,0x53,0x1F,0xE9,0x22,0x2F,0x22,0x3B,0x1D,
    0xAA,0x14,0x8A,0x09,0x3E,0xFD,0x49,0xF1,0x25,0xE7,0x13,0xE0,0xF4,0xDC,0x2A,0xDE,
    0x8F,0xE3,0x78,0xEC,0xCB,0xF7,0x21,0x04,0xF5,0x0F,0xD0,0x19,0x7A,0x20,0x21,0x23,
    0x6F,0x21,0x9B,0x1B,0x5E,0x12,0xDB,0x06,0x81,0xFA,0xD3,0xEE,0x45,0xE5,0x05,0xDF,
    0xD8,0xDC,0x05,0xDF,0x45,0xE5,0xD3,0xEE,0x81,0xFA,0xDB,0x06,0x5E,0x12,0x9B,0x1B,
    0x6F,0x21,0x21,0x23,0x7A,0x20,0xD0,0x19,0xF5,0x0F,0x21,0x04,0xCB,0xF7,0x78,0xEC,
    0x8F,0xE3,0x2A,0xDE,0xF4,0xDC,0x13,0xE0,0x25,0xE7,0x49,0xF1,0x3E,0xFD,0x8A,0x09,
    0xAA,0x14,0x3B,0x1D,0x2F,0x22,0xE9,0x22,0x53,0x1F,0xDD,0x17,0x74,0x0D,0x61,0x01,
    0x23,0xF5,0x3D,0xEA,0x07,0xE2,0x85,0xDD,0x47,0xDD,0x54,0xE1,0x2B,0xE9,0xD5,0xF3,
    0x00,0x00,0x2B,0x0C,0xD5,0x16,0xAC,0x1E,0xB9,0x22,0x7B,0x22,0xF9,0x1D,0xC3,0x15,
    0xDD,0x0A,0x9F,0xFE,0x8C,0xF2,0x23,0xE8,0xAD,0xE0,0x17,0xDD,0xD1,0xDD,0xC5,0xE2,
    0x56,0xEB,0x76,0xF6,0xC2,0x02,0xB7,0x0E,0xDB,0x18,0xED,0x1F,0x0C,0x23,0xD6,0x21,
    0x71,0x1C,0x88,0x13,0x35,0x08,0xDF,0xFB,0x0B,0xF0,0x30,0xE6,0x86,0xDF,0xDF,0xDC,
    0x91,0xDE,0x65,0xE4,0xA2,0xED,0x25,0xF9,0x7F,0x05,0x2D,0x11,0xBB,0x1A,0xFB,0x20,
    0x30,0x30,0x64,0x63,0xD8,0x05,0x00,0x00,0xFF,0xD8,0xFF,0xE0,0x00,0x10,0x4A,0x46,
    0x49,0x46,0x00,0x01,0x01,0x00,0x00,0x01,0x00,0x01,0x00,0x00,0xFF,0xDB,0x00,0x43,
    0x00,0x06,0x04,0x05,0x06,0x05,0x04,0x06,0x06,0x05,0x06,0x07,0x07,0x06,0x08,0x0A,
    0x10,0x0A,0x0A,0x09,0x09,0x0A,0x14,0x0E,0x0F,0x0C,0x10,0x17,0x14,0x18,0x18,0x17,
    0x14,0x16,0x16,0x1A,0x1D,0x25,0x1F,0x1A,0x1B,0x23,0x1C,0x16,0x16,0x20,0x2C,0x20,
    0x23,0x26,0x27,0x29,0x2A,0x29,0x19,0x1F,0x2D,0x30,0x2D,0x28,0x30,0x25,0x28,0x29,
    0x28,0xFF,0xDB,0x00,0x43,0x01,0x07,0x07,0x07,0x0A,0x08,0x0A,0x13,0x0A,0x0A,0x13,
    0x28,0x1A,0x16,0x1A,0x28,0x28,0x28,0x28,0x28,0x28,0x28,0x28,0x28,0x28,0x28,0x28,
    0x28,0x28,0x28,0x28,0x28,0x28,0x28,0x28,0x28,0x28,0x28,0x28,0x28,0x28,0x28,0x28,
    0x28,0x28,0x28,0x28,0x28,0x28,0x28,0x28,0x28,0x28,0x28,0x28,0x28,0x28,0x28,0x28,
    0x28,0x28,0x28,0x28,0x28,0x28,0xFF,0xC0,0x00,0x11,0x08,0x00,0x3C,0x00,0x50,0x03,
    0x01,0x11,0x00,0x02,0x11,0x01,0x03,0x11,0x01,0xFF,0xC4,0x00,0x1F,0x00,0x00,0x01,
    0x05,0x01,0x01,0x01,0x01,0x01,0x01,0x00,0x00,0x00,0x00,0x00,0x00,0x00,0x00,0x01,
    0x02,0x03,0x04,0x05,0x06,0x07,0x08,0x09,0x0A,0x0B,0xFF,0xC4,0x00,0xB5,0x10,0x00,
    0x02,0x01,0x03,0x03,0x02,0x04,0x03,0x05,0x05,0x04,0x04,0x00,0x00,0x01,0x7D,0x01,
    0x02,0x03,0x00,0x04,0x11,0x05,0x12,0x21,0x31,0x41,0x06,0x13,0x51,0x61,0x07,0x22,
    0x71,0x14,0x32,0x81,0x91,0xA1,0x08,0x23,0x42,0xB1,0xC1,0x15,0x52,0xD1,0xF0,0x24,
    0x33,0x62,0x72,0x82,0x09,0x0A,0x16,0x17,0x18,0x19,0x1A,0x25,0x26,0x27,0x28,0x29,
    0x2A,0x34,0x35,0x36,0x37,0x38,0x39,0x3A,0x43,0x44,0x45,0x46,0x47,0x48,0x49,0x4A,
    0x53,0x54,0x55,0x56,0x57,0x58,0x59,0x5A,0x63,0x64,0x65,0x66,0x67,0x68,0x69,0x6A,
    0x73,0x74,0x75,0x76,0x77,0x78,0x79,0x7A,0x83,0x84,0x85,0x86,0x87,0x88,0x89,0x8A,
    0x92,0x93,0x94,0x95,0x96,0x97,0x98,0x99,0x9A,0xA2,0xA3,0xA4,0xA5,0xA6,0xA7,0xA8,
    0xA9,0xAA,0xB2,0xB3,0xB4,0xB5,0xB6,0xB7,0xB8,0xB9,0xBA,0xC2,0xC3,0xC4,0xC5,0xC6,
    0xC7,0xC8,0xC9,0xCA,0xD2,0xD3,0xD4,0xD5,0xD6,0xD7,0xD8,0xD9,0xDA,0xE1,0xE2,0xE3,
    0xE4,0xE5,0xE6,0xE7,0xE8,0xE9,0xEA,0xF1,0xF2,0xF3,0xF4,0xF5,0xF6,0xF7,0xF8,0xF9,
    0xFA,0xFF,0xC4,0x00,0x1F,0x01,0x00,0x03,0x01,0x01,0x01,0x01,0x01,0x01,0x01,0x01,
    0x01,0x00,0x00,0x00,0x00,0x00,0x00,0x01,0x02,0x03,0x04,0x05,0x06,0x07,0x08,0x09,
    0x0A,0x0B,0xFF,0xC4,0x00,0xB5,0x11,0x00,0x02,0x01,0x02,0x04,0x04,0x03,0x04,0x07,
    0x05,0x04,0x04,0x00,0x01,0x02,0x77,0x00,0x01,0x02,0x03,0x11,0x04,0x05,0x21,0x31,
    0x06,0x12,0x41,0x51,0x07,0x61,0x71,0x13,0x22,0x32,0x81,0x08,0x14,0x42,0x91,0xA1,
    0xB1,0xC1,0x09,0x23,0x33,0x52,0xF0,0x15,0x62,0x72,0xD1,0x0A,0x16,0x24,0x34,0xE1,
    0x25,0xF1,0x17,0x18,0x19,0x1A,0x26,0x27,0x28,0x29,0x2A,0x35,0x36,0x37,0x38,0x39,
    0x3A,0x43,0x44,0x45,0x46,0x47,0x48,0x49,0x4A,0x53,0x54,0x55,0x56,0x57,0x58,0x59,
    0x5A,0x63,0x64,0x65,0x66,0x67,0x68,0x69,0x6A,0x73,0x74,0x75,0x76,0x77,0x78,0x79,
    0x7A,0x82,0x83,0x84,0x85,0x86,0x87,0x88,0x89,0x8A,0x92,0x93,0x94,0x95,0x96,0x97,
    0x98,0x99,0x9A,0xA2,0xA3,0xA4,0xA5,0xA6,0xA7,0xA8,0xA9,0xAA,0xB2,0xB3,0xB4,0xB5,
    0xB6,0xB7,0xB8,0xB9,0xBA,0xC2,0xC3,0xC4,0xC5,0xC6,0xC7,0xC8,0xC9,0xCA,0xD2,0xD3,
    0xD4,0xD5,0xD6,0xD7,0xD8,0xD9,0xDA,0xE2,0xE3,0xE4,0xE5,0xE6,0xE7,0xE8,0xE9,0xEA,
    0xF2,0xF3,0xF4,0xF5,0xF6,0xF7,0xF8,0xF9,0xFA,0xFF,0xDA,0x00,0x0C,0x03,0x01,0x00,
    0x02,0x11,0x03,0x11,0x00,0x3F,0x00,0xF9,0xCA,0x3B,0x6F,0x6A,0xFB,0x07,0x33,0x96,
    0x9D,0x42,0xD4,0x76,0xDE,0xD5,0x93,0x99,0xDD,0x4E,0xA1,0x66,0x3B,0x6F,0x6A,0xC9,
    0xCC,0xEE,0xA7,0x50,0xB5,0x1D,0xB7,0xB5,0x66,0xE6,0x77,0x53,0xA8,0x59,0x8E,0xDB,
    0xDA,0xB2,0x73,0x3B,0x69,0xD4,0x2D,0x47,0x6D,0xED,0x59,0x39,0x9D,0xD4,0xEA,0x16,
    0x63,0xB6,0xF6,0xAC,0xDC,0xCE,0xEA,0x75,0x0B,0x51,0xDB,0x7B,0x56,0x4E,0x67,0x6D,
    0x3A,0x85,0xA8,0xED,0xBD,0xAB,0x37,0x33,0xBA,0x9D,0x42,0xCC,0x76,0xDE,0xD5,0x93,
    0x99,0xDD,0x4E,0xA1,0xC1,0x47,0x6D,0xED,0x5E,0xEB,0x99,0xFC,0xE9,0x4E,0xA1,0x6A,
    0x3B,0x6F,0x6A,0xCD,0xCC,0xEE,0xA7,0x50,0xB3,0x1D,0xB7,0xB5,0x64,0xE6,0x77,0x53,
    0xA8,0x5A,0x8E,0xDB,0xDA,0xB3,0x73,0x3B,0x69,0xD4,0x2C,0xC7,0x6D,0xED,0x59,0x39,
    0x9D,0xD4,0xEA,0x16,0xA3,0xB6,0xF6,0xAC,0x9C,0xCE,0xEA,0x75,0x0B,0x51,0xDB,0x7B,
    0x56,0x6E,0x67,0x6D,0x3A,0x85,0x98,0xED,0xBD,0xAB,0x27,0x33,0xBA,0x9D,0x42,0xD4,
    0x76,0xDE,0xD5,0x93,0x99,0xDD,0x4E,0xA1,0x66,0x3B,0x6F,0x6A,0xCD,0xCC,0xEE,0xA7,
    0x50,0xE0,0xA3,0xB6,0xF6,0xAF,0x75,0xCC,0xFE,0x74,0xA7,0x50,0xB5,0x1D,0xB7,0xB5,
    0x66,0xE6,0x76,0xD3,0xA8,0x59,0x8E,0xDB,0xDA,0xB2,0x73,0x3B,0xA9,0xD4,0x2D,0x47,
    0x6D,0xED,0x59,0x39,0x9D,0xD4,0xEA,0x16,0x63,0xB6,0xF6,0xAC,0xDC,0xCE,0xEA,0x75,
    0x0B,0x51,0xDB,0x7B,0x56,0x4E,0x67,0x6D,0x3A,0x85,0xA8,0xED,0xBD,0xAB,0x37,0x33,
    0xBA,0x9D,0x42,0xCC,0x76,0xDE,0xD5,0x93,0x99,0xDD,0x4E,0xA1,0x6A,0x3B,0x6F,0x6A,
    0xC9,0xCC,0xEE,0xA7,0x50,0xB3,0x1D,0xB7,0xB5,0x66,0xE6,0x76,0xD3,0xA8,0x70,0x51,
    0xDB,0x7B,0x57,0xBA,0xE6,0x7F,0x3A,0x53,0xA8,0x5A,0x8E,0xDB,0xDA,0xB3,0x73,0x3B,
    0xA9,0xD4,0x2C,0xC7,0x6D,0xED,0x59,0x39,0x9D,0xD4,0xEA,0x16,0xA3,0xB6,0xF6,0xAC,
    0x9C,0xCE,0xDA,0x75,0x0B,0x31,0xDB,0x7B,0x56,0x6E,0x67,0x75,0x3A,0x85,0xA8,0xED,
    0xBD,0xAB,0x27,0x33,0xBA,0x9D,0x42,0xD4,0x76,0xDE,0xD5,0x93,0x99,0xDD,0x4E,0xA1,
    0x66,0x3B,0x6F,0x6A,0xCD,0xCC,0xED,0xA7,0x50,0xB5,0x1D,0xB7,0xB5,0x64,0xE6,0x77,
    0x53,0xA8,0x59,0x8E,0xDB,0xDA,0xB2,0x73,0x3B,0xA9,0xD4,0x38,0x28,0xED,0xBD,0xAB,
    0xDE,0x73,0x3F,0x9D,0x29,0xD4,0x2D,0x47,0x6D,0xED,0x59,0x39,0x9D,0xD4,0xEA,0x16,
    0x63,0xB6,0xF6,0xAC,0xDC,0xCE,0xEA,0x75,0x0B,0xF1,0x58,0x36,0x32,0x70,0x3D,0x8D,
    0x4E,0xAC,0xFA,0x7C,0x36,0x4B,0x8B,0xA9,0x0E,0x67,0x68,0xF9,0x3D,0xFF,0x00,0x04,
    0xFF,0x00,0x1D,0x49,0x52,0xD4,0x83,0x82,0x2B,0x19,0x49,0xAD,0x19,0x8C,0xE1,0x53,
    0x0F,0x3E,0x4A,0xAA,0xCC,0xB3,0x1D,0xB7,0xB5,0x62,0xE6,0x74,0x53,0xA8,0x5A,0x8E,
    0xDB,0xDA,0xB2,0x73,0x3B,0x69,0xD4,0x2C,0xC7,0x6D,0xED,0x59,0xB9,0x9D,0xD4,0xEA,
    0x16,0xA3,0xB6,0xF6,0xAC,0x9C,0xCE,0xEA,0x75,0x0B,0x31,0xDB,0x7B,0x56,0x4E,0x67,
    0x75,0x3A,0x87,0x05,0x1D,0xB7,0xB5,0x7B,0xCE,0x67,0xF3,0xA5,0x3A,0x85,0xA8,0xED,
    0xBD,0xAB,0x27,0x33,0xBA,0x9D,0x42,0xDC,0x30,0x05,0x20,0x91,0xD2,0x8A,0x72,0xE6,
    0x91,0xF5,0xDC,0x2D,0x4E,0x15,0xF1,0xB7,0x9F,0xD9,0x4D,0xAF,0x5B,0xA5,0xFA,0xDF,
    0xD6,0xC4,0xF5,0xD0,0x7E,0x94,0x49,0x02,0xEF,0x94,0x2F,0xAD,0x61,0x88,0xF8,0x2F,
    0xD8,0xF2,0x33,0xBA,0x71,0x96,0x15,0xD4,0x7B,0xC6,0xD6,0xF9,0xBB,0x7F,0x5F,0x23,
    0x42,0x3B,0x6F,0x6A,0xF3,0x1C,0xCF,0x94,0xA7,0x50,0xB5,0x1D,0xB7,0xB5,0x64,0xE6,
    0x77,0x53,0xA8,0x59,0x8E,0xDB,0xDA,0xB3,0x73,0x3B,0xA9,0xD4,0x2D,0x47,0x6D,0xED,
    0x59,0x39,0x9D,0xD4,0xEA,0x16,0x63,0xB6,0xF6,0xAC,0x9C,0xCE,0xDA,0x75,0x0E,0x0A,
    0x3B,0x6F,0x6A,0xF7,0x9C,0xCF,0xE7,0x4A,0x75,0x0B,0x51,0xDB,0x7B,0x56,0x4E,0x67,
    0x75,0x3A,0x85,0x95,0xB5,0xDC,0xB8,0x22,0xA1,0x55,0x71,0x77,0x47,0xAF,0x80,0xC7,
    0xD4,0xC1,0xD6,0x8D,0x7A,0x5B,0xC7,0xFA,0xFC,0x51,0x13,0x58,0x4F,0xBB,0x08,0xBB,
    0x87,0xA8,0x38,0xAE,0xD8,0xE3,0x29,0x35,0xAB,0xB1,0xFA,0x6E,0x17,0x8A,0x70,0x15,
    0xA0,0xA5,0x51,0xB8,0x3E,0xCD,0x37,0xF7,0x34,0x9E,0x9F,0x73,0xF2,0x34,0x6C,0x34,
    0xF3,0x16,0x59,0xCE,0x5C,0xF1,0xC7,0x40,0x2B,0x83,0x13,0x8B,0xF6,0x9A,0x47,0x63,
    0xC0,0xCD,0x73,0xCF,0xAF,0xB5,0x0A,0x6A,0xD0,0x5A,0xEB,0xBB,0x7F,0xD7,0xF5,0xDB,
    0x46,0x3B,0x6F,0x6A,0xE2,0x73,0x38,0x69,0xD4,0x2D,0x47,0x6D,0xED,0x59,0x39,0x9D,
    0xD4,0xEA,0x16,0x63,0xB6,0xF6,0xAC,0x9C,0xCE,0xDA,0x75,0x0B,0x51,0xDB,0x7B,0x56,
    0x6E,0x67,0x75,0x3A,0x85,0x98,0xED,0xBD,0xAB,0x27,0x33,0xBA,0x9D,0x43,0xCF,0xA3,
    0x45,0xF4,0xAF,0xA0,0x6D,0x9F,0xCE,0xD4,0xE4,0xCB,0x51,0xA2,0xFA,0x56,0x4D,0xB3,
    0xBA,0x9C,0x99,0x6A,0x34,0x5F,0x4A,0xC9,0xB6,0x77,0x53,0x93,0x2C,0xC6,0x8B,0xE9,
    0x59,0xB6,0xCE,0xEA,0x72,0x65,0xA8,0xD1,0x7D,0x2B,0x26,0xD9,0xDB,0x4E,0x4C,0xB3,
    0x1A,0x2F,0xA5,0x66,0xDB,0x3B,0xA9,0xC9,0x96,0xA3,0x45,0xF4,0xAC,0x9B,0x67,0x75,
    0x39,0x32,0xCC,0x68,0xBE,0x95,0x93,0x6C,0xED,0xA7,0x26,0x5A,0x8D,0x17,0xD2,0xB2,
    0x6D,0x9D,0xD4,0xE4,0xCB,0x51,0xA2,0xFA,0x56,0x6D,0xB3,0xBA,0x9C,0x99,0xFF,0xD9,
    0x30,0x31,0x77,0x62,0xD0,0x07,0x00,0x00,0x00,0x00,0xF1,0x0C,0x10,0x18,0xCF,0x1F,
    0x16,0x23,0x6F,0x21,0x16,0x1B,0xEF,0x10,0x67,0x04,0x42,0xF7,0x56,0xEB,0x52,0xE2,
    0x78,0xDD,0x78,0xDD,0x52,0xE2,0x56,0xEB,0x42,0xF7,0x67,0x04,0xEF,0x10,0x16,0x1B,
    0x6F,0x21,0x16,0x23,0xCF,0x1F,0x10,0x18,0xF1,0x0C,0x00,0x00,0x0F,0xF3,0xF0,0xE7,
    0x31,0xE0,0xEA,0xDC,0x91,0xDE,0xEA,0xE4,0x11,0xEF,0x99,0xFB,0xBE,0x08,0xAA,0x14,
    0xAE,0x1D,0x88,0x22,0x88,0x22,0xAE,0x1D,0xAA,0x14,0xBE,0x08,0x99,0xFB,0x11,0xEF,
    0xEA,0xE4,0x91,0xDE,0xEA,0xDC,0x31,0xE0,0xF0,0xE7,0x0F,0xF3,0x00,0x00,0xF1,0x0C,
    0x10,0x18,0xCF,0x1F,0x16,0x23,0x6F,0x21,0x16,0x1B,0xEF,0x10,0x67,0x04,0x42,0xF7,
    0x56,0xEB,0x52,0xE2,0x78,0xDD,0x78,0xDD,0x52,0xE2,0x56,0xEB,0x42,0xF7,0x67,0x04,
    0xEF,0x10,0x16,0x1B,0x6F,0x21,0x16,0x23,0xCF,0x1F,0x10,0x18,0xF1,0x0C,0x00,0x00,
    0x0F,0xF3,0xF0,0xE7,0x31,0xE0,0xEA,0xDC,0x91,0xDE,0xEA,0xE4,0x11,0xEF,0x99,0xFB,
    0xBE,0x08,0xAA,0x14,0xAE,0x1D,0x88,0x22,0x88,0x22,0xAE,0x1D,0xAA,0x14,0xBE,0x08,
    0x99,0xFB,0x11,0xEF,0xEA,0xE4,0x91,0xDE,0xEA,0xDC,0x31,0xE0,0xF0,0xE7,0x0F,0xF3,
    0x00,0x00,0xF1,0x0C,0x10,0x18,0xCF,0x1F,0x16,0x23,0x6F,0x21,0x16,0x1B,0xEF,0x10,
    0x67,0x04,0x42,0xF7,0x56,0xEB,0x52,0xE2,0x78,0xDD,0x78,0xDD,0x52,0xE2,0x56,0xEB,
    0x42,0xF7,0x67,0x04,0xEF,0x10,0x16,0x1B,0x6F,0x21,0x16,0x23,0xCF,0x1F,0x10,0x18,
    0xF1,0x0C,0x00,0x00,0x0F,0xF3,0xF0,0xE7,0x31,0xE0,0xEA,0xDC,0x91,0xDE,0xEA,0xE4,
    0x11,0xEF,0x99,0xFB,0xBE,0x08,0xAA,0x14,0xAE,0x1D,0x88,0x22,0x88,0x22,0xAE,0x1D,
    0xAA,0x14,0xBE,0x08,0x99,0xFB,0x11,0xEF,0xEA,0xE4,0x91,0xDE,0xEA,0xDC,0x31,0xE0,
    0xF0,0xE7,0x0F,0xF3,0x00,0x00,0xF1,0x0C,0x10,0x18,0xCF,0x1F,0x16,0x23,0x6F,0x21,
    0x16,0x1B,0xEF,0x10,0x67,0x04,0x42,0xF7,0x56,0xEB,0x52,0xE2,0x78,0xDD,0x78,0xDD,
    0x52,0xE2,0x56,0xEB,0x42,0xF7,0x67,0x04,0xEF,0x10,0x16,0x1B,0x6F,0x21,0x16,0x23,
    0xCF,0x1F,0x10,0x18,0xF1,0x0C,0x00,0x00,0x0F,0xF3,0xF0,0xE7,0x31,0xE0,0xEA,0xDC,
    0x91,0xDE,0xEA,0xE4,0x11,0xEF,0x99,0xFB,0xBE,0x08,0xAA,0x14,0xAE,0x1D,0x88,0x22,
    0x88,0x22,0xAE,0x1D,0xAA,0x14,0xBE,0x08,0x99,0xFB,0x11,0xEF,0xEA,0xE4,0x91,0xDE,
    0xEA,0xDC,0x31,0xE0,0xF0,0xE7,0x0F,0xF3,0x00,0x00,0xF1,0x0C,0x10,0x18,0xCF,0x1F,
    0x16,0x23,0x6F,0x21,0x16,0x1B,0xEF,0x10,0x67,0x04,0x42,0xF7,0x56,0xEB,0x52,0xE2,
    0x78,0xDD,0x78,0xDD,0x52,0xE2,0x56,0xEB,0x42,0xF7,0x67,0x04,0xEF,0x10,0x16,0x1B,
    0x6F,0x21,0x16,0x23,0xCF,0x1F,0x10,0x18,0xF1,0x0C,0x00,0x00,0x0F,0xF3,0xF0,0xE7,
    0x31,0xE0,0xEA,0xDC,0x91,0xDE,0xEA,0xE4,0x11,0xEF,0x99,0xFB,0xBE,0x08,0xAA,0x14,
    0xAE,0x1D,0x88,0x22,0x88,0x22,0xAE,0x1D,0xAA,0x14,0xBE,0x08,0x99,0xFB,0x11,0xEF,
    0xEA,0xE4,0x91,0xDE,0xEA,0xDC,0x31,0xE0,0xF0,0xE7,0x0F,0xF3,0x00,0x00,0xF1,0x0C,
    0x10,0x18,0xCF,0x1F,0x16,0x23,0x6F,0x21,0x16,0x1B,0xEF,0x10,0x67,0x04,0x42,0xF7,
    0x56,0xEB,0x52,0xE2,0x78,0xDD,0x78,0xDD,0x52,0xE2,0x56,0xEB,0x42,0xF7,0x67,0x04,
    0xEF,0x10,0x16,0x1B,0x6F,0x21,0x16,0x23,0xCF,0x1F,0x10,0x18,0xF1,0x0C,0x00,0x00,
    0x0F,0xF3,0xF0,0xE7,0x31,0xE0,0xEA,0xDC,0x91,0xDE,0xEA,0xE4,0x11,0xEF,0x99,0xFB,
    0xBE,0x08,0xAA,0x14,0xAE,0x1D,0x88,0x22,0x88,0x22,0xAE,0x1D,0xAA,0x14,0xBE,0x08,
    0x99,0xFB,0x11,0xEF,0xEA,0xE4,0x91,0xDE,0xEA,0xDC,0x31,0xE0,0xF0,0xE7,0x0F,0xF3,
    0x00,0x00,0xF1,0x0C,0x10,0x18,0xCF,0x1F,0x16,0x23,0x6F,0x21,0x16,0x1B,0xEF,0x10,
    0x67,0x04,0x42,0xF7,0x56,0xEB,0x52,0xE2,0x78,0xDD,0x78,0xDD,0x52,0xE2,0x56,0xEB,
    0x42,0xF7,0x67,0x04,0xEF,0x10,0x16,0x1B,0x6F,0x21,0x16,0x23,0xCF,0x1F,0x10,0x18,
    0xF1,0x0C,0x00,0x00,0x0F,0xF3,0xF0,0xE7,0x31,0xE0,0xEA,0xDC,0x91,0xDE,0xEA,0xE4,
    0x11,0xEF,0x99,0xFB,0xBE,0x08,0xAA,0x14,0xAE,0x1D,0x88,0x22,0x88,0x22,0xAE,0x1D,
    0xAA,0x14,0xBE,0x08,0x99,0xFB,0x11,0xEF,0xEA,0xE4,0x91,0xDE,0xEA,0xDC,0x31,0xE0,
    0xF0,0xE7,0x0F,0xF3,0x00,0x00,0xF1,0x0C,0x10,0x18,0xCF,0x1F,0x16,0x23,0x6F,0x21,
    0x16,0x1B,0xEF,0x10,0x67,0x04,0x42,0xF7,0x56,0xEB,0x52,0xE2,0x78,0xDD,0x78,0xDD,
    0x52,0xE2,0x56,0xEB,0x42,0xF7,0x67,0x04,0xEF,0x10,0x16,0x1B,0x6F,0x21,0x16,0x23,
    0xCF,0x1F,0x10,0x18,0xF1,0x0C,0x00,0x00,0x0F,0xF3,0xF0,0xE7,0x31,0xE0,0xEA,0xDC,
    0x91,0xDE,0xEA,0xE4,0x11,0xEF,0x99,0xFB,0xBE,0x08,0xAA,0x14,0xAE,0x1D,0x88,0x22,
    0x88,0x22,0xAE,0x1D,0xAA,0x14,0xBE,0x08,0x99,0xFB,0x11,0xEF,0xEA,0xE4,0x91,0xDE,
    0xEA,0xDC,0x31,0xE0,0xF0,0xE7,0x0F,0xF3,0x00,0x00,0xF1,0x0C,0x10,0x18,0xCF,0x1F,
    0x16,0x23,0x6F,0x21,0x16,0x1B,0xEF,0x10,0x67,0x04,0x42,0xF7,0x56,0xEB,0x52,0xE2,
    0x78,0xDD,0x78,0xDD,0x52,0xE2,0x56,0xEB,0x42,0xF7,0x67,0x04,0xEF,0x10,0x16,0x1B,
    0x6F,0x21,0x16,0x23,0xCF,0x1F,0x10,0x18,0xF1,0x0C,0x00,0x00,0x0F,0xF3,0xF0,0xE7,
    0x31,0xE0,0xEA,0xDC,0x91,0xDE,0xEA,0xE4,0x11,0xEF,0x99,0xFB,0xBE,0x08,0xAA,0x14,
    0xAE,0x1D,0x88,0x22,0x88,0x22,0xAE,0x1D,0xAA,0x14,0xBE,0x08,0x99,0xFB,0x11,0xEF,
    0xEA,0xE4,0x91,0xDE,0xEA,0xDC,0x31,0xE0,0xF0,0xE7,0x0F,0xF3,0x00,0x00,0xF1,0x0C,
    0x10,0x18,0xCF,0x1F,0x16,0x23,0x6F,0x21,0x16,0x1B,0xEF,0x10,0x67,0x04,0x42,0xF7,
    0x56,0xEB,0x52,0xE2,0x78,0xDD,0x78,0xDD,0x52,0xE2,0x56,0xEB,0x42,0xF7,0x67,0x04,
    0xEF,0x10,0x16,0x1B,0x6F,0x21,0x16,0x23,0xCF,0x1F,0x10,0x18,0xF1,0x0C,0x00,0x00,
    0x0F,0xF3,0xF0,0xE7,0x31,0xE0,0xEA,0xDC,0x91,0xDE,0xEA,0xE4,0x11,0xEF,0x99,0xFB,
    0xBE,0x08,0xAA,0x14,0xAE,0x1D,0x88,0x22,0x88,0x22,0xAE,0x1D,0xAA,0x14,0xBE,0x08,
    0x99,0xFB,0x11,0xEF,0xEA,0xE4,0x91,0xDE,0xEA,0xDC,0x31,0xE0,0xF0,0xE7,0x0F,0xF3,
    0x00,0x00,0xF1,0x0C,0x10,0x18,0xCF,0x1F,0x16,0x23,0x6F,0x21,0x16,0x1B,0xEF,0x10,
    0x67,0x04,0x42,0xF7,0x56,0xEB,0x52,0xE2,0x78,0xDD,0x78,0xDD,0x52,0xE2,0x56,0xEB,
    0x42,0xF7,0x67,0x04,0xEF,0x10,0x16,0x1B,0x6F,0x21,0x16,0x23,0xCF,0x1F,0x10,0x18,
    0xF1,0x0C,0x00,0x00,0x0F,0xF3,0xF0,0xE7,0x31,0xE0,0xEA,0xDC,0x91,0xDE,0xEA,0xE4,
    0x11,0xEF,0x99,0xFB,0xBE,0x08,0xAA,0x14,0xAE,0x1D,0x88,0x22,0x88,0x22,0xAE,0x1D,
    0xAA,0x14,0xBE,0x08,0x99,0xFB,0x11,0xEF,0xEA,0xE4,0x91,0xDE,0xEA,0xDC,0x31,0xE0,
    0xF0,0xE7,0x0F,0xF3,0x00,0x00,0xF1,0x0C,0x10,0x18,0xCF,0x1F,0x16,0x23,0x6F,0x21,
    0x16,0x1B,0xEF,0x10,0x67,0x04,0x42,0xF7,0x56,0xEB,0x52,0xE2,0x78,0xDD,0x78,0xDD,
    0x52,0xE2,0x56,0xEB,0x42,0xF7,0x67,0x04,0xEF,0x10,0x16,0x1B,0x6F,0x21,0x16,0x23,
    0xCF,0x1F,0x10,0x18,0xF1,0x0C,0x00,0x00,0x0F,0xF3,0xF0,0xE7,0x31,0xE0,0xEA,0xDC,
    0x91,0xDE,0xEA,0xE4,0x11,0xEF,0x99,0xFB,0xBE,0x08,0xAA,0x14,0xAE,0x1D,0x88,0x22,
    0x88,0x22,0xAE,0x1D,0xAA,0x14,0xBE,0x08,0x99,0xFB,0x11,0xEF,0xEA,0xE4,0x91,0xDE,
    0xEA,0xDC,0x31,0xE0,0xF0,0xE7,0x0F,0xF3,0x00,0x00,0xF1,0x0C,0x10,0x18,0xCF,0x1F,
    0x16,0x23,0x6F,0x21,0x16,0x1B,0xEF,0x10,0x67,0x04,0x42,0xF7,0x56,0xEB,0x52,0xE2,
    0x78,0xDD,0x78,0xDD,0x52,0xE2,0x56,0xEB,0x42,0xF7,0x67,0x04,0xEF,0x10,0x16,0x1B,
    0x6F,0x21,0x16,0x23,0xCF,0x1F,0x10,0x18,0xF1,0x0C,0x00,0x00,0x0F,0xF3,0xF0,0xE7,
    0x31,0xE0,0xEA,0xDC,0x91,0xDE,0xEA,0xE4,0x11,0xEF,0x99,0xFB,0xBE,0x08,0xAA,0x14,
    0xAE,0x1D,0x88,0x22,0x88,0x22,0xAE,0x1D,0xAA,0x14,0xBE,0x08,0x99,0xFB,0x11,0xEF,
    0xEA,0xE4,0x91,0xDE,0xEA,0xDC,0x31,0xE0,0xF0,0xE7,0x0F,0xF3,0x00,0x00,0xF1,0x0C,
    0x10,0x18,0xCF,0x1F,0x16,0x23,0x6F,0x21,0x16,0x1B,0xEF,0x10,0x67,0x04,0x42,0xF7,
    0x56,0xEB,0x52,0xE2,0x78,0xDD,0x78,0xDD,0x52,0xE2,0x56,0xEB,0x42,0xF7,0x67,0x04,
    0xEF,0x10,0x16,0x1B,0x6F,0x21,0x16,0x23,0xCF,0x1F,0x10,0x18,0xF1,0x0C,0x00,0x00,
    0x0F,0xF3,0xF0,0xE7,0x31,0xE0,0xEA,0xDC,0x91,0xDE,0xEA,0xE4,0x11,0xEF,0x99,0xFB,
    0xBE,0x08,0xAA,0x14,0xAE,0x1D,0x88,0x22,0x88,0x22,0xAE,0x1D,0xAA,0x14,0xBE,0x08,
    0x99,0xFB,0x11,0xEF,0xEA,0xE4,0x91,0xDE,0xEA,0xDC,0x31,0xE0,0xF0,0xE7,0x0F,0xF3,
    0x00,0x00,0xF1,0x0C,0x10,0x18,0xCF,0x1F,0x16,0x23,0x6F,0x21,0x16,0x1B,0xEF,0x10,
    0x67,0x04,0x42,0xF7,0x56,0xEB,0x52,0xE2,0x78,0xDD,0x78,0xDD,0x52,0xE2,0x56,0xEB,
    0x42,0xF7,0x67,0x04,0xEF,0x10,0x16,0x1B,0x6F,0x21,0x16,0x23,0xCF,0x1F,0x10,0x18,
    0xF1,0x0C,0x00,0x00,0x0F,0xF3,0xF0,0xE7,0x31,0xE0,0xEA,0xDC,0x91,0xDE,0xEA,0xE4,
    0x11,0xEF,0x99,0xFB,0xBE,0x08,0xAA,0x14,0xAE,0x1D,0x88,0x22,0x88,0x22,0xAE,0x1D,
    0xAA,0x14,0xBE,0x08,0x99,0xFB,0x11,0xEF,0xEA,0xE4,0x91,0xDE,0xEA,0xDC,0x31,0xE0,
    0xF0,0xE7,0x0F,0xF3,0x00,0x00,0xF1,0x0C,0x10,0x18,0xCF,0x1F,0x16,0x23,0x6F,0x21,
    0x16,0x1B,0xEF,0x10,0x67,0x04,0x42,0xF7,0x56,0xEB,0x52,0xE2,0x78,0xDD,0x78,0xDD,
    0x52,0xE2,0x56,0xEB,0x42,0xF7,0x67,0x04,0xEF,0x10,0x16,0x1B,0x6F,0x21,0x16,0x23,
    0xCF,0x1F,0x10,0x18,0xF1,0x0C,0x00,0x00,0x0F,0xF3,0xF0,0xE7,0x31,0xE0,0xEA,0xDC,
    0x91,0xDE,0xEA,0xE4,0x11,0xEF,0x99,0xFB,0xBE,0x08,0xAA,0x14,0xAE,0x1D,0x88,0x22,
    0x88,0x22,0xAE,0x1D,0xAA,0x14,0xBE,0x08,0x99,0xFB,0x11,0xEF,0xEA,0xE4,0x91,0xDE,
    0xEA,0xDC,0x31,0xE0,0xF0,0xE7,0x0F,0xF3,0x00,0x00,0xF1,0x0C,0x10,0x18,0xCF,0x1F,
    0x16,0x23,0x6F,0x21,0x16,0x1B,0xEF,0x10,0x67,0x04,0x42,0xF7,0x56,0xEB,0x52,0xE2,
    0x78,0xDD,0x78,0xDD,0x52,0xE2,0x56,0xEB,0x42,0xF7,0x67,0x04,0xEF,0x10,0x16,0x1B,
    0x6F,0x21,0x16,0x23,0xCF,0x1F,0x10,0x18,0xF1,0x0C,0x00,0x00,0x0F,0xF3,0xF0,0xE7,
    0x31,0xE0,0xEA,0xDC,0x91,0xDE,0xEA,0xE4,0x11,0xEF,0x99,0xFB,0xBE,0x08,0xAA,0x14,
    0xAE,0x1D,0x88,0x22,0x88,0x22,0xAE,0x1D,0xAA,0x14,0xBE,0x08,0x99,0xFB,0x11,0xEF,
    0xEA,0xE4,0x91,0xDE,0xEA,0xDC,0x31,0xE0,0xF0,0xE7,0x0F,0xF3,0x00,0x00,0xF1,0x0C,
    0x10,0x18,0xCF,0x1F,0x16,0x23,0x6F,0x21,0x16,0x1B,0xEF,0x10,0x67,0x04,0x42,0xF7,
    0x56,0xEB,0x52,0xE2,0x78,0xDD,0x78,0xDD,0x52,0xE2,0x56,0xEB,0x42,0xF7,0x67,0x04,
    0xEF,0x10,0x16,0x1B,0x6F,0x21,0x16,0x23,0xCF,0x1F,0x10,0x18,0xF1,0x0C,0x00,0x00,
    0x0F,0xF3,0xF0,0xE7,0x31,0xE0,0xEA,0xDC,0x91,0xDE,0xEA,0xE4,0x11,0xEF,0x99,0xFB,
    0xBE,0x08,0xAA,0x14,0xAE,0x1D,0x88,0x22,0x88,0x22,0xAE,0x1D,0xAA,0x14,0xBE,0x08,
    0x99,0xFB,0x11,0xEF,0xEA,0xE4,0x91,0xDE,0xEA,0xDC,0x31,0xE0,0xF0,0xE7,0x0F,0xF3,
    0x00,0x00,0xF1,0x0C,0x10,0x18,0xCF,0x1F,0x16,0x23,0x6F,0x21,0x16,0x1B,0xEF,0x10,
    0x67,0x04,0x42,0xF7,0x56,0xEB,0x52,0xE2,0x78,0xDD,0x78,0xDD,0x52,0xE2,0x56,0xEB,
    0x42,0xF7,0x67,0x04,0xEF,0x10,0x16,0x1B,0x6F,0x21,0x16,0x23,0xCF,0x1F,0x10,0x18,
    0xF1,0x0C,0x00,0x00,0x0F,0xF3,0xF0,0xE7,0x31,0xE0,0xEA,0xDC,0x91,0xDE,0xEA,0xE4,
    0x11,0xEF,0x99,0xFB,0xBE,0x08,0xAA,0x14,0xAE,0x1D,0x88,0x22,0x88,0x22,0xAE,0x1D,
    0xAA,0x14,0xBE,0x08,0x99,0xFB,0x11,0xEF,0xEA,0xE4,0x91,0xDE,0xEA,0xDC,0x31,0xE0,
    0xF0,0xE7,0x0F,0xF3,0x00,0x00,0xF1,0x0C,0x10,0x18,0xCF,0x1F,0x16,0x23,0x6F,0x21,
    0x16,0x1B,0xEF,0x10,0x67,0x04,0x42,0xF7,0x56,0xEB,0x52,0xE2,0x78,0xDD,0x78,0xDD,
    0x52,0xE2,0x56,0xEB,0x42,0xF7,0x67,0x04,0xEF,0x10,0x16,0x1B,0x6F,0x21,0x16,0x23,
    0xCF,0x1F,0x10,0x18,0xF1,0x0C,0x00,0x00,0x0F,0xF3,0xF0,0xE7,0x31,0xE0,0xEA,0xDC,
    0x91,0xDE,0xEA,0xE4,0x11,0xEF,0x99,0xFB,0xBE,0x08,0xAA,0x14,0xAE,0x1D,0x88,0x22,
    0x88,0x22,0xAE,0x1D,0xAA,0x14,0xBE,0x08,0x99,0xFB,0x11,0xEF,0xEA,0xE4,0x91,0xDE,
    0xEA,0xDC,0x31,0xE0,0xF0,0xE7,0x0F,0xF3,0x30,0x30,0x64,0x63,0xC3,0x05,0x00,0x00,
    0xFF,0xD8,0xFF,0xE0,0x00,0x10,0x4A,0x46,0x49,0x46,0x00,0x01,0x01,0x00,0x00,0x01,
    0x00,0x01,0x00,0x00,0xFF,0xDB,0x00,0x43,0x00,0x06,0x04,0x05,0x06,0x05,0x04,0x06,
    0x06,0x05,0x06,0x07,0x07,0x06,0x08,0x0A,0x10,0x0A,0x0A,0x09,0x09,0x0A,0x14,0x0E,
    0x0F,0x0C,0x10,0x17,0x14,0x18,0x18,0x17,0x14,0x16,0x16,0x1A,0x1D,0x25,0x1F,0x1A,
    0x1B,0x23,0x1C,0x16,0x16,0x20,0x2C,0x20,0x23,0x26,0x27,0x29,0x2A,0x29,0x19,0x1F,
    0x2D,0x30,0x2D,0x28,0x30,0x25,0x28,0x29,0x28,0xFF,0xDB,0x00,0x43,0x01,0x07,0x07,
    0x07,0x0A,0x08,0x0A,0x13,0x0A,0x0A,0x13,0x28,0x1A,0x16,0x1A,0x28,0x28,0x28,0x28,
    0x28,0x28,0x28,0x28,0x28,0x28,0x28,0x28,0x28,0x28,0x28,0x28,0x28,0x28,0x28,0x28,
    0x28,0x28,0x28,0x28,0x28,0x28,0x28,0x28,0x28,0x28,0x28,0x28,0x28,0x28,0x28,0x28,
    0x28,0x28,0x28,0x28,0x28,0x28,0x28,0x28,0x28,0x28,0x28,0x28,0x28,0x28,0xFF,0xC0,
    0x00,0x11,0x08,0x00,0x3C,0x00,0x50,0x03,0x01,0x11,0x00,0x02,0x11,0x01,0x03,0x11,
    0x01,0xFF,0xC4,0x00,0x1F,0x00,0x00,0x01,0x05,0x01,0x01,0x01,0x01,0x01,0x01,0x00,
    0x00,0x00,0x00,0x00,0x00,0x00,0x00,0x01,0x02,0x03,0x04,0x05,0x06,0x07,0x08,0x09,
    0x0A,0x0B,0xFF,0xC4,0x00,0xB5,0x10,0x00,0x02,0x01,0x03,0x03,0x02,0x04,0x03,0x05,
    0x05,0x04,0x04,0x00,0x00,0x01,0x7D,0x01,0x02,0x03,0x00,0x04,0x11,0x05,0x12,0x21,
    0x31,0x41,0x06,0x13,0x51,0x61,0x07,0x22,0x71,0x14,0x32,0x81,0x91,0xA1,0x08,0x23,
    0x42,0xB1,0xC1,0x15,0x52,0xD1,0xF0,0x24,0x33,0x62,0x72,0x82,0x09,0x0A,0x16,0x17,
    0x18,0x19,0x1A,0x25,0x26,0x27,0x28,0x29,0x2A,0x34,0x35,0x36,0x37,0x38,0x39,0x3A,
    0x43,0x44,0x45,0x46,0x47,0x48,0x49,0x4A,0x53,0x54,0x55,0x56,0x57,0x58,0x59,0x5A,
    0x63,0x64,0x65,0x66,0x67,0x68,0x69,0x6A,0x73,0x74,0x75,0x76,0x77,0x78,0x79,0x7A,
    0x83,0x84,0x85,0x86,0x87,0x88,0x89,0x8A,0x92,0x93,0x94,0x95,0x96,0x97,0x98,0x99,
    0x9A,0xA2,0xA3,0xA4,0xA5,0xA6,0xA7,0xA8,0xA9,0xAA,0xB2,0xB3,0xB4,0xB5,0xB6,0xB7,
    0xB8,0xB9,0xBA,0xC2,0xC3,0xC4,0xC5,0xC6,0xC7,0xC8,0xC9,0xCA,0xD2,0xD3,0xD4,0xD5,
    0xD6,0xD7,0xD8,0xD9,0xDA,0xE1,0xE2,0xE3,0xE4,0xE5,0xE6,0xE7,0xE8,0xE9,0xEA,0xF1,
    0xF2,0xF3,0xF4,0xF5,0xF6,0xF7,0xF8,0xF9,0xFA,0xFF,0xC4,0x00,0x1F,0x01,0x00,0x03,
    0x01,0x01,0x01,0x01,0x01,0x01,0x01,0x01,0x01,0x00,0x00,0x00,0x00,0x00,0x00,0x01,
    0x02,0x03,0x04,0x05,0x06,0x07,0x08,0x09,0x0A,0x0B,0xFF,0xC4,0x00,0xB5,0x11,0x00,
    0x02,0x01,0x02,0x04,0x04,0x03,0x04,0x07,0x05,0x04,0x04,0x00,0x01,0x02,0x77,0x00,
    0x01,0x02,0x03,0x11,0x04,0x05,0x21,0x31,0x06,0x12,0x41,0x51,0x07,0x61,0x71,0x13,
    0x22,0x32,0x81,0x08,0x14,0x42,0x91,0xA1,0xB1,0xC1,0x09,0x23,0x33,0x52,0xF0,0x15,
    0x62,0x72,0xD1,0x0A,0x16,0x24,0x34,0xE1,0x25,0xF1,0x17,0x18,0x19,0x1A,0x26,0x27,
    0x28,0x29,0x2A,0x35,0x36,0x37,0x38,0x39,0x3A,0x43,0x44,0x45,0x46,0x47,0x48,0x49,
    0x4A,0x53,0x54,0x55,0x56,0x57,0x58,0x59,0x5A,0x63,0x64,0x65,0x66,0x67,0x68,0x69,
    0x6A,0x73,0x74,0x75,0x76,0x77,0x78,0x79,0x7A,0x82,0x83,0x84,0x85,0x86,0x87,0x88,
    0x89,0x8A,0x92,0x93,0x94,0x95,0x96,0x97,0x98,0x99,0x9A,0xA2,0xA3,0xA4,0xA5,0xA6,
    0xA7,0xA8,0xA9,0xAA,0xB2,0xB3,0xB4,0xB5,0xB6,0xB7,0xB8,0xB9,0xBA,0xC2,0xC3,0xC4,
    0xC5,0xC6,0xC7,0xC8,0xC9,0xCA,0xD2,0xD3,0xD4,0xD5,0xD6,0xD7,0xD8,0xD9,0xDA,0xE2,
    0xE3,0xE4,0xE5,0xE6,0xE7,0xE8,0xE9,0xEA,0xF2,0xF3,0xF4,0xF5,0xF6,0xF7,0xF8,0xF9,
    0xFA,0xFF,0xDA,0x00,0x0C,0x03,0x01,0x00,0x02,0x11,0x03,0x11,0x00,0x3F,0x00,0xF9,
    0xCA,0x3B,0x6F,0x6A,0xFB,0x07,0x33,0x96,0x9D,0x42,0xD4,0x76,0xDE,0xD5,0x93,0x99,
    0xDD,0x4E,0xA1,0x66,0x3B,0x6F,0x6A,0xC9,0xCC,0xEE,0xA7,0x50,0xB5,0x1D,0xB7,0xB5,
    0x66,0xE6,0x77,0x53,0xA8,0x59,0x8E,0xDB,0xDA,0xB2,0x73,0x3B,0x69,0xD4,0x2D,0x47,
    0x6D,0xED,0x59,0x39,0x9D,0xD4,0xEA,0x16,0x63,0xB6,0xF6,0xAC,0xDC,0xCE,0xEA,0x75,
    0x0B,0x51,0xDB,0x7B,0x56,0x4E,0x67,0x6D,0x3A,0x85,0xA8,0xED,0xBD,0xAB,0x37,0x33,
    0xBA,0x9D,0x42,0xCC,0x76,0xDE,0xD5,0x93,0x99,0xDD,0x4E,0xA1,0xC1,0x47,0x6D,0xED,
    0x5E,0xEB,0x99,0xFC,0xE9,0x4E,0xA1,0x6A,0x3B,0x6F,0x6A,0xCD,0xCC,0xEE,0xA7,0x50,
    0xB3,0x1D,0xB7,0xB5,0x64,0xE6,0x77,0x53,0xA8,0x5A,0x8E,0xDB,0xDA,0xB3,0x73,0x3B,
    0x69,0xD4,0x2C,0xC7,0x6D,0xED,0x59,0x39,0x9D,0xD4,0xEA,0x16,0xA3,0xB6,0xF6,0xAC,
    0x9C,0xCE,0xEA,0x75,0x0B,0x51,0xDB,0x7B,0x56,0x6E,0x67,0x6D,0x3A,0x85,0x98,0xED,
    0xBD,0xAB,0x27,0x33,0xBA,0x9D,0x42,0xD4,0x76,0xDE,0xD5,0x93,0x99,0xDD,0x4E,0xA1,
    0x66,0x3B,0x6F,0x6A,0xCD,0xCC,0xEE,0xA7,0x50,0xE0,0xA3,0xB6,0xF6,0xAF,0x75,0xCC,
    0xFE,0x74,0xA7,0x50,0xB5,0x1D,0xB7,0xB5,0x66,0xE6,0x76,0xD3,0xA8,0x59,0x8E,0xDB,
    0xDA,0xB2,0x73,0x3B,0xA9,0xD4,0x2D,0x47,0x6D,0xED,0x59,0x39,0x9D,0xD4,0xEA,0x16,
    0x63,0xB6,0xF6,0xAC,0xDC,0xCE,0xEA,0x75,0x0B,0x51,0xDB,0x7B,0x56,0x4E,0x67,0x6D,
    0x3A,0x85,0xA8,0xED,0xBD,0xAB,0x37,0x33,0xBA,0x9D,0x42,0xCC,0x76,0xDE,0xD5,0x93,
    0x99,0xDD,0x4E,0xA1,0x6A,0x3B,0x6F,0x6A,0xC9,0xCC,0xEE,0xA7,0x50,0xB3,0x1D,0xB7,
    0xB5,0x66,0xE6,0x76,0xD3,0xA8,0x70,0x51,0xDB,0x7B,0x57,0xBA,0xE6,0x7F,0x3A,0x53,
    0xA8,0x5A,0x8E,0xDB,0xDA,0xB3,0x73,0x3B,0xA9,0xD4,0x2C,0xC7,0x6D,0xED,0x59,0x39,
    0x9D,0xD4,0xEA,0x16,0xA3,0xB6,0xF6,0xAC,0x9C,0xCE,0xDA,0x75,0x0B,0x31,0xDB,0x7B,
    0x56,0x6E,0x67,0x75,0x3A,0x85,0xA8,0xED,0xBD,0xAB,0x27,0x33,0xBA,0x9D,0x42,0xD4,
    0x76,0xDE,0xD5,0x93,0x99,0xDD,0x4E,0xA1,0x66,0x3B,0x6F,0x6A,0xCD,0xCC,0xED,0xA7,
    0x50,0xB5,0x1D,0xB7,0xB5,0x64,0xE6,0x77,0x53,0xA8,0x59,0x8E,0xDB,0xDA,0xB2,0x73,
    0x3B,0xA9,0xD4,0x38,0x28,0xED,0xBD,0xAB,0xDE,0x73,0x3F,0x9D,0x29,0xD4,0x2D,0x47,
    0x6D,0xED,0x59,0x39,0x9D,0xD4,0xEA,0x16,0x63,0xB6,0xF6,0xAC,0xDC,0xCE,0xEA,0x75,
    0x0D,0x9B,0x0B,0x34,0x8D,0x04,0x8E,0xA0,0xB9,0xE4,0x67,0xB5,0x35,0xAE,0xA7,0xDA,
    0xE5,0x38,0x28,0xC2,0x92,0xAD,0x51,0x5E,0x4F,0x55,0xE4,0xBA,0x7F,0x99,0x6A,0x48,
    0xD6,0x41,0x87,0x00,0xFB,0xFA,0x50,0xD5,0xCF,0x56,0xAD,0x18,0x55,0x56,0x92,0x22,
    0x4B,0x6C,0x1A,0xE2,0xA9,0x2E,0x57,0x66,0x78,0x52,0xBD,0x29,0xB8,0x3E,0x85,0x98,
    0xED,0xBD,0xAB,0x07,0x33,0xA6,0x9D,0x42,0xCC,0x76,0xDE,0xD5,0x9B,0x99,0xDD,0x4E,
    0xA1,0x6A,0x3B,0x6F,0x6A,0xC9,0xCC,0xEE,0xA7,0x50,0xB3,0x1D,0xB7,0xB5,0x64,0xE6,
    0x77,0x53,0xA8,0x70,0x51,0xDB,0x7B,0x57,0xBC,0xE6,0x7F,0x3A,0x53,0xA8,0x5A,0x8E,
    0xDB,0xDA,0xB2,0x73,0x3B,0xA9,0xD4,0x2C,0xC7,0x6D,0xED,0x59,0xB9,0x9D,0xB4,0xEA,
    0x17,0x15,0x4A,0xA0,0x04,0x74,0xE2,0xBA,0x28,0xD4,0x53,0x56,0xEA,0x7E,0x8B,0x92,
    0x63,0xE1,0x89,0xA0,0xA9,0xDF,0xDE,0x8A,0xB5,0xBC,0x96,0xCF,0xFC,0xFC,0xFE,0x43,
    0x94,0x16,0x20,0x28,0xC9,0x35,0xAC,0xA4,0xA2,0xAE,0xCF,0x5A,0xA5,0x48,0xD2,0x8B,
    0x9C,0xDD,0x92,0x2F,0x43,0x6D,0x80,0x32,0x39,0xAF,0x1E,0xAD,0x6E,0x79,0x39,0x1F,
    0x29,0x57,0x15,0xED,0xAA,0xCA,0xA2,0xEA,0x5B,0x8E,0xDB,0xDA,0xB9,0xDC,0xCD,0xE9,
    0xD4,0x2C,0xC7,0x6D,0xED,0x59,0xB9,0x9D,0xD4,0xEA,0x16,0xA3,0xB6,0xF6,0xAC,0x9C,
    0xCE,0xEA,0x75,0x0B,0x31,0xDB,0x7B,0x56,0x4E,0x67,0x6D,0x3A,0x87,0x05,0x1D,0xB7,
    0xB5,0x7B,0xCE,0x67,0xF3,0xA5,0x3A,0x85,0xA8,0xED,0xBD,0xAB,0x27,0x33,0xBA,0x9D,
    0x42,0xCC,0x76,0xDE,0xD5,0x9B,0x99,0xDD,0x4E,0xA1,0x6A,0x3B,0x6C,0xF6,0xAC,0x9D,
    0x4B,0x6A,0x8E,0xFA,0x35,0x9C,0x5A,0x94,0x5D,0x9A,0x2C,0x43,0x6A,0xAB,0xF7,0x54,
    0x0F,0xA0,0xA8,0x9D,0x69,0x4B,0x77,0x73,0xD1,0x78,0xBA,0xB5,0x6D,0xED,0x24,0xDD,
    0xBB,0xBB,0x96,0xE3,0xB6,0xF6,0xAC,0x5C,0xCE,0x9A,0x75,0x0B,0x51,0xDB,0x7B,0x56,
    0x4E,0x67,0x75,0x3A,0x85,0x98,0xED,0xBD,0xAB,0x27,0x33,0xB6,0x9D,0x42,0xD4,0x76,
    0xDE,0xD5,0x9B,0x99,0xDD,0x4E,0xA1,0x66,0x3B,0x6F,0x6A,0xC9,0xCC,0xEE,0xA7,0x50,
    0xF3,0xE8,0xD1,0x7D,0x2B,0xE8,0x1B,0x67,0xF3,0xB5,0x39,0x32,0xD4,0x68,0xBE,0x95,
    0x93,0x6C,0xEE,0xA7,0x26,0x5A,0x8D,0x17,0xD2,0xB2,0x6D,0x9D,0xD4,0xE4,0xCB,0x31,
    0xA2,0xFA,0x56,0x6D,0xB3,0xBA,0x9C,0x99,0x6A,0x34,0x5F,0x4A,0xC9,0xB6,0x76,0xD3,
    0x93,0x2C,0xC6,0x8B,0xE9,0x59,0xB6,0xCE,0xEA,0x72,0x65,0xA8,0xD1,0x7D,0x2B,0x26,
    0xD9,0xDD,0x4E,0x4C,0xB3,0x1A,0x2F,0xA5,0x64,0xDB,0x3B,0x69,0xC9,0x96,0xA3,0x45,
    0xF4,0xAC,0x9B,0x67,0x75,0x39,0x32,0xD4,0x68,0xBE,0x95,0x9B,0x6C,0xEE,0xA7,0x26,
    0x7F,0xFF,0xD9,0x00,0x30,0x31,0x77,0x62,0xD0,0x07,0x00,0x00,0x00,0x00,0xB5,0x0D,
    0x3F,0x19,0xC9,0x20,0x23,0x23,0xED,0x1F,0xA9,0x17,0xA6,0x0B,0xCB,0xFD,0x4A,0xF0,
    0x45,0xE5,0x7B,0xDE,0x00,0xDD,0x10,0xE1,0x05,0xEA,0x76,0xF6,0x67,0x04,0xA8,0x11,
    0x1D,0x1C,0x1E,0x22,0xB9,0x22,0xD4,0x1D,0x37,0x14,0x66,0x07,0x6A,0xF9,0x78,0xEC,
    0x9E,0xE2,0x6B,0xDD,0xB1,0xDD,0x66,0xE3,0xA2,0xED,0xC6,0xFA,0xBE,0x08,0x54,0x15,
    0x89,0x1E,0xE9,0x22,0xC2,0x21,0x43,0x1B,0x73,0x10,0x08,0x03,0x23,0xF5,0xF6,0xE8,
    0x6E,0xE0,0xE6,0xDC,0xED,0xDE,0x30,0xE6,0x89,0xF1,0x2C,0xFF,0xF1,0x0C,0xA9,0x18,
    0x7A,0x20,0x27,0x23,0x43,0x20,0x44,0x18,0x6D,0x0C,0x9F,0xFE,0x08,0xF1,0xD0,0xE5,
    0xBE,0xDE,0xEF,0xDC,0xAD,0xE0,0x61,0xE9,0xAA,0xF5,0x95,0x03,0xEF,0x10,0x9B,0x1B,
    0xE9,0x21,0xD7,0x22,0x42,0x1E,0xE3,0x14,0x35,0x08,0x3B,0xFA,0x2A,0xED,0x15,0xE3,
    0x93,0xDD,0x85,0xDD,0xED,0xE2,0xEF,0xEC,0xF5,0xF9,0xF0,0x07,0xAA,0x14,0x1E,0x1E,
    0xCE,0x22,0xFB,0x21,0xC7,0x1B,0x2D,0x11,0xDB,0x03,0xEE,0xF5,0x98,0xE9,0xCE,0xE0,
    0xF4,0xDC,0xA7,0xDE,0xA2,0xE5,0xC9,0xF0,0x59,0xFE,0x2B,0x0C,0x10,0x18,0x27,0x20,
    0x26,0x23,0x95,0x20,0xDB,0x18,0x32,0x0D,0x73,0xFF,0xC9,0xF1,0x60,0xE6,0x05,0xDF,
    0xE2,0xDC,0x4F,0xE0,0xC1,0xE8,0xE0,0xF4,0xC2,0x02,0x34,0x10,0x16,0x1B,0xAE,0x21,
    0xF1,0x22,0xAC,0x1E,0x8C,0x15,0x02,0x09,0x0C,0xFB,0xDE,0xED,0x8F,0xE3,0xC1,0xDD,
    0x5F,0xDD,0x78,0xE2,0x3E,0xEC,0x25,0xF9,0x21,0x07,0xFD,0x13,0xAE,0x1D,0xAD,0x22,
    0x2F,0x22,0x47,0x1C,0xE5,0x11,0xAE,0x04,0xBA,0xF6,0x3D,0xEA,0x32,0xE1,0x07,0xDD,
    0x66,0xDE,0x17,0xE5,0x0B,0xF0,0x85,0xFD,0x63,0x0B,0x74,0x17,0xCF,0x1F,0x21,0x23,
    0xE2,0x20,0x70,0x19,0xF6,0x0D,0x46,0x00,0x8C,0xF2,0xF3,0xE6,0x51,0xDF,0xDB,0xDC,
    0xF6,0xDF,0x23,0xE8,0x18,0xF4,0xEE,0x01,0x77,0x0F,0x8D,0x1A,0x6F,0x21,0x06,0x23,
    0x11,0x1F,0x32,0x16,0xCE,0x09,0xDF,0xFB,0x95,0xEE,0x0E,0xE4,0xF3,0xDD,0x3D,0xDD,
    0x07,0xE2,0x90,0xEB,0x55,0xF8,0x50,0x06,0x4D,0x13,0x3B,0x1D,0x88,0x22,0x5E,0x22,
    0xC3,0x1C,0x9A,0x12,0x7F,0x05,0x87,0xF7,0xE5,0xEA,0x9A,0xE1,0x1F,0xDD,0x2A,0xDE,
    0x91,0xE4,0x4F,0xEF,0xB2,0xFC,0x99,0x0A,0xD5,0x16,0x72,0x1F,0x16,0x23,0x2B,0x21,
    0x00,0x1A,0xB7,0x0E,0x1A,0x01,0x51,0xF3,0x89,0xE7,0xA1,0xDF,0xD8,0xDC,0xA1,0xDF,
    0x89,0xE7,0x51,0xF3,0x1A,0x01,0xB7,0x0E,0x00,0x1A,0x2B,0x21,0x16,0x23,0x72,0x1F,
    0xD5,0x16,0x99,0x0A,0xB2,0xFC,0x4F,0xEF,0x91,0xE4,0x2A,0xDE,0x1F,0xDD,0x9A,0xE1,
    0xE5,0xEA,0x87,0xF7,0x7F,0x05,0x9A,0x12,0xC3,0x1C,0x5E,0x22,0x88,0x22,0x3B,0x1D,
    0x4D,0x13,0x50,0x06,0x55,0xF8,0x90,0xEB,0x07,0xE2,0x3D,0xDD,0xF3,0xDD,0x0E,0xE4,
    0x95,0xEE,0xDF,0xFB,0xCE,0x09,0x32,0x16,0x11,0x1F,0x06,0x23,0x6F,0x21,0x8D,0x1A,
    0x77,0x0F,0xEE,0x01,0x18,0xF4,0x23,0xE8,0xF6,0xDF,0xDB,0xDC,0x51,0xDF,0xF3,0xE6,
    0x8C,0xF2,0x46,0x00,0xF6,0x0D,0x70,0x19,0xE2,0x20,0x21,0x23,0xCF,0x1F,0x74,0x17,
    0x63,0x0B,0x85,0xFD,0x0B,0xF0,0x17,0xE5,0x66,0xDE,0x07,0xDD,0x32,0xE1,0x3D,0xEA,
    0xBA,0xF6,0xAE,0x04,0xE5,0x11,0x47,0x1C,0x2F,0x22,0xAD,0x22,0xAE,0x1D,0xFD,0x13,
    0x21,0x07,0x25,0xF9,0x3E,0xEC,0x78,0xE2,0x5F,0xDD,0xC1,0xDD,0x8F,0xE3,0xDE,0xED,
    0x0C,0xFB,0x02,0x09,0x8C,0x15,0xAC,0x1E,0xF1,0x22,0xAE,0x21,0x16,0x1B,0x34,0x10,
    0xC2,0x02,0xE0,0xF4,0xC1,0xE8,0x4F,0xE0,0xE2,0xDC,0x05,0xDF,0x60,0xE6,0xC9,0xF1,
    0x73,0xFF,0x32,0x0D,0xDB,0x18,0x95,0x20,0x26,0x23,0x27,0x20,0x10,0x18,0x2B,0x0C,
    0x59,0xFE,0xC9,0xF0,0xA2,0xE5,0xA7,0xDE,0xF4,0xDC,0xCE,0xE0,0x98,0xE9,0xEE,0xF5,
    0xDB,0x03,0x2D,0x11,0xC7,0x1B,0xFB,0x21,0xCE,0x22,0x1E,0x1E,0xAA,0x14,0xF0,0x07,
    0xF5,0xF9,0xEF,0xEC,0xED,0xE2,0x85,0xDD,0x93,0xDD,0x15,0xE3,0x2A,0xED,0x3B,0xFA,
    0x35,0x08,0xE3,0x14,0x42,0x1E,0xD7,0x22,0xE9,0x21,0x9B,0x1B,0xEF,0x10,0x95,0x03,
    0xAA,0xF5,0x61,0xE9,0xAD,0xE0,0xEF,0xDC,0xBE,0xDE,0xD0,0xE5,0x08,0xF1,0x9F,0xFE,
    0x6D,0x0C,0x44,0x18,0x43,0x20,0x27,0x23,0x7A,0x20,0xA9,0x18,0xF1,0x0C,0x2C,0xFF,
    0x89,0xF1,0x30,0xE6,0xED,0xDE,0xE6,0xDC,0x6E,0xE0,0xF6,0xE8,0x23,0xF5,0x08,0x03,
    0x73,0x10,0x43,0x1B,0xC2,0x21,0xE9,0x22,0x89,0x1E,0x54,0x15,0xBE,0x08,0xC6,0xFA,
    0xA2,0xED,0x66,0xE3,0xB1,0xDD,0x6B,0xDD,0x9E,0xE2,0x78,0xEC,0x6A,0xF9,0x66,0x07,
    0x37,0x14,0xD4,0x1D,0xB9,0x22,0x1E,0x22,0x1D,0x1C,0xA8,0x11,0x67,0x04,0x76,0xF6,
    0x05,0xEA,0x10,0xE1,0x00,0xDD,0x7B,0xDE,0x45,0xE5,0x4A,0xF0,0xCB,0xFD,0xA6,0x0B,
    0xA9,0x17,0xED,0x1F,0x23,0x23,0xC9,0x20,0x3F,0x19,0xB5,0x0D,0x00,0x00,0x4B,0xF2,
    0xC1,0xE6,0x37,0xDF,0xDD,0xDC,0x13,0xE0,0x57,0xE8,0x5A,0xF4,0x35,0x02,0xB6,0x0F,
    0xBB,0x1A,0x85,0x21,0x00,0x23,0xF0,0x1E,0xFB,0x15,0x8A,0x09,0x99,0xFB,0x58,0xEE,
    0xE3,0xE3,0xE2,0xDD,0x47,0xDD,0x2C,0xE2,0xC9,0xEB,0x9A,0xF8,0x96,0x06,0x88,0x13,
    0x62,0x1D,0x95,0x22,0x4F,0x22,0x9A,0x1C,0x5E,0x12,0x3A,0x05,0x42,0xF7,0xAC,0xEA,
    0x77,0xE1,0x17,0xDD,0x3E,0xDE,0xBD,0xE4,0x8D,0xEF,0xF8,0xFC,0xDD,0x0A,0x0A,0x17,
    0x92,0x1F,0x1A,0x23,0x13,0x21,0xD0,0x19,0x77,0x0E,0xD4,0x00,0x0F,0xF3,0x57,0xE7,
    0x86,0xDF,0xD9,0xDC,0xBD,0xDF,0xBC,0xE7,0x93,0xF3,0x61,0x01,0xF8,0x0E,0x30,0x1A,
    0x42,0x21,0x11,0x23,0x53,0x1F,0x9F,0x16,0x56,0x0A,0x6B,0xFC,0x11,0xEF,0x65,0xE4,
    0x17,0xDE,0x29,0xDD,0xBE,0xE1,0x1D,0xEB,0xCB,0xF7,0xC5,0x05,0xD6,0x12,0xEB,0x1C,
    0x6D,0x22,0x7B,0x22,0x13,0x1D,0x11,0x13,0x0B,0x06,0x10,0xF8,0x56,0xEB,0xE2,0xE1,
    0x32,0xDD,0x05,0xDE,0x39,0xE4,0xD3,0xEE,0x25,0xFC,0x12,0x0A,0x68,0x16,0x32,0x1F,
    0x0C,0x23,0x59,0x21,0x5E,0x1A,0x37,0x0F,0xA7,0x01,0xD5,0xF3,0xF0,0xE7,0xD9,0xDF,
    0xDA,0xDC,0x6B,0xDF,0x25,0xE7,0xCE,0xF2,0x8D,0x00,0x37,0x0E,0xA0,0x19,0xFB,0x20,
    0x1E,0x23,0xB1,0x1F,0x3F,0x17,0x20,0x0B,0x3E,0xFD,0xCC,0xEF,0xEA,0xE4,0x52,0xDE,
    0x0F,0xDD,0x54,0xE1,0x74,0xEA,0xFE,0xF6,0xF4,0x04,0x22,0x12,0x71,0x1C,0x3F,0x22,
    0xA1,0x22,0x88,0x1D,0xC2,0x13,0xDB,0x06,0xDF,0xF8,0x03,0xEC,0x52,0xE2,0x53,0xDD,
    0xD1,0xDD,0xB9,0xE3,0x1B,0xEE,0x52,0xFB,0x46,0x09,0xC3,0x15,0xCE,0x1E,0xF9,0x22,
    0x9A,0x21,0xE9,0x1A,0xF5,0x0F,0x7B,0x02,0x9D,0xF4,0x8C,0xE8,0x31,0xE0,0xDF,0xDC,
    0x1E,0xDF,0x90,0xE6,0x0A,0xF2,0xBA,0xFF,0x74,0x0D,0x0D,0x19,0xAF,0x20,0x25,0x23,
    0x0A,0x20,0xDD,0x17,0xE8,0x0B,0x12,0xFE,0x89,0xF0,0x73,0xE5,0x91,0xDE,0xFA,0xDC,
    0xEF,0xE0,0xCE,0xE9,0x32,0xF6,0x21,0x04,0x6B,0x11,0xF2,0x1B,0x0D,0x22,0xC3,0x22,
    0xF9,0x1D,0x70,0x14,0xAB,0x07,0xB0,0xF9,0xB3,0xEC,0xC5,0xE2,0x78,0xDD,0xA2,0xDD,
    0x3D,0xE3,0x66,0xED,0x81,0xFA,0x79,0x08,0x1B,0x15,0x66,0x1E,0xE1,0x22,0xD6,0x21,
    0x6F,0x1B,0xB1,0x10,0x4E,0x03,0x67,0xF5,0x2B,0xE9,0x8E,0xE0,0xEA,0xDC,0xD5,0xDE,
    0x00,0xE6,0x49,0xF1,0xE6,0xFE,0xAF,0x0C,0x77,0x18,0x5F,0x20,0x28,0x23,0x5F,0x20,
    0x77,0x18,0xAF,0x0C,0xE6,0xFE,0x49,0xF1,0x00,0xE6,0xD5,0xDE,0xEA,0xDC,0x8E,0xE0,
    0x2B,0xE9,0x67,0xF5,0x4E,0x03,0xB1,0x10,0x6F,0x1B,0xD6,0x21,0xE1,0x22,0x66,0x1E,
    0x1B,0x15,0x79,0x08,0x81,0xFA,0x66,0xED,0x3D,0xE3,0xA2,0xDD,0x78,0xDD,0xC5,0xE2,
    0xB3,0xEC,0xB0,0xF9,0xAB,0x07,0x70,0x14,0xF9,0x1D,0xC3,0x22,0x0D,0x22,0xF2,0x1B,
    0x6B,0x11,0x21,0x04,0x32,0xF6,0xCE,0xE9,0xEF,0xE0,0xFA,0xDC,0x91,0xDE,0x73,0xE5,
    0x89,0xF0,0x12,0xFE,0xE8,0x0B,0xDD,0x17,0x0A,0x20,0x25,0x23,0xAF,0x20,0x0D,0x19,
    0x74,0x0D,0xBA,0xFF,0x0A,0xF2,0x90,0xE6,0x1E,0xDF,0xDF,0xDC,0x31,0xE0,0x8C,0xE8,
    0x9D,0xF4,0x7B,0x02,0xF5,0x0F,0xE9,0x1A,0x9A,0x21,0xF9,0x22,0xCE,0x1E,0xC3,0x15,
    0x46,0x09,0x52,0xFB,0x1B,0xEE,0xB9,0xE3,0xD1,0xDD,0x53,0xDD,0x52,0xE2,0x03,0xEC,
    0xDF,0xF8,0xDB,0x06,0xC2,0x13,0x88,0x1D,0xA1,0x22,0x3F,0x22,0x71,0x1C,0x22,0x12,
    0xF4,0x04,0xFE,0xF6,0x74,0xEA,0x54,0xE1,0x0F,0xDD,0x52,0xDE,0xEA,0xE4,0xCC,0xEF,
    0x3E,0xFD,0x20,0x0B,0x3F,0x17,0xB1,0x1F,0x1E,0x23,0xFB,0x20,0xA0,0x19,0x37,0x0E,
    0x8D,0x00,0xCE,0xF2,0x25,0xE7,0x6B,0xDF,0xDA,0xDC,0xD9,0xDF,0xF0,0xE7,0xD5,0xF3,
    0xA7,0x01,0x37,0x0F,0x5E,0x1A,0x59,0x21,0x0C,0x23,0x32,0x1F,0x68,0x16,0x12,0x0A,
    0x25,0xFC,0xD3,0xEE,0x39,0xE4,0x05,0xDE,0x32,0xDD,0xE2,0xE1,0x56,0xEB,0x10,0xF8,
    0x0B,0x06,0x11,0x13,0x13,0x1D,0x7B,0x22,0x6D,0x22,0xEB,0x1C,0xD6,0x12,0xC5,0x05,
    0xCB,0xF7,0x1D,0xEB,0xBE,0xE1,0x29,0xDD,0x17,0xDE,0x65,0xE4,0x11,0xEF,0x6B,0xFC,
    0x56,0x0A,0x9F,0x16,0x53,0x1F,0x11,0x23,0x42,0x21,0x30,0x1A,0xF8,0x0E,0x61,0x01,
    0x93,0xF3,0xBC,0xE7,0xBD,0xDF,0xD9,0xDC,0x86,0xDF,0x57,0xE7,0x0F,0xF3,0xD4,0x00,
    0x77,0x0E,0xD0,0x19,0x13,0x21,0x1A,0x23,0x92,0x1F,0x0A,0x17,0xDD,0x0A,0xF8,0xFC,
    0x8D,0xEF,0xBD,0xE4,0x3E,0xDE,0x17,0xDD,0x77,0xE1,0xAC,0xEA,0x42,0xF7,0x3A,0x05,
    0x5E,0x12,0x9A,0x1C,0x4F,0x22,0x95,0x22,0x62,0x1D,0x88,0x13,0x96,0x06,0x9A,0xF8,
    0xC9,0xEB,0x2C,0xE2,0x47,0xDD,0xE2,0xDD,0xE3,0xE3,0x58,0xEE,0x99,0xFB,0x8A,0x09,
    0xFB,0x15,0xF0,0x1E,0x00,0x23,0x85,0x21,0xBB,0x1A,0xB6,0x0F,0x35,0x02,0x5A,0xF4,
    0x57,0xE8,0x13,0xE0,0xDD,0xDC,0x37,0xDF,0xC1,0xE6,0x4B,0xF2,0x00,0x00,0xB5,0x0D,
    0x3F,0x19,0xC9,0x20,0x23,0x23,0xED,0x1F,0xA9,0x17,0xA6,0x0B,0xCB,0xFD,0x4A,0xF0,
    0x45,0xE5,0x7B,0xDE,0x00,0xDD,0x10,0xE1,0x05,0xEA,0x76,0xF6,0x67,0x04,0xA8,0x11,
    0x1D,0x1C,0x1E,0x22,0xB9,0x22,0xD4,0x1D,0x37,0x14,0x66,0x07,0x6A,0xF9,0x78,0xEC,
    0x9E,0xE2,0x6B,0xDD,0xB1,0xDD,0x66,0xE3,0xA2,0xED,0xC6,0xFA,0xBE,0x08,0x54,0x15,
    0x89,0x1E,0xE9,0x22,0xC2,0x21,0x43,0x1B,0x73,0x10,0x08,0x03,0x23,0xF5,0xF6,0xE8,
    0x6E,0xE0,0xE6,0xDC,0xED,0xDE,0x30,0xE6,0x89,0xF1,0x2C,0xFF,0xF1,0x0C,0xA9,0x18,
    0x7A,0x20,0x27,0x23,0x43,0x20,0x44,0x18,0x6D,0x0C,0x9F,0xFE,0x08,0xF1,0xD0,0xE5,
    0xBE,0xDE,0xEF,0xDC,0xAD,0xE0,0x61,0xE9,0xAA,0xF5,0x95,0x03,0xEF,0x10,0x9B,0x1B,
    0xE9,0x21,0xD7,0x22,0x42,0x1E,0xE3,0x14,0x35,0x08,0x3B,0xFA,0x2A,0xED,0x15,0xE3,
    0x93,0xDD,0x85,0xDD,0xED,0xE2,0xEF,0xEC,0xF5,0xF9,0xF0,0x07,0xAA,0x14,0x1E,0x1E,
    0xCE,0x22,0xFB,0x21,0xC7,0x1B,0x2D,0x11,0xDB,0x03,0xEE,0xF5,0x98,0xE9,0xCE,0xE0,
    0xF4,0xDC,0xA7,0xDE,0xA2,0xE5,0xC9,0xF0,0x59,0xFE,0x2B,0x0C,0x10,0x18,0x27,0x20,
    0x26,0x23,0x95,0x20,0xDB,0x18,0x32,0x0D,0x73,0xFF,0xC9,0xF1,0x60,0xE6,0x05,0xDF,
    0xE2,0xDC,0x4F,0xE0,0xC1,0xE8,0xE0,0xF4,0xC2,0x02,0x34,0x10,0x16,0x1B,0xAE,0x21,
    0xF1,0x22,0xAC,0x1E,0x8C,0x15,0x02,0x09,0x0C,0xFB,0xDE,0xED,0x8F,0xE3,0xC1,0xDD,
    0x5F,0xDD,0x78,0xE2,0x3E,0xEC,0x25,0xF9,0x21,0x07,0xFD,0x13,0xAE,0x1D,0xAD,0x22,
    0x2F,0x22,0x47,0x1C,0xE5,0x11,0xAE,0x04,0xBA,0xF6,0x3D,0xEA,0x32,0xE1,0x07,0xDD,
    0x66,0xDE,0x17,0xE5,0x0B,0xF0,0x85,0xFD,0x63,0x0B,0x74,0x17,0xCF,0x1F,0x21,0x23,
    0xE2,0x20,0x70,0x19,0xF6,0x0D,0x46,0x00,0x8C,0xF2,0xF3,0xE6,0x51,0xDF,0xDB,0xDC,
    0xF6,0xDF,0x23,0xE8,0x18,0xF4,0xEE,0x01,0x77,0x0F,0x8D,0x1A,0x6F,0x21,0x06,0x23,
    0x11,0x1F,0x32,0x16,0xCE,0x09,0xDF,0xFB,0x95,0xEE,0x0E,0xE4,0xF3,0xDD,0x3D,0xDD,
    0x07,0xE2,0x90,0xEB,0x55,0xF8,0x50,0x06,0x4D,0x13,0x3B,0x1D,0x88,0x22,0x5E,0x22,
    0xC3,0x1C,0x9A,0x12,0x7F,0x05,0x87,0xF7,0xE5,0xEA,0x9A,0xE1,0x1F,0xDD,0x2A,0xDE,
    0x91,0xE4,0x4F,0xEF,0xB2,0xFC,0x99,0x0A,0xD5,0x16,0x72,0x1F,0x16,0x23,0x2B,0x21,
    0x00,0x1A,0xB7,0x0E,0x1A,0x01,0x51,0xF3,0x89,0xE7,0xA1,0xDF,0x30,0x30,0x64,0x63,
    0xA1,0x05,0x00,0x00,0xFF,0xD8,0xFF,0xE0,0x00,0x10,0x4A,0x46,0x49,0x46,0x00,0x01,
    0x01,0x00,0x00,0x01,0x00,0x01,0x00,0x00,0xFF,0xDB,0x00,0x43,0x00,0x06,0x04,0x05,
    0x06,0x05,0x04,0x06,0x06,0x05,0x06,0x07,0x07,0x06,0x08,0x0A,0x10,0x0A,0x0A,0x09,
    0x09,0x0A,0x14,0x0E,0x0F,0x0C,0x10,0x17,0x14,0x18,0x18,0x17,0x14,0x16,0x16,0x1A,
    0x1D,0x25,0x1F,0x1A,0x1B,0x23,0x1C,0x16,0x16,0x20,0x2C,0x20,0x23,0x26,0x27,0x29,
    0x2A,0x29,0x19,0x1F,0x2D,0x30,0x2D,0x28,0x30,0x25,0x28,0x29,0x28,0xFF,0xDB,0x00,
    0x43,0x01,0x07,0x07,0x07,0x0A,0x08,0x0A,0x13,0x0A,0x0A,0x13,0x28,0x1A,0x16,0x1A,
    0x28,0x28,0x28,0x28,0x28,0x28,0x28,0x28,0x28,0x28,0x28,0x28,0x28,0x28,0x28,0x28,
    0x28,0x28,0x28,0x28,0x28,0x28,0x28,0x28,0x28,0x28,0x28,0x28,0x28,0x28,0x28,0x28,
    0x28,0x28,0x28,0x28,0x28,0x28,0x28,0x28,0x28,0x28,0x28,0x28,0x28,0x28,0x28,0x28,
    0x28,0x28,0xFF,0xC0,0x00,0x11,0x08,0x00,0x3C,0x00,0x50,0x03,0x01,0x11,0x00,0x02,
    0x11,0x01,0x03,0x11,0x01,0xFF,0xC4,0x00,0x1F,0x00,0x00,0x01,0x05,0x01,0x01,0x01,
    0x01,0x01,0x01,0x00,0x00,0x00,0x00,0x00,0x00,0x00,0x00,0x01,0x02,0x03,0x04,0x05,
    0x06,0x07,0x08,0x09,0x0A,0x0B,0xFF,0xC4,0x00,0xB5,0x10,0x00,0x02,0x01,0x03,0x03,
    0x02,0x04,0x03,0x05,0x05,0x04,0x04,0x00,0x00,0x01,0x7D,0x01,0x02,0x03,0x00,0x04,
    0x11,0x05,0x12,0x21,0x31,0x41,0x06,0x13,0x51,0x61,0x07,0x22,0x71,0x14,0x32,0x81,
    0x91,0xA1,0x08,0x23,0x42,0xB1,0xC1,0x15,0x52,0xD1,0xF0,0x24,0x33,0x62,0x72,0x82,
    0x09,0x0A,0x16,0x17,0x18,0x19,0x1A,0x25,0x26,0x27,0x28,0x29,0x2A,0x34,0x35,0x36,
    0x37,0x38,0x39,0x3A,0x43,0x44,0x45,0x46,0x47,0x48,0x49,0x4A,0x53,0x54,0x55,0x56,
    0x57,0x58,0x59,0x5A,0x63,0x64,0x65,0x66,0x67,0x68,0x69,0x6A,0x73,0x74,0x75,0x76,
    0x77,0x78,0x79,0x7A,0x83,0x84,0x85,0x86,0x87,0x88,0x89,0x8A,0x92,0x93,0x94,0x95,
    0x96,0x97,0x98,0x99,0x9A,0xA2,0xA3,0xA4,0xA5,0xA6,0xA7,0xA8,0xA9,0xAA,0xB2,0xB3,
    0xB4,0xB5,0xB6,0xB7,0xB8,0xB9,0xBA,0xC2,0xC3,0xC4,0xC5,0xC6,0xC7,0xC8,0xC9,0xCA,
    0xD2,0xD3,0xD4,0xD5,0xD6,0xD7,0xD8,0xD9,0xDA,0xE1,0xE2,0xE3,0xE4,0xE5,0xE6,0xE7,
    0xE8,0xE9,0xEA,0xF1,0xF2,0xF3,0xF4,0xF5,0xF6,0xF7,0xF8,0xF9,0xFA,0xFF,0xC4,0x00,
    0x1F,0x01,0x00,0x03,0x01,0x01,0x01,0x01,0x01,0x01,0x01,0x01,0x01,0x00,0x00,0x00,
    0x00,0x00,0x00,0x01,0x02,0x03,0x04,0x05,0x06,0x07,0x08,0x09,0x0A,0x0B,0xFF,0xC4,
    0x00,0xB5,0x11,0x00,0x02,0x01,0x02,0x04,0x04,0x03,0x04,0x07,0x05,0x04,0x04,0x00,
    0x01,0x02,0x77,0x00,0x01,0x02,0x03,0x11,0x04,0x05,0x21,0x31,0x06,0x12,0x41,0x51,
    0x07,0x61,0x71,0x13,0x22,0x32,0x81,0x08,0x14,0x42,0x91,0xA1,0xB1,0xC1,0x09,0x23,
    0x33,0x52,0xF0,0x15,0x62,0x72,0xD1,0x0A,0x16,0x24,0x34,0xE1,0x25,0xF1,0x17,0x18,
    0x19,0x1A,0x26,0x27,0x28,0x29,0x2A,0x35,0x36,0x37,0x38,0x39,0x3A,0x43,0x44,0x45,
    0x46,0x47,0x48,0x49,0x4A,0x53,0x54,0x55,0x56,0x57,0x58,0x59,0x5A,0x63,0x64,0x65,
    0x66,0x67,0x68,0x69,0x6A,0x73,0x74,0x75,0x76,0x77,0x78,0x79,0x7A,0x82,0x83,0x84,
    0x85,0x86,0x87,0x88,0x89,0x8A,0x92,0x93,0x94,0x95,0x96,0x97,0x98,0x99,0x9A,0xA2,
    0xA3,0xA4,0xA5,0xA6,0xA7,0xA8,0xA9,0xAA,0xB2,0xB3,0xB4,0xB5,0xB6,0xB7,0xB8,0xB9,
    0xBA,0xC2,0xC3,0xC4,0xC5,0xC6,0xC7,0xC8,0xC9,0xCA,0xD2,0xD3,0xD4,0xD5,0xD6,0xD7,
    0xD8,0xD9,0xDA,0xE2,0xE3,0xE4,0xE5,0xE6,0xE7,0xE8,0xE9,0xEA,0xF2,0xF3,0xF4,0xF5,
    0xF6,0xF7,0xF8,0xF9,0xFA,0xFF,0xDA,0x00,0x0C,0x03,0x01,0x00,0x02,0x11,0x03,0x11,
    0x00,0x3F,0x00,0xF9,0xCA,0x3B,0x6F,0x6A,0xFB,0x07,0x33,0x96,0x9D,0x42,0xD4,0x76,
    0xDE,0xD5,0x93,0x99,0xDD,0x4E,0xA1,0x66,0x3B,0x6F,0x6A,0xC9,0xCC,0xEE,0xA7,0x50,
    0xB5,0x1D,0xB7,0xB5,0x66,0xE6,0x77,0x53,0xA8,0x59,0x8E,0xDB,0xDA,0xB2,0x73,0x3B,
    0x69,0xD4,0x2D,0x47,0x6D,0xED,0x59,0x39,0x9D,0xD4,0xEA,0x16,0x63,0xB6,0xF6,0xAC,
    0xDC,0xCE,0xEA,0x75,0x0B,0x51,0xDB,0x7B,0x56,0x4E,0x67,0x6D,0x3A,0x85,0xA8,0xED,
    0xBD,0xAB,0x37,0x33,0xBA,0x9D,0x42,0xCC,0x76,0xDE,0xD5,0x93,0x99,0xDD,0x4E,0xA1,
    0xC1,0x47,0x6D,0xED,0x5E,0xEB,0x99,0xFC,0xE9,0x4E,0xA1,0x6A,0x3B,0x6F,0x6A,0xCD,
    0xCC,0xEE,0xA7,0x50,0xB3,0x1D,0xB7,0xB5,0x64,0xE6,0x77,0x53,0xA8,0x5A,0x8E,0xDB,
    0xDA,0xB3,0x73,0x3B,0x69,0xD4,0x2C,0xC7,0x6D,0xED,0x59,0x39,0x9D,0xD4,0xEA,0x16,
    0xA3,0xB6,0xF6,0xAC,0x9C,0xCE,0xEA,0x75,0x0B,0x51,0xDB,0x7B,0x56,0x6E,0x67,0x6D,
    0x3A,0x85,0x98,0xED,0xBD,0xAB,0x27,0x33,0xBA,0x9D,0x42,0xD4,0x76,0xDE,0xD5,0x93,
    0x99,0xDD,0x4E,0xA1,0x66,0x3B,0x6F,0x6A,0xCD,0xCC,0xEE,0xA7,0x50,0xE0,0xA3,0xB6,
    0xF6,0xAF,0x75,0xCC,0xFE,0x74,0xA7,0x50,0xB5,0x1D,0xB7,0xB5,0x66,0xE6,0x76,0xD3,
    0xA8,0x59,0x8E,0xDB,0xDA,0xB2,0x73,0x3B,0xA9,0xD4,0x2D,0x47,0x6D,0xED,0x59,0x39,
    0x9D,0xD4,0xEA,0x16,0x63,0xB6,0xF6,0xAC,0xDC,0xCE,0xEA,0x75,0x0B,0x51,0xDB,0x7B,
    0x56,0x4E,0x67,0x6D,0x3A,0x85,0xA8,0xED,0xBD,0xAB,0x37,0x33,0xBA,0x9D,0x42,0xCC,
    0x76,0xDE,0xD5,0x93,0x99,0xDD,0x4E,0xA1,0x6A,0x3B,0x6F,0x6A,0xC9,0xCC,0xEE,0xA7,
    0x50,0xB3,0x1D,0xB7,0xB5,0x66,0xE6,0x76,0xD3,0xA8,0x70,0x51,0xDB,0x7B,0x57,0xBA,
    0xE6,0x7F,0x3A,0x53,0xA8,0x5A,0x8E,0xDB,0xDA,0xB3,0x73,0x3B,0xA9,0xD4,0x2C,0xC7,
    0x6D,0xED,0x59,0x39,0x9D,0xD4,0xEA,0x1A,0x16,0x1A,0x7B,0x5C,0xCE,0xB1,0xAF,0x19,
    0xEA,0x71,0x9C,0x0A,0xCD,0xCE,0xE7,0xA5,0x85,0x4E,0xAC,0x94,0x51,0xD4,0x41,0xA7,
    0x5A,0x43,0x18,0x55,0x81,0x1B,0xDD,0xC6,0xE2,0x7F,0x3A,0x9B,0x9E,0xEC,0x69,0x46,
    0x2A,0xC9,0x14,0xAF,0x74,0xD4,0x88,0x87,0x84,0x61,0x3A,0x15,0xEB,0x8A,0xCA,0x7A,
    0x2B,0x83,0xF7,0x35,0x44,0x71,0xDB,0x7B,0x57,0x3B,0x99,0xD1,0x4E,0xA1,0x66,0x3B,
    0x6F,0x6A,0xCD,0xCC,0xED,0xA7,0x50,0xB5,0x1D,0xB7,0xB5,0x64,0xE6,0x77,0x53,0xA8,
    0x59,0x8E,0xDB,0xDA,0xB2,0x73,0x3B,0xA9,0xD4,0x38,0x28,0xED,0xBD,0xAB,0xDE,0x73,
    0x3F,0x9D,0x29,0xD4,0x2D,0x47,0x6D,0xED,0x59,0x39,0x9D,0xD4,0xEA,0x16,0x63,0xB6,
    0xF6,0xAC,0xDC,0xCE,0xEA,0x75,0x0D,0x2D,0x31,0x44,0x33,0xE4,0x8E,0x08,0xDB,0x9F,
    0x4A,0x98,0xD4,0x57,0xD4,0xF6,0xB2,0xDC,0x4C,0x69,0xD5,0xF7,0xB6,0x7A,0x1B,0x15,
    0xB9,0xF5,0x03,0x25,0x5D,0xE8,0x57,0xD6,0xB0,0xC4,0x54,0x51,0x8D,0xBA,0xB3,0x9F,
    0x11,0x55,0x45,0x72,0xF5,0x61,0x1D,0xB7,0xB5,0x79,0xCE,0x66,0x74,0xEA,0x16,0x63,
    0xB6,0xF6,0xAC,0xDC,0xCE,0xEA,0x75,0x0B,0x51,0xDB,0x7B,0x56,0x4E,0x67,0x75,0x3A,
    0x85,0x98,0xED,0xBD,0xAB,0x27,0x33,0xBA,0x9D,0x43,0x82,0x8E,0xDB,0xDA,0xBD,0xE7,
    0x33,0xF9,0xD2,0x9D,0x42,0xD4,0x76,0xDE,0xD5,0x93,0x99,0xDD,0x4E,0xA1,0x66,0x3B,
    0x6F,0x6A,0xCD,0xCC,0xED,0xA7,0x50,0xB5,0x1D,0xB7,0xB5,0x64,0xE6,0x77,0x53,0xA8,
    0x5B,0x8E,0x03,0x8C,0x50,0xB1,0x33,0x8A,0xB2,0x67,0xAD,0x43,0x30,0xAD,0x08,0xF2,
    0xC6,0x5A,0x16,0x23,0xB7,0xF6,0xAE,0x79,0x55,0x6F,0x56,0x6F,0x1A,0xCE,0x4E,0xED,
    0x96,0xA3,0xB6,0xF6,0xAC,0x5C,0xCE,0xCA,0x75,0x0B,0x31,0xDB,0x7B,0x56,0x6E,0x67,
    0x75,0x3A,0x85,0xA8,0xED,0xBD,0xAB,0x27,0x33,0xBA,0x9D,0x42,0xCC,0x76,0xDE,0xD5,
    0x93,0x99,0xDB,0x4E,0xA1,0xC1,0x47,0x6D,0xED,0x5E,0xF3,0x99,0xFC,0xE9,0x4E,0xA1,
    0x6A,0x3B,0x6F,0x6A,0xC9,0xCC,0xEE,0xA7,0x50,0xB3,0x1D,0xB7,0xB5,0x66,0xE6,0x77,
    0x53,0xA8,0x5A,0x8E,0xDB,0xDA,0xB2,0x73,0x3B,0xA9,0xD4,0x2D,0x47,0x6D,0xED,0x59,
    0x39,0x9D,0xB4,0xEA,0x16,0x63,0xB6,0xF6,0xAC,0xDC,0xCE,0xEA,0x75,0x0B,0x51,0xDB,
    0x7B,0x56,0x4E,0x67,0x75,0x3A,0x85,0x98,0xED,0xBD,0xAB,0x27,0x33,0xB6,0x9D,0x42,
    0xD4,0x76,0xDE,0xD5,0x9B,0x99,0xDD,0x4E,0xA1,0x66,0x3B,0x6F,0x6A,0xC9,0xCC,0xEE,
    0xA7,0x50,0xF3,0xE8,0xD1,0x7D,0x2B,0xE8,0x1B,0x67,0xF3,0xB5,0x39,0x32,0xD4,0x68,
    0xBE,0x95,0x93,0x6C,0xEE,0xA7,0x26,0x5A,0x8D,0x17,0xD2,0xB2,0x6D,0x9D,0xD4,0xE4,
    0xCB,0x31,0xA2,0xFA,0x56,0x6D,0xB3,0xBA,0x9C,0x99,0x6A,0x34,0x5F,0x4A,0xC9,0xB6,
    0x76,0xD3,0x93,0x2C,0xC6,0x8B,0xE9,0x59,0xB6,0xCE,0xEA,0x72,0x65,0xA8,0xD1,0x7D,
    0x2B,0x26,0xD9,0xDD,0x4E,0x4C,0xB3,0x1A,0x2F,0xA5,0x64,0xDB,0x3B,0x69,0xC9,0x96,
    0xA3,0x45,0xF4,0xAC,0x9B,0x67,0x75,0x39,0x32,0xD4,0x68,0xBE,0x95,0x9B,0x6C,0xEE,
    0xA7,0x26,0x7F,0xFF,0xD9,0x00,0x30,0x31,0x77,0x62,0xD0,0x07,0x00,0x00,0x00,0x00,
    0x77,0x0E,0x5E,0x1A,0x9A,0x21,0xE1,0x22,0xF9,0x1D,0xC2,0x13,0x0B,0x06,0x42,0xF7,
    0x05,0xEA,0xAD,0xE0,0xE2,0xDC,0x51,0xDF,0x89,0xE7,0x18,0xF4,0xC2,0x02,0xEF,0x10,
    0x1D,0x1C,0x4F,0x22,0x6D,0x22,0x71,0x1C,0x6B,0x11,0x4E,0x03,0x9D,0xF4,0xF0,0xE7,
    0x86,0xDF,0xDD,0xDC,0x6E,0xE0,0x98,0xE9,0xBA,0xF6,0x7F,0x05,0x4D,0x13,0xAE,0x1D,
    0xCE,0x22,0xC2,0x21,0xBB,0x1A,0xF8,0x0E,0x8D,0x00,0x0A,0xF2,0x00,0xE6,0x91,0xDE,
    0x0F,0xDD,0xBE,0xE1,0xC9,0xEB,0x6A,0xF9,0x35,0x08,0x8C,0x15,0x11,0x1F,0x16,0x23,
    0xE2,0x20,0xDB,0x18,0x6D,0x0C,0xCB,0xFD,0x8D,0xEF,0x39,0xE4,0xD1,0xDD,0x78,0xDD,
    0x3D,0xE3,0x1B,0xEE,0x25,0xFC,0xDD,0x0A,0xA9,0x17,0x43,0x20,0x26,0x23,0xCF,0x1F,
    0xD5,0x16,0xCE,0x09,0x0C,0xFB,0x2A,0xED,0x9E,0xE2,0x47,0xDD,0x17,0xDE,0xEA,0xE4,
    0x89,0xF0,0xE6,0xFE,0x74,0x0D,0xA0,0x19,0x42,0x21,0x00,0x23,0x89,0x1E,0xAA,0x14,
    0x21,0x07,0x55,0xF8,0xE5,0xEA,0x32,0xE1,0xF4,0xDC,0xED,0xDE,0xC1,0xE6,0x0F,0xF3,
    0xA7,0x01,0xF5,0x0F,0x6F,0x1B,0x0D,0x22,0xA1,0x22,0x13,0x1D,0x5E,0x12,0x67,0x04,
    0xAA,0xF5,0xC1,0xE8,0xF6,0xDF,0xD8,0xDC,0xF6,0xDF,0xC1,0xE8,0xAA,0xF5,0x67,0x04,
    0x5E,0x12,0x13,0x1D,0xA1,0x22,0x0D,0x22,0x6F,0x1B,0xF5,0x0F,0xA7,0x01,0x0F,0xF3,
    0xC1,0xE6,0xED,0xDE,0xF4,0xDC,0x32,0xE1,0xE5,0xEA,0x55,0xF8,0x21,0x07,0xAA,0x14,
    0x89,0x1E,0x00,0x23,0x42,0x21,0xA0,0x19,0x74,0x0D,0xE6,0xFE,0x89,0xF0,0xEA,0xE4,
    0x17,0xDE,0x47,0xDD,0x9E,0xE2,0x2A,0xED,0x0C,0xFB,0xCE,0x09,0xD5,0x16,0xCF,0x1F,
    0x26,0x23,0x43,0x20,0xA9,0x17,0xDD,0x0A,0x25,0xFC,0x1B,0xEE,0x3D,0xE3,0x78,0xDD,
    0xD1,0xDD,0x39,0xE4,0x8D,0xEF,0xCB,0xFD,0x6D,0x0C,0xDB,0x18,0xE2,0x20,0x16,0x23,
    0x11,0x1F,0x8C,0x15,0x35,0x08,0x6A,0xF9,0xC9,0xEB,0xBE,0xE1,0x0F,0xDD,0x91,0xDE,
    0x00,0xE6,0x0A,0xF2,0x8D,0x00,0xF8,0x0E,0xBB,0x1A,0xC2,0x21,0xCE,0x22,0xAE,0x1D,
    0x4D,0x13,0x7F,0x05,0xBA,0xF6,0x98,0xE9,0x6E,0xE0,0xDD,0xDC,0x86,0xDF,0xF0,0xE7,
    0x9D,0xF4,0x4E,0x03,0x6B,0x11,0x71,0x1C,0x6D,0x22,0x4F,0x22,0x1D,0x1C,0xEF,0x10,
    0xC2,0x02,0x18,0xF4,0x89,0xE7,0x51,0xDF,0xE2,0xDC,0xAD,0xE0,0x05,0xEA,0x42,0xF7,
    0x0B,0x06,0xC2,0x13,0xF9,0x1D,0xE1,0x22,0x9A,0x21,0x5E,0x1A,0x77,0x0E,0x00,0x00,
    0x89,0xF1,0xA2,0xE5,0x66,0xDE,0x1F,0xDD,0x07,0xE2,0x3E,0xEC,0xF5,0xF9,0xBE,0x08,
    0xFB,0x15,0x53,0x1F,0x1E,0x23,0xAF,0x20,0x77,0x18,0xE8,0x0B,0x3E,0xFD,0x11,0xEF,
    0xE3,0xE3,0xB1,0xDD,0x93,0xDD,0x8F,0xE3,0x95,0xEE,0xB2,0xFC,0x63,0x0B,0x10,0x18,
    0x7A,0x20,0x23,0x23,0x92,0x1F,0x68,0x16,0x46,0x09,0x81,0xFA,0xB3,0xEC,0x52,0xE2,
    0x32,0xDD,0x3E,0xDE,0x45,0xE5,0x08,0xF1,0x73,0xFF,0xF6,0x0D,0x00,0x1A,0x6F,0x21,
    0xF1,0x22,0x42,0x1E,0x37,0x14,0x96,0x06,0xCB,0xF7,0x74,0xEA,0xEF,0xE0,0xEA,0xDC,
    0x1E,0xDF,0x25,0xE7,0x93,0xF3,0x35,0x02,0x73,0x10,0xC7,0x1B,0x2F,0x22,0x88,0x22,
    0xC3,0x1C,0xE5,0x11,0xDB,0x03,0x23,0xF5,0x57,0xE8,0xBD,0xDF,0xDA,0xDC,0x31,0xE0,
    0x2B,0xE9,0x32,0xF6,0xF4,0x04,0xD6,0x12,0x62,0x1D,0xB9,0x22,0xE9,0x21,0x16,0x1B,
    0x77,0x0F,0x1A,0x01,0x8C,0xF2,0x60,0xE6,0xBE,0xDE,0x00,0xDD,0x77,0xE1,0x56,0xEB,
    0xDF,0xF8,0xAB,0x07,0x1B,0x15,0xCE,0x1E,0x0C,0x23,0x13,0x21,0x3F,0x19,0xF1,0x0C,
    0x59,0xFE,0x0B,0xF0,0x91,0xE4,0xF3,0xDD,0x5F,0xDD,0xED,0xE2,0xA2,0xED,0x99,0xFB,
    0x56,0x0A,0x3F,0x17,0x0A,0x20,0x28,0x23,0x0A,0x20,0x3F,0x17,0x56,0x0A,0x99,0xFB,
    0xA2,0xED,0xED,0xE2,0x5F,0xDD,0xF3,0xDD,0x91,0xE4,0x0B,0xF0,0x59,0xFE,0xF1,0x0C,
    0x3F,0x19,0x13,0x21,0x0C,0x23,0xCE,0x1E,0x1B,0x15,0xAB,0x07,0xDF,0xF8,0x56,0xEB,
    0x77,0xE1,0x00,0xDD,0xBE,0xDE,0x60,0xE6,0x8C,0xF2,0x1A,0x01,0x77,0x0F,0x16,0x1B,
    0xE9,0x21,0xB9,0x22,0x62,0x1D,0xD6,0x12,0xF4,0x04,0x32,0xF6,0x2B,0xE9,0x31,0xE0,
    0xDA,0xDC,0xBD,0xDF,0x57,0xE8,0x23,0xF5,0xDB,0x03,0xE5,0x11,0xC3,0x1C,0x88,0x22,
    0x2F,0x22,0xC7,0x1B,0x73,0x10,0x35,0x02,0x93,0xF3,0x25,0xE7,0x1E,0xDF,0xEA,0xDC,
    0xEF,0xE0,0x74,0xEA,0xCB,0xF7,0x96,0x06,0x37,0x14,0x42,0x1E,0xF1,0x22,0x6F,0x21,
    0x00,0x1A,0xF6,0x0D,0x73,0xFF,0x08,0xF1,0x45,0xE5,0x3E,0xDE,0x32,0xDD,0x52,0xE2,
    0xB3,0xEC,0x81,0xFA,0x46,0x09,0x68,0x16,0x92,0x1F,0x23,0x23,0x7A,0x20,0x10,0x18,
    0x63,0x0B,0xB2,0xFC,0x95,0xEE,0x8F,0xE3,0x93,0xDD,0xB1,0xDD,0xE3,0xE3,0x11,0xEF,
    0x3E,0xFD,0xE8,0x0B,0x77,0x18,0xAF,0x20,0x1E,0x23,0x53,0x1F,0xFB,0x15,0xBE,0x08,
    0xF5,0xF9,0x3E,0xEC,0x07,0xE2,0x1F,0xDD,0x66,0xDE,0xA2,0xE5,0x89,0xF1,0x00,0x00,
    0x77,0x0E,0x5E,0x1A,0x9A,0x21,0xE1,0x22,0xF9,0x1D,0xC2,0x13,0x0B,0x06,0x42,0xF7,
    0x05,0xEA,0xAD,0xE0,0xE2,0xDC,0x51,0xDF,0x89,0xE7,0x18,0xF4,0xC2,0x02,0xEF,0x10,
    0x1D,0x1C,0x4F,0x22,0x6D,0x22,0x71,0x1C,0x6B,0x11,0x4E,0x03,0x9D,0xF4,0xF0,0xE7,
    0x86,0xDF,0xDD,0xDC,0x6E,0xE0,0x98,0xE9,0xBA,0xF6,0x7F,0x05,0x4D,0x13,0xAE,0x1D,
    0xCE,0x22,0xC2,0x21,0xBB,0x1A,0xF8,0x0E,0x8D,0x00,0x0A,0xF2,0x00,0xE6,0x91,0xDE,
    0x0F,0xDD,0xBE,0xE1,0xC9,0xEB,0x6A,0xF9,0x35,0x08,0x8C,0x15,0x11,0x1F,0x16,0x23,
    0xE2,0x20,0xDB,0x18,0x6D,0x0C,0xCB,0xFD,0x8D,0xEF,0x39,0xE4,0xD1,0xDD,0x78,0xDD,
    0x3D,0xE3,0x1B,0xEE,0x25,0xFC,0xDD,0x0A,0xA9,0x17,0x43,0x20,0x26,0x23,0xCF,0x1F,
    0xD5,0x16,0xCE,0x09,0x0C,0xFB,0x2A,0xED,0x9E,0xE2,0x47,0xDD,0x17,0xDE,0xEA,0xE4,
    0x89,0xF0,0xE6,0xFE,0x74,0x0D,0xA0,0x19,0x42,0x21,0x00,0x23,0x89,0x1E,0xAA,0x14,
    0x21,0x07,0x55,0xF8,0xE5,0xEA,0x32,0xE1,0xF4,0xDC,0xED,0xDE,0xC1,0xE6,0x0F,0xF3,
    0xA7,0x01,0xF5,0x0F,0x6F,0x1B,0x0D,0x22,0xA1,0x22,0x13,0x1D,0x5E,0x12,0x67,0x04,
    0xAA,0xF5,0xC1,0xE8,0xF6,0xDF,0xD8,0xDC,0xF6,0xDF,0xC1,0xE8,0xAA,0xF5,0x67,0x04,
    0x5E,0x12,0x13,0x1D,0xA1,0x22,0x0D,0x22,0x6F,0x1B,0xF5,0x0F,0xA7,0x01,0x0F,0xF3,
    0xC1,0xE6,0xED,0xDE,0xF4,0xDC,0x32,0xE1,0xE5,0xEA,0x55,0xF8,0x21,0x07,0xAA,0x14,
    0x89,0x1E,0x00,0x23,0x42,0x21,0xA0,0x19,0x74,0x0D,0xE6,0xFE,0x89,0xF0,0xEA,0xE4,
    0x17,0xDE,0x47,0xDD,0x9E,0xE2,0x2A,0xED,0x0C,0xFB,0xCE,0x09,0xD5,0x16,0xCF,0x1F,
    0x26,0x23,0x43,0x20,0xA9,0x17,0xDD,0x0A,0x25,0xFC,0x1B,0xEE,0x3D,0xE3,0x78,0xDD,
    0xD1,0xDD,0x39,0xE4,0x8D,0xEF,0xCB,0xFD,0x6D,0x0C,0xDB,0x18,0xE2,0x20,0x16,0x23,
    0x11,0x1F,0x8C,0x15,0x35,0x08,0x6A,0xF9,0xC9,0xEB,0xBE,0xE1,0x0F,0xDD,0x91,0xDE,
    0x00,0xE6,0x0A,0xF2,0x8D,0x00,0xF8,0x0E,0xBB,0x1A,0xC2,0x21,0xCE,0x22,0xAE,0x1D,
    0x4D,0x13,0x7F,0x05,0xBA,0xF6,0x98,0xE9,0x6E,0xE0,0xDD,0xDC,0x86,0xDF,0xF0,0xE7,
    0x9D,0xF4,0x4E,0x03,0x6B,0x11,0x71,0x1C,0x6D,0x22,0x4F,0x22,0x1D,0x1C,0xEF,0x10,
    0xC2,0x02,0x18,0xF4,0x89,0xE7,0x51,0xDF,0xE2,0xDC,0xAD,0xE0,0x05,0xEA,0x42,0xF7,
    0x0B,0x06,0xC2,0x13,0xF9,0x1D,0xE1,0x22,0x9A,0x21,0x5E,0x1A,0x77,0x0E,0x00,0x00,
    0x89,0xF1,0xA2,0xE5,0x66,0xDE,0x1F,0xDD,0x07,0xE2,0x3E,0xEC,0xF5,0xF9,0xBE,0x08,
    0xFB,0x15,0x53,0x1F,0x1E,0x23,0xAF,0x20,0x77,0x18,0xE8,0x0B,0x3E,0xFD,0x11,0xEF,
    0xE3,0xE3,0xB1,0xDD,0x93,0xDD,0x8F,0xE3,0x95,0xEE,0xB2,0xFC,0x63,0x0B,0x10,0x18,
    0x7A,0x20,0x23,0x23,0x92,0x1F,0x68,0x16,0x46,0x09,0x81,0xFA,0xB3,0xEC,0x52,0xE2,
    0x32,0xDD,0x3E,0xDE,0x45,0xE5,0x08,0xF1,0x73,0xFF,0xF6,0x0D,0x00,0x1A,0x6F,0x21,
    0xF1,0x22,0x42,0x1E,0x37,0x14,0x96,0x06,0xCB,0xF7,0x74,0xEA,0xEF,0xE0,0xEA,0xDC,
    0x1E,0xDF,0x25,0xE7,0x93,0xF3,0x35,0x02,0x73,0x10,0xC7,0x1B,0x2F,0x22,0x88,0x22,
    0xC3,0x1C,0xE5,0x11,0xDB,0x03,0x23,0xF5,0x57,0xE8,0xBD,0xDF,0xDA,0xDC,0x31,0xE0,
    0x2B,0xE9,0x32,0xF6,0xF4,0x04,0xD6,0x12,0x62,0x1D,0xB9,0x22,0xE9,0x21,0x16,0x1B,
    0x77,0x0F,0x1A,0x01,0x8C,0xF2,0x60,0xE6,0xBE,0xDE,0x00,0xDD,0x77,0xE1,0x56,0xEB,
    0xDF,0xF8,0xAB,0x07,0x1B,0x15,0xCE,0x1E,0x0C,0x23,0x13,0x21,0x3F,0x19,0xF1,0x0C,
    0x59,0xFE,0x0B,0xF0,0x91,0xE4,0xF3,0xDD,0x5F,0xDD,0xED,0xE2,0xA2,0xED,0x99,0xFB,
    0x56,0x0A,0x3F,0x17,0x0A,0x20,0x28,0x23,0x0A,0x20,0x3F,0x17,0x56,0x0A,0x99,0xFB,
    0xA2,0xED,0xED,0xE2,0x5F,0xDD,0xF3,0xDD,0x91,0xE4,0x0B,0xF0,0x59,0xFE,0xF1,0x0C,
    0x3F,0x19,0x13,0x21,0x0C,0x23,0xCE,0x1E,0x1B,0x15,0xAB,0x07,0xDF,0xF8,0x56,0xEB,
    0x77,0xE1,0x00,0xDD,0xBE,0xDE,0x60,0xE6,0x8C,0xF2,0x1A,0x01,0x77,0x0F,0x16,0x1B,
    0xE9,0x21,0xB9,0x22,0x62,0x1D,0xD6,0x12,0xF4,0x04,0x32,0xF6,0x2B,0xE9,0x31,0xE0,
    0xDA,0xDC,0xBD,0xDF,0x57,0xE8,0x23,0xF5,0xDB,0x03,0xE5,0x11,0xC3,0x1C,0x88,0x22,
    0x2F,0x22,0xC7,0x1B,0x73,0x10,0x35,0x02,0x93,0xF3,0x25,0xE7,0x1E,0xDF,0xEA,0xDC,
    0xEF,0xE0,0x74,0xEA,0xCB,0xF7,0x96,0x06,0x37,0x14,0x42,0x1E,0xF1,0x22,0x6F,0x21,
    0x00,0x1A,0xF6,0x0D,0x73,0xFF,0x08,0xF1,0x45,0xE5,0x3E,0xDE,0x32,0xDD,0x52,0xE2,
    0xB3,0xEC,0x81,0xFA,0x46,0x09,0x68,0x16,0x92,0x1F,0x23,0x23,0x7A,0x20,0x10,0x18,
    0x63,0x0B,0xB2,0xFC,0x95,0xEE,0x8F,0xE3,0x93,0xDD,0xB1,0xDD,0xE3,0xE3,0x11,0xEF,
    0x3E,0xFD,0xE8,0x0B,0x77,0x18,0xAF,0x20,0x1E,0x23,0x53,0x1F,0xFB,0x15,0xBE,0x08,
    0xF5,0xF9,0x3E,0xEC,0x07,0xE2,0x1F,0xDD,0x66,0xDE,0xA2,0xE5,0x89,0xF1,0x00,0x00,
    0x77,0x0E,0x5E,0x1A,0x9A,0x21,0xE1,0x22,0xF9,0x1D,0xC2,0x13,0x0B,0x06,0x42,0xF7,
    0x05,0xEA,0xAD,0xE0,0xE2,0xDC,0x51,0xDF,0x89,0xE7,0x18,0xF4,0xC2,0x02,0xEF,0x10,
    0x1D,0x1C,0x4F,0x22,0x6D,0x22,0x71,0x1C,0x6B,0x11,0x4E,0x03,0x9D,0xF4,0xF0,0xE7,
    0x86,0xDF,0xDD,0xDC,0x6E,0xE0,0x98,0xE9,0xBA,0xF6,0x7F,0x05,0x4D,0x13,0xAE,0x1D,
    0xCE,0x22,0xC2,0x21,0xBB,0x1A,0xF8,0x0E,0x8D,0x00,0x0A,0xF2,0x00,0xE6,0x91,0xDE,
    0x0F,0xDD,0xBE,0xE1,0xC9,0xEB,0x6A,0xF9,0x35,0x08,0x8C,0x15,0x11,0x1F,0x16,0x23,
    0xE2,0x20,0xDB,0x18,0x6D,0x0C,0xCB,0xFD,0x8D,0xEF,0x39,0xE4,0xD1,0xDD,0x78,0xDD,
    0x3D,0xE3,0x1B,0xEE,0x25,0xFC,0xDD,0x0A,0xA9,0x17,0x43,0x20,0x26,0x23,0xCF,0x1F,
    0xD5,0x16,0xCE,0x09,0x0C,0xFB,0x2A,0xED,0x9E,0xE2,0x47,0xDD,0x17,0xDE,0xEA,0xE4,
    0x89,0xF0,0xE6,0xFE,0x74,0x0D,0xA0,0x19,0x42,0x21,0x00,0x23,0x89,0x1E,0xAA,0x14,
    0x21,0x07,0x55,0xF8,0xE5,0xEA,0x32,0xE1,0xF4,0xDC,0xED,0xDE,0xC1,0xE6,0x0F,0xF3,
    0xA7,0x01,0xF5,0x0F,0x6F,0x1B,0x0D,0x22,0xA1,0x22,0x13,0x1D,0x5E,0x12,0x67,0x04,
    0xAA,0xF5,0xC1,0xE8,0xF6,0xDF,0xD8,0xDC,0xF6,0xDF,0xC1,0xE8,0xAA,0xF5,0x67,0x04,
    0x5E,0x12,0x13,0x1D,0xA1,0x22,0x0D,0x22,0x6F,0x1B,0xF5,0x0F,0xA7,0x01,0x0F,0xF3,
    0xC1,0xE6,0xED,0xDE,0xF4,0xDC,0x32,0xE1,0xE5,0xEA,0x55,0xF8,0x21,0x07,0xAA,0x14,
    0x89,0x1E,0x00,0x23,0x42,0x21,0xA0,0x19,0x74,0x0D,0xE6,0xFE,0x89,0xF0,0xEA,0xE4,
    0x17,0xDE,0x47,0xDD,0x9E,0xE2,0x2A,0xED,0x0C,0xFB,0xCE,0x09,0xD5,0x16,0xCF,0x1F,
    0x26,0x23,0x43,0x20,0xA9,0x17,0xDD,0x0A,0x25,0xFC,0x1B,0xEE,0x3D,0xE3,0x78,0xDD,
    0xD1,0xDD,0x39,0xE4,0x8D,0xEF,0xCB,0xFD,0x6D,0x0C,0xDB,0x18,0xE2,0x20,0x16,0x23,
    0x11,0x1F,0x8C,0x15,0x35,0x08,0x6A,0xF9,0xC9,0xEB,0xBE,0xE1,0x0F,0xDD,0x91,0xDE,
    0x00,0xE6,0x0A,0xF2,0x8D,0x00,0xF8,0x0E,0xBB,0x1A,0xC2,0x21,0xCE,0x22,0xAE,0x1D,
    0x4D,0x13,0x7F,0x05,0xBA,0xF6,0x98,0xE9,0x6E,0xE0,0xDD,0xDC,0x86,0xDF,0xF0,0xE7,
    0x9D,0xF4,0x4E,0x03,0x6B,0x11,0x71,0x1C,0x6D,0x22,0x4F,0x22,0x1D,0x1C,0xEF,0x10,
    0xC2,0x02,0x18,0xF4,0x89,0xE7,0x51,0xDF,0xE2,0xDC,0xAD,0xE0,0x05,0xEA,0x42,0xF7,
    0x0B,0x06,0xC2,0x13,0xF9,0x1D,0xE1,0x22,0x9A,0x21,0x5E,0x1A,0x77,0x0E,0x30,0x30,
    0x64,0x63,0xA4,0x05,0x00,0x00,0xFF,0xD8,0xFF,0xE0,0x00,0x10,0x4A,0x46,0x49,0x46,
    0x00,0x01,0x01,0x00,0x00,0x01,0x00,0x01,0x00,0x00,0xFF,0xDB,0x00,0x43,0x00,0x06,
    0x04,0x05,0x06,0x05,0x04,0x06,0x06,0x05,0x06,0x07,0x07,0x06,0x08,0x0A,0x10,0x0A,
    0x0A,0x09,0x09,0x0A,0x14,0x0E,0x0F,0x0C,0x10,0x17,0x14,0x18,0x18,0x17,0x14,0x16,
    0x16,0x1A,0x1D,0x25,0x1F,0x1A,0x1B,0x23,0x1C,0x16,0x16,0x20,0x2C,0x20,0x23,0x26,
    0x27,0x29,0x2A,0x29,0x19,0x1F,0x2D,0x30,0x2D,0x28,0x30,0x25,0x28,0x29,0x28,0xFF,
    0xDB,0x00,0x43,0x01,0x07,0x07,0x07,0x0A,0x08,0x0A,0x13,0x0A,0x0A,0x13,0x28,0x1A,
    0x16,0x1A,0x28,0x28,0x28,0x28,0x28,0x28,0x28,0x28,0x28,0x28,0x28,0x28,0x28,0x28,
    0x28,0x28,0x28,0x28,0x28,0x28,0x28,0x28,0x28,0x28,0x28,0x28,0x28,0x28,0x28,0x28,
    0x28,0x28,0x28,0x28,0x28,0x28,0x28,0x28,0x28,0x28,0x28,0x28,0x28,0x28,0x28,0x28,
    0x28,0x28,0x28,0x28,0xFF,0xC0,0x00,0x11,0x08,0x00,0x3C,0x00,0x50,0x03,0x01,0x11,
    0x00,0x02,0x11,0x01,0x03,0x11,0x01,0xFF,0xC4,0x00,0x1F,0x00,0x00,0x01,0x05,0x01,
    0x01,0x01,0x01,0x01,0x01,0x00,0x00,0x00,0x00,0x00,0x00,0x00,0x00,0x01,0x02,0x03,
    0x04,0x05,0x06,0x07,0x08,0x09,0x0A,0x0B,0xFF,0xC4,0x00,0xB5,0x10,0x00,0x02,0x01,
    0x03,0x03,0x02,0x04,0x03,0x05,0x05,0x04,0x04,0x00,0x00,0x01,0x7D,0x01,0x02,0x03,
    0x00,0x04,0x11,0x05,0x12,0x21,0x31,0x41,0x06,0x13,0x51,0x61,0x07,0x22,0x71,0x14,
    0x32,0x81,0x91,0xA1,0x08,0x23,0x42,0xB1,0xC1,0x15,0x52,0xD1,0xF0,0x24,0x33,0x62,
    0x72,0x82,0x09,0x0A,0x16,0x17,0x18,0x19,0x1A,0x25,0x26,0x27,0x28,0x29,0x2A,0x34,
    0x35,0x36,0x37,0x38,0x39,0x3A,0x43,0x44,0x45,0x46,0x47,0x48,0x49,0x4A,0x53,0x54,
    0x55,0x56,0x57,0x58,0x59,0x5A,0x63,0x64,0x65,0x66,0x67,0x68,0x69,0x6A,0x73,0x74,
    0x75,0x76,0x77,0x78,0x79,0x7A,0x83,0x84,0x85,0x86,0x87,0x88,0x89,0x8A,0x92,0x93,
    0x94,0x95,0x96,0x97,0x98,0x99,0x9A,0xA2,0xA3,0xA4,0xA5,0xA6,0xA7,0xA8,0xA9,0xAA,
    0xB2,0xB3,0xB4,0xB5,0xB6,0xB7,0xB8,0xB9,0xBA,0xC2,0xC3,0xC4,0xC5,0xC6,0xC7,0xC8,
    0xC9,0xCA,0xD2,0xD3,0xD4,0xD5,0xD6,0xD7,0xD8,0xD9,0xDA,0xE1,0xE2,0xE3,0xE4,0xE5,
    0xE6,0xE7,0xE8,0xE9,0xEA,0xF1,0xF2,0xF3,0xF4,0xF5,0xF6,0xF7,0xF8,0xF9,0xFA,0xFF,
    0xC4,0x00,0x1F,0x01,0x00,0x03,0x01,0x01,0x01,0x01,0x01,0x01,0x01,0x01,0x01,0x00,
    0x00,0x00,0x00,0x00,0x00,0x01,0x02,0x03,0x04,0x05,0x06,0x07,0x08,0x09,0x0A,0x0B,
    0xFF,0xC4,0x00,0xB5,0x11,0x00,0x02,0x01,0x02,0x04,0x04,0x03,0x04,0x07,0x05,0x04,
    0x04,0x00,0x01,0x02,0x77,0x00,0x01,0x02,0x03,0x11,0x04,0x05,0x21,0x31,0x06,0x12,
    0x41,0x51,0x07,0x61,0x71,0x13,0x22,0x32,0x81,0x08,0x14,0x42,0x91,0xA1,0xB1,0xC1,
    0x09,0x23,0x33,0x52,0xF0,0x15,0x62,0x72,0xD1,0x0A,0x16,0x24,0x34,0xE1,0x25,0xF1,
    0x17,0x18,0x19,0x1A,0x26,0x27,0x28,0x29,0x2A,0x35,0x36,0x37,0x38,0x39,0x3A,0x43,
    0x44,0x45,0x46,0x47,0x48,0x49,0x4A,0x53,0x54,0x55,0x56,0x57,0x58,0x59,0x5A,0x63,
    0x64,0x65,0x66,0x67,0x68,0x69,0x6A,0x73,0x74,0x75,0x76,0x77,0x78,0x79,0x7A,0x82,
    0x83,0x84,0x85,0x86,0x87,0x88,0x89,0x8A,0x92,0x93,0x94,0x95,0x96,0x97,0x98,0x99,
    0x9A,0xA2,0xA3,0xA4,0xA5,0xA6,0xA7,0xA8,0xA9,0xAA,0xB2,0xB3,0xB4,0xB5,0xB6,0xB7,
    0xB8,0xB9,0xBA,0xC2,0xC3,0xC4,0xC5,0xC6,0xC7,0xC8,0xC9,0xCA,0xD2,0xD3,0xD4,0xD5,
    0xD6,0xD7,0xD8,0xD9,0xDA,0xE2,0xE3,0xE4,0xE5,0xE6,0xE7,0xE8,0xE9,0xEA,0xF2,0xF3,
    0xF4,0xF5,0xF6,0xF7,0xF8,0xF9,0xFA,0xFF,0xDA,0x00,0x0C,0x03,0x01,0x00,0x02,0x11,
    0x03,0x11,0x00,0x3F,0x00,0xF9,0xCA,0x3B,0x6F,0x6A,0xFB,0x07,0x33,0x96,0x9D,0x42,
    0xD4,0x76,0xDE,0xD5,0x93,0x99,0xDD,0x4E,0xA1,0x66,0x3B,0x6F,0x6A,0xC9,0xCC,0xEE,
    0xA7,0x50,0xB5,0x1D,0xB7,0xB5,0x66,0xE6,0x77,0x53,0xA8,0x59,0x8E,0xDB,0xDA,0xB2,
    0x73,0x3B,0x69,0xD4,0x2D,0x47,0x6D,0xED,0x59,0x39,0x9D,0xD4,0xEA,0x16,0x63,0xB6,
    0xF6,0xAC,0xDC,0xCE,0xEA,0x75,0x0B,0x51,0xDB,0x7B,0x56,0x4E,0x67,0x6D,0x3A,0x85,
    0xA8,0xED,0xBD,0xAB,0x37,0x33,0xBA,0x9D,0x42,0xCC,0x76,0xDE,0xD5,0x93,0x99,0xDD,
    0x4E,0xA1,0xC1,0x47,0x6D,0xED,0x5E,0xEB,0x99,0xFC,0xE9,0x4E,0xA1,0x6A,0x3B,0x6F,
    0x6A,0xCD,0xCC,0xEE,0xA7,0x50,0xB3,0x1D,0xB7,0xB5,0x64,0xE6,0x77,0x53,0xA8,0x5A,
    0x8E,0xDB,0xDA,0xB3,0x73,0x3B,0x69,0xD4,0x2C,0xC7,0x6D,0xED,0x59,0x39,0x9D,0xD4,
    0xEA,0x16,0xA3,0xB6,0xF6,0xAC,0x9C,0xCE,0xEA,0x75,0x0B,0x51,0xDB,0x7B,0x56,0x6E,
    0x67,0x6D,0x3A,0x85,0x98,0xED,0xBD,0xAB,0x27,0x33,0xBA,0x9D,0x42,0xD4,0x76,0xDE,
    0xD5,0x93,0x99,0xDD,0x4E,0xA1,0x66,0x3B,0x6F,0x6A,0xCD,0xCC,0xEE,0xA7,0x50,0xE0,
    0xA3,0xB6,0xF6,0xAF,0x75,0xCC,0xFE,0x74,0xA7,0x50,0xB5,0x1D,0xB7,0xB5,0x66,0xE6,
    0x76,0xD3,0xA8,0x59,0x8E,0xDB,0xDA,0xB2,0x73,0x3B,0xA9,0xD4,0x2D,0x47,0x6D,0xED,
    0x59,0x39,0x9D,0xD4,0xEA,0x1B,0xDA,0x0E,0x85,0xF6,0xE2,0xD2,0x4C,0xC5,0x20,0x53,
    0x8F,0x97,0xA9,0x3E,0x95,0x94,0xAA,0x1D,0x91,0xAA,0xD2,0xD0,0xE8,0x66,0xF0,0xF5,
    0x83,0xC6,0x44,0x51,0xB4,0x2D,0xD9,0x95,0x89,0xFD,0x0D,0x67,0xCC,0xCD,0x61,0x89,
    0x9C,0x5F,0x73,0x06,0x4B,0x16,0xB7,0x99,0xA2,0x90,0x0D,0xCA,0x7B,0x74,0xAC,0xE5,
    0x3B,0x1E,0xB5,0x1A,0xCA,0x49,0x34,0x4B,0x1D,0xB7,0xB5,0x64,0xE6,0x7A,0x14,0xEA,
    0x16,0xA3,0xB6,0xF6,0xAC,0x9C,0xCE,0xEA,0x75,0x0B,0x31,0xDB,0x7B,0x56,0x6E,0x67,
    0x6D,0x3A,0x87,0x05,0x1D,0xB7,0xB5,0x7B,0xAE,0x67,0xF3,0xA5,0x3A,0x85,0xA8,0xED,
    0xBD,0xAB,0x37,0x33,0xBA,0x9D,0x42,0xCC,0x76,0xDE,0xD5,0x93,0x99,0xDD,0x4E,0xA1,
    0x6A,0x3B,0x6F,0x6A,0xC9,0xCC,0xED,0xA7,0x50,0xEB,0x34,0x26,0x5F,0xEC,0xF4,0x8C,
    0x7D,0xE8,0xC9,0x04,0x7D,0x4E,0x7F,0xAD,0x11,0x95,0xCF,0x52,0x8C,0x94,0xA2,0x68,
    0xD5,0x1A,0x99,0x5A,0x82,0x09,0xAE,0xB2,0x3F,0x85,0x76,0xD7,0x1D,0x6A,0x8B,0x9A,
    0xC8,0xED,0xC3,0xCB,0x95,0x0D,0x8E,0xDB,0xDA,0xB9,0xDC,0xCF,0x46,0x9D,0x42,0xD4,
    0x76,0xDE,0xD5,0x93,0x99,0xDD,0x4E,0xA1,0x66,0x3B,0x6F,0x6A,0xC9,0xCC,0xEE,0xA7,
    0x50,0xE0,0xA3,0xB6,0xF6,0xAF,0x79,0xCC,0xFE,0x74,0xA7,0x50,0xB5,0x1D,0xB7,0xB5,
    0x64,0xE6,0x77,0x53,0xA8,0x59,0x8E,0xDB,0xDA,0xB3,0x73,0x3B,0xA9,0xD4,0x2D,0x47,
    0x6D,0xED,0x59,0x39,0x9D,0xB4,0xEA,0x17,0x2D,0xA2,0x78,0x9B,0x74,0x64,0x83,0xD2,
    0xA3,0xDA,0xB8,0xBB,0xA3,0xBE,0x95,0x67,0x17,0x74,0x5F,0x0F,0x2B,0x8C,0x70,0x3E,
    0x94,0x4B,0x15,0x26,0xAC,0x77,0xC6,0xBB,0x90,0xE8,0xED,0xBD,0xAB,0x91,0xCC,0xEB,
    0xA7,0x50,0xB3,0x1D,0xB7,0xB5,0x66,0xE6,0x77,0x53,0xA8,0x5A,0x8E,0xDB,0xDA,0xB2,
    0x73,0x3B,0xA9,0xD4,0x2C,0xC7,0x6D,0xED,0x59,0x39,0x9D,0xD4,0xEA,0x1C,0x14,0x76,
    0xDE,0xD5,0xEF,0x39,0x9F,0xCE,0x94,0xEA,0x16,0xA3,0xB6,0xF6,0xAC,0x9C,0xCE,0xEA,
    0x75,0x0B,0x31,0xDB,0x7B,0x56,0x6E,0x67,0x6D,0x3A,0x85,0xA8,0xED,0xBD,0xAB,0x27,
    0x33,0xBA,0x9D,0x42,0xD4,0x76,0xDE,0xD5,0x93,0x99,0xDD,0x4E,0xA1,0x66,0x3B,0x6F,
    0x6A,0xCD,0xCC,0xED,0xA7,0x50,0xB5,0x1D,0xB7,0xB5,0x64,0xE6,0x77,0x53,0xA8,0x59,
    0x8E,0xDB,0xDA,0xB3,0x73,0x3B,0xA9,0xD4,0x2D,0x47,0x6D,0xED,0x59,0x39,0x9D,0xD4,
    0xEA,0x16,0x63,0xB6,0xF6,0xAC,0x9C,0xCE,0xDA,0x75,0x0E,0x0A,0x3B,0x6F,0x6A,0xF7,
    0x9C,0xCF,0xE7,0x4A,0x75,0x0B,0x51,0xDB,0x7B,0x56,0x4E,0x67,0x75,0x3A,0x85,0x98,
    0xED,0xBD,0xAB,0x37,0x33,0xBA,0x9D,0x42,0xD4,0x76,0xDE,0xD5,0x93,0x99,0xDD,0x4E,
    0xA1,0x6A,0x3B,0x6F,0x6A,0xC9,0xCC,0xED,0xA7,0x50,0xB3,0x1D,0xB7,0xB5,0x66,0xE6,
    0x77,0x53,0xA8,0x5A,0x8E,0xDB,0xDA,0xB2,0x73,0x3B,0xA9,0xD4,0x2C,0xC7,0x6D,0xED,
    0x59,0x39,0x9D,0xB4,0xEA,0x16,0xA3,0xB6,0xF6,0xAC,0xDC,0xCE,0xEA,0x75,0x0B,0x31,
    0xDB,0x7B,0x56,0x4E,0x67,0x75,0x3A,0x87,0x9F,0x46,0x8B,0xE9,0x5F,0x40,0xDB,0x3F,
    0x9D,0xA9,0xC9,0x96,0xA3,0x45,0xF4,0xAC,0x9B,0x67,0x75,0x39,0x32,0xD4,0x68,0xBE,
    0x95,0x93,0x6C,0xEE,0xA7,0x26,0x59,0x8D,0x17,0xD2,0xB3,0x6D,0x9D,0xD4,0xE4,0xCB,
    0x51,0xA2,0xFA,0x56,0x4D,0xB3,0xB6,0x9C,0x99,0x66,0x34,0x5F,0x4A,0xCD,0xB6,0x77,
    0x53,0x93,0x2D,0x46,0x8B,0xE9,0x59,0x36,0xCE,0xEA,0x72,0x65,0x98,0xD1,0x7D,0x2B,
    0x26,0xD9,0xDB,0x4E,0x4C,0xB5,0x1A,0x2F,0xA5,0x64,0xDB,0x3B,0xA9,0xC9,0x96,0xA3,
    0x45,0xF4,0xAC,0xDB,0x67,0x75,0x39,0x33,0xFF,0xD9,0x30,0x31,0x77,0x62,0xD0,0x07,
    0x00,0x00,0x00,0x00,0x37,0x0F,0x6F,0x1B,0x3F,0x22,0x4F,0x22,0x9B,0x1B,0x77,0x0F,
    0x46,0x00,0x08,0xF1,0xBD,0xE4,0xD1,0xDD,0xA2,0xDD,0x39,0xE4,0x4A,0xF0,0x73,0xFF,
    0xB7,0x0E,0x16,0x1B,0x1E,0x22,0x6D,0x22,0xF2,0x1B,0xF5,0x0F,0xD4,0x00,0x89,0xF1,
    0x17,0xE5,0xF3,0xDD,0x85,0xDD,0xE3,0xE3,0xCC,0xEF,0xE6,0xFE,0x37,0x0E,0xBB,0x1A,
    0xFB,0x21,0x88,0x22,0x47,0x1C,0x73,0x10,0x61,0x01,0x0A,0xF2,0x73,0xE5,0x17,0xDE,
    0x6B,0xDD,0x8F,0xE3,0x4F,0xEF,0x59,0xFE,0xB5,0x0D,0x5E,0x1A,0xD6,0x21,0xA1,0x22,
    0x9A,0x1C,0xEF,0x10,0xEE,0x01,0x8C,0xF2,0xD0,0xE5,0x3E,0xDE,0x53,0xDD,0x3D,0xE3,
    0xD3,0xEE,0xCB,0xFD,0x32,0x0D,0x00,0x1A,0xAE,0x21,0xB9,0x22,0xEB,0x1C,0x6B,0x11,
    0x7B,0x02,0x0F,0xF3,0x30,0xE6,0x66,0xDE,0x3D,0xDD,0xED,0xE2,0x58,0xEE,0x3E,0xFD,
    0xAF,0x0C,0xA0,0x19,0x85,0x21,0xCE,0x22,0x3B,0x1D,0xE5,0x11,0x08,0x03,0x93,0xF3,
    0x90,0xE6,0x91,0xDE,0x29,0xDD,0x9E,0xE2,0xDE,0xED,0xB2,0xFC,0x2B,0x0C,0x3F,0x19,
    0x59,0x21,0xE1,0x22,0x88,0x1D,0x5E,0x12,0x95,0x03,0x18,0xF4,0xF3,0xE6,0xBE,0xDE,
    0x17,0xDD,0x52,0xE2,0x66,0xED,0x25,0xFC,0xA6,0x0B,0xDB,0x18,0x2B,0x21,0xF1,0x22,
    0xD4,0x1D,0xD6,0x12,0x21,0x04,0x9D,0xF4,0x57,0xE7,0xED,0xDE,0x07,0xDD,0x07,0xE2,
    0xEF,0xEC,0x99,0xFB,0x20,0x0B,0x77,0x18,0xFB,0x20,0x00,0x23,0x1E,0x1E,0x4D,0x13,
    0xAE,0x04,0x23,0xF5,0xBC,0xE7,0x1E,0xDF,0xFA,0xDC,0xBE,0xE1,0x78,0xEC,0x0C,0xFB,
    0x99,0x0A,0x10,0x18,0xC9,0x20,0x0C,0x23,0x66,0x1E,0xC2,0x13,0x3A,0x05,0xAA,0xF5,
    0x23,0xE8,0x51,0xDF,0xEF,0xDC,0x77,0xE1,0x03,0xEC,0x81,0xFA,0x12,0x0A,0xA9,0x17,
    0x95,0x20,0x16,0x23,0xAC,0x1E,0x37,0x14,0xC5,0x05,0x32,0xF6,0x8C,0xE8,0x86,0xDF,
    0xE6,0xDC,0x32,0xE1,0x90,0xEB,0xF5,0xF9,0x8A,0x09,0x3F,0x17,0x5F,0x20,0x1E,0x23,
    0xF0,0x1E,0xAA,0x14,0x50,0x06,0xBA,0xF6,0xF6,0xE8,0xBD,0xDF,0xDF,0xDC,0xEF,0xE0,
    0x1D,0xEB,0x6A,0xF9,0x02,0x09,0xD5,0x16,0x27,0x20,0x23,0x23,0x32,0x1F,0x1B,0x15,
    0xDB,0x06,0x42,0xF7,0x61,0xE9,0xF6,0xDF,0xDB,0xDC,0xAD,0xE0,0xAC,0xEA,0xDF,0xF8,
    0x79,0x08,0x68,0x16,0xED,0x1F,0x26,0x23,0x72,0x1F,0x8C,0x15,0x66,0x07,0xCB,0xF7,
    0xCE,0xE9,0x31,0xE0,0xD9,0xDC,0x6E,0xE0,0x3D,0xEA,0x55,0xF8,0xF0,0x07,0xFB,0x15,
    0xB1,0x1F,0x28,0x23,0xB1,0x1F,0xFB,0x15,0xF0,0x07,0x55,0xF8,0x3D,0xEA,0x6E,0xE0,
    0xD9,0xDC,0x31,0xE0,0xCE,0xE9,0xCB,0xF7,0x66,0x07,0x8C,0x15,0x72,0x1F,0x26,0x23,
    0xED,0x1F,0x68,0x16,0x79,0x08,0xDF,0xF8,0xAC,0xEA,0xAD,0xE0,0xDB,0xDC,0xF6,0xDF,
    0x61,0xE9,0x42,0xF7,0xDB,0x06,0x1B,0x15,0x32,0x1F,0x23,0x23,0x27,0x20,0xD5,0x16,
    0x02,0x09,0x6A,0xF9,0x1D,0xEB,0xEF,0xE0,0xDF,0xDC,0xBD,0xDF,0xF6,0xE8,0xBA,0xF6,
    0x50,0x06,0xAA,0x14,0xF0,0x1E,0x1E,0x23,0x5F,0x20,0x3F,0x17,0x8A,0x09,0xF5,0xF9,
    0x90,0xEB,0x32,0xE1,0xE6,0xDC,0x86,0xDF,0x8C,0xE8,0x32,0xF6,0xC5,0x05,0x37,0x14,
    0xAC,0x1E,0x16,0x23,0x95,0x20,0xA9,0x17,0x12,0x0A,0x81,0xFA,0x03,0xEC,0x77,0xE1,
    0xEF,0xDC,0x51,0xDF,0x23,0xE8,0xAA,0xF5,0x3A,0x05,0xC2,0x13,0x66,0x1E,0x0C,0x23,
    0xC9,0x20,0x10,0x18,0x99,0x0A,0x0C,0xFB,0x78,0xEC,0xBE,0xE1,0xFA,0xDC,0x1E,0xDF,
    0xBC,0xE7,0x23,0xF5,0xAE,0x04,0x4D,0x13,0x1E,0x1E,0x00,0x23,0xFB,0x20,0x77,0x18,
    0x20,0x0B,0x99,0xFB,0xEF,0xEC,0x07,0xE2,0x07,0xDD,0xED,0xDE,0x57,0xE7,0x9D,0xF4,
    0x21,0x04,0xD6,0x12,0xD4,0x1D,0xF1,0x22,0x2B,0x21,0xDB,0x18,0xA6,0x0B,0x25,0xFC,
    0x66,0xED,0x52,0xE2,0x17,0xDD,0xBE,0xDE,0xF3,0xE6,0x18,0xF4,0x95,0x03,0x5E,0x12,
    0x88,0x1D,0xE1,0x22,0x59,0x21,0x3F,0x19,0x2B,0x0C,0xB2,0xFC,0xDE,0xED,0x9E,0xE2,
    0x29,0xDD,0x91,0xDE,0x90,0xE6,0x93,0xF3,0x08,0x03,0xE5,0x11,0x3B,0x1D,0xCE,0x22,
    0x85,0x21,0xA0,0x19,0xAF,0x0C,0x3E,0xFD,0x58,0xEE,0xED,0xE2,0x3D,0xDD,0x66,0xDE,
    0x30,0xE6,0x0F,0xF3,0x7B,0x02,0x6B,0x11,0xEB,0x1C,0xB9,0x22,0xAE,0x21,0x00,0x1A,
    0x32,0x0D,0xCB,0xFD,0xD3,0xEE,0x3D,0xE3,0x53,0xDD,0x3E,0xDE,0xD0,0xE5,0x8C,0xF2,
    0xEE,0x01,0xEF,0x10,0x9A,0x1C,0xA1,0x22,0xD6,0x21,0x5E,0x1A,0xB5,0x0D,0x59,0xFE,
    0x4F,0xEF,0x8F,0xE3,0x6B,0xDD,0x17,0xDE,0x73,0xE5,0x0A,0xF2,0x61,0x01,0x73,0x10,
    0x47,0x1C,0x88,0x22,0xFB,0x21,0xBB,0x1A,0x37,0x0E,0xE6,0xFE,0xCC,0xEF,0xE3,0xE3,
    0x85,0xDD,0xF3,0xDD,0x17,0xE5,0x89,0xF1,0xD4,0x00,0xF5,0x0F,0xF2,0x1B,0x6D,0x22,
    0x1E,0x22,0x16,0x1B,0xB7,0x0E,0x73,0xFF,0x4A,0xF0,0x39,0xE4,0xA2,0xDD,0xD1,0xDD,
    0xBD,0xE4,0x08,0xF1,0x46,0x00,0x77,0x0F,0x9B,0x1B,0x4F,0x22,0x3F,0x22,0x6F,0x1B,
    0x37,0x0F,0x00,0x00,0xC9,0xF0,0x91,0xE4,0xC1,0xDD,0xB1,0xDD,0x65,0xE4,0x89,0xF0,
    0xBA,0xFF,0xF8,0x0E,0x43,0x1B,0x2F,0x22,0x5E,0x22,0xC7,0x1B,0xB6,0x0F,0x8D,0x00,
    0x49,0xF1,0xEA,0xE4,0xE2,0xDD,0x93,0xDD,0x0E,0xE4,0x0B,0xF0,0x2C,0xFF,0x77,0x0E,
    0xE9,0x1A,0x0D,0x22,0x7B,0x22,0x1D,0x1C,0x34,0x10,0x1A,0x01,0xC9,0xF1,0x45,0xE5,
    0x05,0xDE,0x78,0xDD,0xB9,0xE3,0x8D,0xEF,0x9F,0xFE,0xF6,0x0D,0x8D,0x1A,0xE9,0x21,
    0x95,0x22,0x71,0x1C,0xB1,0x10,0xA7,0x01,0x4B,0xF2,0xA2,0xE5,0x2A,0xDE,0x5F,0xDD,
    0x66,0xE3,0x11,0xEF,0x12,0xFE,0x74,0x0D,0x30,0x1A,0xC2,0x21,0xAD,0x22,0xC3,0x1C,
    0x2D,0x11,0x35,0x02,0xCE,0xF2,0x00,0xE6,0x52,0xDE,0x47,0xDD,0x15,0xE3,0x95,0xEE,
    0x85,0xFD,0xF1,0x0C,0xD0,0x19,0x9A,0x21,0xC3,0x22,0x13,0x1D,0xA8,0x11,0xC2,0x02,
    0x51,0xF3,0x60,0xE6,0x7B,0xDE,0x32,0xDD,0xC5,0xE2,0x1B,0xEE,0xF8,0xFC,0x6D,0x0C,
    0x70,0x19,0x6F,0x21,0xD7,0x22,0x62,0x1D,0x22,0x12,0x4E,0x03,0xD5,0xF3,0xC1,0xE6,
    0xA7,0xDE,0x1F,0xDD,0x78,0xE2,0xA2,0xED,0x6B,0xFC,0xE8,0x0B,0x0D,0x19,0x42,0x21,
    0xE9,0x22,0xAE,0x1D,0x9A,0x12,0xDB,0x03,0x5A,0xF4,0x25,0xE7,0xD5,0xDE,0x0F,0xDD,
    0x2C,0xE2,0x2A,0xED,0xDF,0xFB,0x63,0x0B,0xA9,0x18,0x13,0x21,0xF9,0x22,0xF9,0x1D,
    0x11,0x13,0x67,0x04,0xE0,0xF4,0x89,0xE7,0x05,0xDF,0x00,0xDD,0xE2,0xE1,0xB3,0xEC,
    0x52,0xFB,0xDD,0x0A,0x44,0x18,0xE2,0x20,0x06,0x23,0x42,0x1E,0x88,0x13,0xF4,0x04,
    0x67,0xF5,0xF0,0xE7,0x37,0xDF,0xF4,0xDC,0x9A,0xE1,0x3E,0xEC,0xC6,0xFA,0x56,0x0A,
    0xDD,0x17,0xAF,0x20,0x11,0x23,0x89,0x1E,0xFD,0x13,0x7F,0x05,0xEE,0xF5,0x57,0xE8,
    0x6B,0xDF,0xEA,0xDC,0x54,0xE1,0xC9,0xEB,0x3B,0xFA,0xCE,0x09,0x74,0x17,0x7A,0x20,
    0x1A,0x23,0xCE,0x1E,0x70,0x14,0x0B,0x06,0x76,0xF6,0xC1,0xE8,0xA1,0xDF,0xE2,0xDC,
    0x10,0xE1,0x56,0xEB,0xB0,0xF9,0x46,0x09,0x0A,0x17,0x43,0x20,0x21,0x23,0x11,0x1F,
    0xE3,0x14,0x96,0x06,0xFE,0xF6,0x2B,0xE9,0xD9,0xDF,0xDD,0xDC,0xCE,0xE0,0xE5,0xEA,
    0x25,0xF9,0xBE,0x08,0x9F,0x16,0x0A,0x20,0x25,0x23,0x53,0x1F,0x54,0x15,0x21,0x07,
    0x87,0xF7,0x98,0xE9,0x13,0xE0,0xDA,0xDC,0x8E,0xE0,0x74,0xEA,0x9A,0xF8,0x35,0x08,
    0x32,0x16,0xCF,0x1F,0x27,0x23,0x92,0x1F,0xC3,0x15,0xAB,0x07,0x10,0xF8,0x05,0xEA,
    0x4F,0xE0,0xD8,0xDC,0x4F,0xE0,0x05,0xEA,0x10,0xF8,0xAB,0x07,0xC3,0x15,0x92,0x1F,
    0x27,0x23,0xCF,0x1F,0x32,0x16,0x35,0x08,0x9A,0xF8,0x74,0xEA,0x8E,0xE0,0xDA,0xDC,
    0x13,0xE0,0x98,0xE9,0x87,0xF7,0x21,0x07,0x54,0x15,0x53,0x1F,0x25,0x23,0x0A,0x20,
    0x9F,0x16,0xBE,0x08,0x25,0xF9,0xE5,0xEA,0xCE,0xE0,0xDD,0xDC,0xD9,0xDF,0x2B,0xE9,
    0xFE,0xF6,0x96,0x06,0xE3,0x14,0x11,0x1F,0x21,0x23,0x43,0x20,0x0A,0x17,0x46,0x09,
    0xB0,0xF9,0x56,0xEB,0x10,0xE1,0xE2,0xDC,0xA1,0xDF,0xC1,0xE8,0x76,0xF6,0x0B,0x06,
    0x70,0x14,0xCE,0x1E,0x1A,0x23,0x7A,0x20,0x74,0x17,0xCE,0x09,0x3B,0xFA,0xC9,0xEB,
    0x54,0xE1,0xEA,0xDC,0x6B,0xDF,0x57,0xE8,0xEE,0xF5,0x7F,0x05,0xFD,0x13,0x89,0x1E,
    0x11,0x23,0xAF,0x20,0xDD,0x17,0x56,0x0A,0xC6,0xFA,0x3E,0xEC,0x9A,0xE1,0xF4,0xDC,
    0x37,0xDF,0xF0,0xE7,0x67,0xF5,0xF4,0x04,0x88,0x13,0x42,0x1E,0x06,0x23,0xE2,0x20,
    0x44,0x18,0xDD,0x0A,0x52,0xFB,0xB3,0xEC,0xE2,0xE1,0x00,0xDD,0x05,0xDF,0x89,0xE7,
    0xE0,0xF4,0x67,0x04,0x11,0x13,0xF9,0x1D,0xF9,0x22,0x13,0x21,0xA9,0x18,0x63,0x0B,
    0xDF,0xFB,0x2A,0xED,0x2C,0xE2,0x0F,0xDD,0xD5,0xDE,0x25,0xE7,0x5A,0xF4,0xDB,0x03,
    0x9A,0x12,0xAE,0x1D,0xE9,0x22,0x42,0x21,0x0D,0x19,0xE8,0x0B,0x6B,0xFC,0xA2,0xED,
    0x78,0xE2,0x1F,0xDD,0xA7,0xDE,0xC1,0xE6,0xD5,0xF3,0x4E,0x03,0x22,0x12,0x62,0x1D,
    0xD7,0x22,0x6F,0x21,0x70,0x19,0x6D,0x0C,0xF8,0xFC,0x1B,0xEE,0xC5,0xE2,0x32,0xDD,
    0x7B,0xDE,0x60,0xE6,0x51,0xF3,0xC2,0x02,0xA8,0x11,0x13,0x1D,0xC3,0x22,0x9A,0x21,
    0xD0,0x19,0xF1,0x0C,0x85,0xFD,0x95,0xEE,0x15,0xE3,0x47,0xDD,0x52,0xDE,0x00,0xE6,
    0xCE,0xF2,0x35,0x02,0x2D,0x11,0xC3,0x1C,0xAD,0x22,0xC2,0x21,0x30,0x1A,0x74,0x0D,
    0x12,0xFE,0x11,0xEF,0x66,0xE3,0x5F,0xDD,0x2A,0xDE,0xA2,0xE5,0x4B,0xF2,0xA7,0x01,
    0xB1,0x10,0x71,0x1C,0x95,0x22,0xE9,0x21,0x8D,0x1A,0xF6,0x0D,0x9F,0xFE,0x8D,0xEF,
    0xB9,0xE3,0x78,0xDD,0x05,0xDE,0x45,0xE5,0xC9,0xF1,0x1A,0x01,0x34,0x10,0x1D,0x1C,
    0x7B,0x22,0x0D,0x22,0xE9,0x1A,0x77,0x0E,0x2C,0xFF,0x0B,0xF0,0x0E,0xE4,0x93,0xDD,
    0xE2,0xDD,0xEA,0xE4,0x49,0xF1,0x8D,0x00,0xB6,0x0F,0xC7,0x1B,0x5E,0x22,0x2F,0x22,
    0x43,0x1B,0xF8,0x0E,0xBA,0xFF,0x89,0xF0,0x65,0xE4,0xB1,0xDD,0xC1,0xDD,0x91,0xE4,
    0xC9,0xF0,0x00,0x00,0x37,0x0F,0x6F,0x1B,0x3F,0x22,0x4F,0x22,0x9B,0x1B,0x77,0x0F,
    0x46,0x00,0x08,0xF1,0xBD,0xE4,0xD1,0xDD,0xA2,0xDD,0x39,0xE4,0x4A,0xF0,0x73,0xFF,
    0xB7,0x0E,0x16,0x1B,0x1E,0x22,0x6D,0x22,0xF2,0x1B,0xF5,0x0F,0xD4,0x00,0x89,0xF1,
    0x17,0xE5,0xF3,0xDD,0x85,0xDD,0xE3,0xE3,0xCC,0xEF,0xE6,0xFE,0x37,0x0E,0xBB,0x1A,
    0xFB,0x21,0x88,0x22,0x47,0x1C,0x73,0x10,0x61,0x01,0x0A,0xF2,0x73,0xE5,0x17,0xDE,
    0x6B,0xDD,0x8F,0xE3,0x4F,0xEF,0x59,0xFE,0xB5,0x0D,0x5E,0x1A,0xD6,0x21,0xA1,0x22,
    0x9A,0x1C,0xEF,0x10,0xEE,0x01,0x8C,0xF2,0xD0,0xE5,0x3E,0xDE,0x53,0xDD,0x3D,0xE3,
    0xD3,0xEE,0xCB,0xFD,0x32,0x0D,0x00,0x1A,0xAE,0x21,0xB9,0x22,0xEB,0x1C,0x6B,0x11,
    0x7B,0x02,0x0F,0xF3,0x30,0xE6,0x66,0xDE,0x3D,0xDD,0xED,0xE2,0x58,0xEE,0x3E,0xFD,
    0xAF,0x0C,0xA0,0x19,0x85,0x21,0xCE,0x22,0x3B,0x1D,0xE5,0x11,0x08,0x03,0x93,0xF3,
    0x90,0xE6,0x91,0xDE,0x29,0xDD,0x9E,0xE2,0xDE,0xED,0xB2,0xFC,0x2B,0x0C,0x3F,0x19,
    0x59,0x21,0xE1,0x22,0x88,0x1D,0x5E,0x12,0x95,0x03,0x18,0xF4,0xF3,0xE6,0xBE,0xDE,
    0x17,0xDD,0x52,0xE2,0x66,0xED,0x25,0xFC,0xA6,0x0B,0xDB,0x18,0x2B,0x21,0xF1,0x22,
    0xD4,0x1D,0xD6,0x12,0x21,0x04,0x9D,0xF4,0x57,0xE7,0xED,0xDE,0x07,0xDD,0x07,0xE2,
    0xEF,0xEC,0x99,0xFB,0x20,0x0B,0x77,0x18,0xFB,0x20,0x00,0x23,0x1E,0x1E,0x4D,0x13,
    0xAE,0x04,0x23,0xF5,0xBC,0xE7,0x1E,0xDF,0xFA,0xDC,0xBE,0xE1,0x78,0xEC,0x0C,0xFB,
    0x99,0x0A,0x10,0x18,0xC9,0x20,0x0C,0x23,0x66,0x1E,0xC2,0x13,0x3A,0x05,0xAA,0xF5,
    0x23,0xE8,0x51,0xDF,0xEF,0xDC,0x77,0xE1,0x03,0xEC,0x81,0xFA,0x12,0x0A,0xA9,0x17,
    0x95,0x20,0x16,0x23,0xAC,0x1E,0x37,0x14,0xC5,0x05,0x32,0xF6,0x8C,0xE8,0x86,0xDF,
    0xE6,0xDC,0x32,0xE1,0x90,0xEB,0xF5,0xF9,0x8A,0x09,0x3F,0x17,0x5F,0x20,0x1E,0x23,
    0xF0,0x1E,0xAA,0x14,0x50,0x06,0xBA,0xF6,0xF6,0xE8,0xBD,0xDF,0xDF,0xDC,0xEF,0xE0,
    0x1D,0xEB,0x6A,0xF9,0x02,0x09,0xD5,0x16,0x27,0x20,0x23,0x23,0x32,0x1F,0x1B,0x15,
    0xDB,0x06,0x42,0xF7,0x61,0xE9,0xF6,0xDF,0xDB,0xDC,0xAD,0xE0,0xAC,0xEA,0xDF,0xF8,
    0x79,0x08,0x68,0x16,0xED,0x1F,0x26,0x23,0x72,0x1F,0x8C,0x15,0x66,0x07,0xCB,0xF7,
    0xCE,0xE9,0x31,0xE0,0xD9,0xDC,0x6E,0xE0,0x3D,0xEA,0x55,0xF8,0xF0,0x07,0xFB,0x15,
    0xB1,0x1F,0x30,0x30,0x64,0x63,0xD9,0x05,0x00,0x00,0xFF,0xD8,0xFF,0xE0,0x00,0x10,
    0x4A,0x46,0x49,0x46,0x00,0x01,0x01,0x00,0x00,0x01,0x00,0x01,0x00,0x00,0xFF,0xDB,
    0x00,0x43,0x00,0x06,0x04,0x05,0x06,0x05,0x04,0x06,0x06,0x05,0x06,0x07,0x07,0x06,
    0x08,0x0A,0x10,0x0A,0x0A,0x09,0x09,0x0A,0x14,0x0E,0x0F,0x0C,0x10,0x17,0x14,0x18,
    0x18,0x17,0x14,0x16,0x16,0x1A,0x1D,0x25,0x1F,0x1A,0x1B,0x23,0x1C,0x16,0x16,0x20,
    0x2C,0x20,0x23,0x26,0x27,0x29,0x2A,0x29,0x19,0x1F,0x2D,0x30,0x2D,0x28,0x30,0x25,
    0x28,0x29,0x28,0xFF,0xDB,0x00,0x43,0x01,0x07,0x07,0x07,0x0A,0x08,0x0A,0x13,0x0A,
    0x0A,0x13,0x28,0x1A,0x16,0x1A,0x28,0x28,0x28,0x28,0x28,0x28,0x28,0x28,0x28,0x28,
    0x28,0x28,0x28,0x28,0x28,0x28,0x28,0x28,0x28,0x28,0x28,0x28,0x28,0x28,0x28,0x28,
    0x28,0x28,0x28,0x28,0x28,0x28,0x28,0x28,0x28,0x28,0x28,0x28,0x28,0x28,0x28,0x28,
    0x28,0x28,0x28,0x28,0x28,0x28,0x28,0x28,0xFF,0xC0,0x00,0x11,0x08,0x00,0x3C,0x00,
    0x50,0x03,0x01,0x11,0x00,0x02,0x11,0x01,0x03,0x11,0x01,0xFF,0xC4,0x00,0x1F,0x00,
    0x00,0x01,0x05,0x01,0x01,0x01,0x01,0x01,0x01,0x00,0x00,0x00,0x00,0x00,0x00,0x00,
    0x00,0x01,0x02,0x03,0x04,0x05,0x06,0x07,0x08,0x09,0x0A,0x0B,0xFF,0xC4,0x00,0xB5,
    0x10,0x00,0x02,0x01,0x03,0x03,0x02,0x04,0x03,0x05,0x05,0x04,0x04,0x00,0x00,0x01,
    0x7D,0x01,0x02,0x03,0x00,0x04,0x11,0x05,0x12,0x21,0x31,0x41,0x06,0x13,0x51,0x61,
    0x07,0x22,0x71,0x14,0x32,0x81,0x91,0xA1,0x08,0x23,0x42,0xB1,0xC1,0x15,0x52,0xD1,
    0xF0,0x24,0x33,0x62,0x72,0x82,0x09,0x0A,0x16,0x17,0x18,0x19,0x1A,0x25,0x26,0x27,
    0x28,0x29,0x2A,0x34,0x35,0x36,0x37,0x38,0x39,0x3A,0x43,0x44,0x45,0x46,0x47,0x48,
    0x49,0x4A,0x53,0x54,0x55,0x56,0x57,0x58,0x59,0x5A,0x63,0x64,0x65,0x66,0x67,0x68,
    0x69,0x6A,0x73,0x74,0x75,0x76,0x77,0x78,0x79,0x7A,0x83,0x84,0x85,0x86,0x87,0x88,
    0x89,0x8A,0x92,0x93,0x94,0x95,0x96,0x97,0x98,0x99,0x9A,0xA2,0xA3,0xA4,0xA5,0xA6,
    0xA7,0xA8,0xA9,0xAA,0xB2,0xB3,0xB4,0xB5,0xB6,0xB7,0xB8,0xB9,0xBA,0xC2,0xC3,0xC4,
    0xC5,0xC6,0xC7,0xC8,0xC9,0xCA,0xD2,0xD3,0xD4,0xD5,0xD6,0xD7,0xD8,0xD9,0xDA,0xE1,
    0xE2,0xE3,0xE4,0xE5,0xE6,0xE7,0xE8,0xE9,0xEA,0xF1,0xF2,0xF3,0xF4,0xF5,0xF6,0xF7,
    0xF8,0xF9,0xFA,0xFF,0xC4,0x00,0x1F,0x01,0x00,0x03,0x01,0x01,0x01,0x01,0x01,0x01,
    0x01,0x01,0x01,0x00,0x00,0x00,0x00,0x00,0x00,0x01,0x02,0x03,0x04,0x05,0x06,0x07,
    0x08,0x09,0x0A,0x0B,0xFF,0xC4,0x00,0xB5,0x11,0x00,0x02,0x01,0x02,0x04,0x04,0x03,
    0x04,0x07,0x05,0x04,0x04,0x00,0x01,0x02,0x77,0x00,0x01,0x02,0x03,0x11,0x04,0x05,
    0x21,0x31,0x06,0x12,0x41,0x51,0x07,0x61,0x71,0x13,0x22,0x32,0x81,0x08,0x14,0x42,
    0x91,0xA1,0xB1,0xC1,0x09,0x23,0x33,0x52,0xF0,0x15,0x62,0x72,0xD1,0x0A,0x16,0x24,
    0x34,0xE1,0x25,0xF1,0x17,0x18,0x19,0x1A,0x26,0x27,0x28,0x29,0x2A,0x35,0x36,0x37,
    0x38,0x39,0x3A,0x43,0x44,0x45,0x46,0x47,0x48,0x49,0x4A,0x53,0x54,0x55,0x56,0x57,
    0x58,0x59,0x5A,0x63,0x64,0x65,0x66,0x67,0x68,0x69,0x6A,0x73,0x74,0x75,0x76,0x77,
    0x78,0x79,0x7A,0x82,0x83,0x84,0x85,0x86,0x87,0x88,0x89,0x8A,0x92,0x93,0x94,0x95,
    0x96,0x97,0x98,0x99,0x9A,0xA2,0xA3,0xA4,0xA5,0xA6,0xA7,0xA8,0xA9,0xAA,0xB2,0xB3,
    0xB4,0xB5,0xB6,0xB7,0xB8,0xB9,0xBA,0xC2,0xC3,0xC4,0xC5,0xC6,0xC7,0xC8,0xC9,0xCA,
    0xD2,0xD3,0xD4,0xD5,0xD6,0xD7,0xD8,0xD9,0xDA,0xE2,0xE3,0xE4,0xE5,0xE6,0xE7,0xE8,
    0xE9,0xEA,0xF2,0xF3,0xF4,0xF5,0xF6,0xF7,0xF8,0xF9,0xFA,0xFF,0xDA,0x00,0x0C,0x03,
    0x01,0x00,0x02,0x11,0x03,0x11,0x00,0x3F,0x00,0xF9,0xCA,0x3B,0x6F,0x6A,0xFB,0x07,
    0x33,0x96,0x9D,0x42,0xD4,0x76,0xDE,0xD5,0x93,0x99,0xDD,0x4E,0xA1,0x66,0x3B,0x6F,
    0x6A,0xC9,0xCC,0xEE,0xA7,0x50,0xB5,0x1D,0xB7,0xB5,0x66,0xE6,0x77,0x53,0xA8,0x59,
    0x8E,0xDB,0xDA,0xB2,0x73,0x3B,0x69,0xD4,0x2D,0x47,0x6D,0xED,0x59,0x39,0x9D,0xD4,
    0xEA,0x16,0x63,0xB6,0xF6,0xAC,0xDC,0xCE,0xEA,0x75,0x0B,0x51,0xDB,0x7B,0x56,0x4E,
    0x67,0x6D,0x3A,0x85,0xA8,0xED,0xBD,0xAB,0x37,0x33,0xBA,0x9D,0x42,0xCC,0x76,0xDE,
    0xD5,0x93,0x99,0xDD,0x4E,0xA1,0xC1,0x47,0x6D,0xED,0x5E,0xEB,0x99,0xFC,0xE9,0x4E,
    0xA1,0x6A,0x3B,0x6F,0x6A,0xCD,0xCC,0xEE,0xA7,0x50,0xB3,0x1D,0xB7,0xB5,0x64,0xE6,
    0x77,0x53,0xA8,0x5A,0x8E,0xDB,0xDA,0xB3,0x73,0x3B,0x69,0xD4,0x2D,0xC1,0x68,0xCE,
    0xEA,0x88,0xA5,0x99,0x8E,0x00,0x03,0x24,0x9A,0xC9,0xD4,0x3B,0x61,0x56,0xDA,0xB3,
    0xB6,0xD3,0x3C,0x17,0x17,0x90,0x1B,0x50,0x9A,0x41,0x2B,0x00,0x76,0x45,0x81,0xB3,
    0xD8,0x93,0x9C,0xF6,0xFF,0x00,0xEB,0xD7,0x3C,0xAB,0x3E,0x87,0x3C,0xF3,0x59,0x45,
    0xDA,0x9A,0xD3,0xCC,0xA7,0xAC,0x78,0x71,0xF4,0xEF,0xDE,0xC2,0xC6,0x5B,0x72,0x7A,
    0x91,0xCA,0x73,0xC0,0x3F,0xE3,0xFC,0xAA,0x7D,0xA1,0xEA,0xE0,0x33,0x38,0xD7,0x7C,
    0x92,0xD2,0x5F,0x9F,0xA7,0xF9,0x14,0x23,0xB6,0xF6,0xAC,0xDC,0xCF,0x76,0x9D,0x42,
    0xD4,0x76,0xDE,0xD5,0x93,0x99,0xDD,0x4E,0xA1,0x66,0x3B,0x6F,0x6A,0xCD,0xCC,0xEE,
    0xA7,0x50,0xE0,0xA3,0xB6,0xF6,0xAF,0x75,0xCC,0xFE,0x74,0xA7,0x50,0xB5,0x1D,0xB7,
    0xB5,0x66,0xE6,0x76,0xD3,0xA8,0x59,0x8E,0xDB,0xDA,0xB2,0x73,0x3B,0xA9,0xD4,0x2D,
    0x47,0x6D,0xED,0x59,0x39,0x9D,0xD4,0xEA,0x1B,0x3E,0x1C,0x8A,0x38,0xF5,0x8B,0x56,
    0x94,0x0D,0xBB,0xB8,0xC8,0xCF,0x38,0x38,0xFD,0x71,0x59,0xCA,0x77,0x3A,0x65,0x36,
    0xE0,0xD2,0x3D,0x06,0xA0,0xE3,0x2A,0xEA,0x81,0x0E,0x9F,0x70,0x24,0x00,0xA9,0x42,
    0x39,0x19,0xE7,0xB7,0xEB,0x8A,0x52,0x76,0x57,0x3A,0x30,0x9C,0xDE,0xDE,0x1C,0xBD,
    0xFF,0x00,0xE1,0xFF,0x00,0x03,0x95,0x8E,0xDB,0xDA,0xB9,0x5C,0xCF,0xB2,0xA7,0x50,
    0xB5,0x1D,0xB7,0xB5,0x64,0xE6,0x77,0x53,0xA8,0x59,0x8E,0xDB,0xDA,0xB3,0x73,0x3B,
    0x69,0xD4,0x38,0x28,0xED,0xBD,0xAB,0xDD,0x73,0x3F,0x9D,0x29,0xD4,0x2D,0x47,0x6D,
    0xED,0x59,0xB9,0x9D,0xD4,0xEA,0x16,0x63,0xB6,0xF6,0xAC,0x9C,0xCE,0xEA,0x75,0x0B,
    0x51,0xDB,0x7B,0x56,0x4E,0x67,0x6D,0x3A,0x85,0x98,0xED,0xBD,0xAB,0x37,0x33,0xBA,
    0x9D,0x43,0x7A,0xD3,0x51,0x99,0x23,0x09,0x2A,0x09,0x30,0x30,0x1B,0x38,0x3F,0x8F,
    0xAD,0x25,0x88,0xB6,0xE6,0xDE,0xCE,0x32,0xD9,0xD8,0x4B,0x99,0x25,0xBB,0x61,0xBF,
    0x84,0x1D,0x14,0x56,0x35,0x2B,0x39,0x1E,0x86,0x1A,0x11,0xA5,0xAA,0xDC,0x23,0xB6,
    0xF6,0xAC,0x1C,0xCF,0x4E,0x9D,0x42,0xD4,0x76,0xDE,0xD5,0x93,0x99,0xDD,0x4E,0xA1,
    0x66,0x3B,0x6F,0x6A,0xC9,0xCC,0xEE,0xA7,0x50,0xE0,0xA3,0xB6,0xF6,0xAF,0x79,0xCC,
    0xFE,0x74,0xA7,0x50,0xB5,0x1D,0xB7,0xB5,0x64,0xE6,0x77,0x53,0xA8,0x59,0x8E,0xDB,
    0xDA,0xB3,0x73,0x3B,0xA9,0xD4,0x2D,0x47,0x6D,0xED,0x59,0x39,0x9D,0xB4,0xEA,0x16,
    0xA3,0xB6,0xF6,0xAC,0xDC,0xCE,0xEA,0x75,0x0B,0x31,0xDB,0x7B,0x56,0x4E,0x67,0x75,
    0x3A,0x85,0xA8,0xED,0xBD,0xAB,0x27,0x33,0xB6,0x9D,0x42,0xCC,0x76,0xDE,0xD5,0x9B,
    0x99,0xDD,0x4E,0xA1,0x6A,0x3B,0x6F,0x6A,0xC9,0xCC,0xEE,0xA7,0x50,0xB3,0x1D,0xB7,
    0xB5,0x64,0xE6,0x77,0x53,0xA8,0x70,0x51,0xDB,0x7B,0x57,0xBC,0xE6,0x7F,0x3A,0x53,
    0xA8,0x5A,0x8E,0xDB,0xDA,0xB2,0x73,0x3B,0xA9,0xD4,0x2C,0xC7,0x6D,0xED,0x59,0xB9,
    0x9D,0xB4,0xEA,0x16,0xA3,0xB6,0xF6,0xAC,0x9C,0xCE,0xEA,0x75,0x0B,0x51,0xDB,0x7B,
    0x56,0x4E,0x67,0x75,0x3A,0x85,0x98,0xED,0xBD,0xAB,0x37,0x33,0xB6,0x9D,0x42,0xD4,
    0x76,0xDE,0xD5,0x93,0x99,0xDD,0x4E,0xA1,0x66,0x3B,0x6F,0x6A,0xCD,0xCC,0xEE,0xA7,
    0x50,0xB5,0x1D,0xB7,0xB5,0x64,0xE6,0x77,0x53,0xA8,0x59,0x8E,0xDB,0xDA,0xB2,0x73,
    0x3B,0x69,0xD4,0x38,0x28,0xED,0xBD,0xAB,0xDE,0x73,0x3F,0x9D,0x29,0xD4,0x2D,0x47,
    0x6D,0xED,0x59,0x39,0x9D,0xD4,0xEA,0x16,0x63,0xB6,0xF6,0xAC,0xDC,0xCE,0xEA,0x75,
    0x0B,0x51,0xDB,0x7B,0x56,0x4E,0x67,0x75,0x3A,0x85,0xA8,0xED,0xBD,0xAB,0x27,0x33,
    0xB6,0x9D,0x42,0xCC,0x76,0xDE,0xD5,0x9B,0x99,0xDD,0x4E,0xA1,0x6A,0x3B,0x6F,0x6A,
    0xC9,0xCC,0xEE,0xA7,0x50,0xB3,0x1D,0xB7,0xB5,0x64,0xE6,0x76,0xD3,0xA8,0x5A,0x8E,
    0xDB,0xDA,0xB3,0x73,0x3B,0xA9,0xD4,0x2C,0xC7,0x6D,0xED,0x59,0x39,0x9D,0xD4,0xEA,
    0x1E,0x7D,0x1A,0x2F,0xA5,0x7D,0x03,0x6C,0xFE,0x76,0xA7,0x26,0x5A,0x8D,0x17,0xD2,
    0xB2,0x6D,0x9D,0xD4,0xE4,0xCB,0x51,0xA2,0xFA,0x56,0x4D,0xB3,0xBA,0x9C,0x99,0x66,
    0x34,0x5F,0x4A,0xCD,0xB6,0x77,0x53,0x93,0x2D,0x46,0x8B,0xE9,0x59,0x36,0xCE,0xDA,
    0x72,0x65,0x98,0xD1,0x7D,0x2B,0x36,0xD9,0xDD,0x4E,0x4C,0xB5,0x1A,0x2F,0xA5,0x64,
    0xDB,0x3B,0xA9,0xC9,0x96,0x63,0x45,0xF4,0xAC,0x9B,0x67,0x6D,0x39,0x32,0xD4,0x68,
    0xBE,0x95,0x93,0x6C,0xEE,0xA7,0x26,0x5A,0x8D,0x17,0xD2,0xB3,0x6D,0x9D,0xD4,0xE4,
    0xCF,0xFF,0xD9,0x00,0x30,0x31,0x77,0x62,0xD0,0x07,0x00,0x00,0x00,0x00,0xF5,0x0F,
    0x71,0x1C,0xB9,0x22,0x6F,0x21,0xDB,0x18,0xDD,0x0A,0x81,0xFA,0x56,0xEB,0xAD,0xE0,
    0xD8,0xDC,0xAD,0xE0,0x56,0xEB,0x81,0xFA,0xDD,0x0A,0xDB,0x18,0x6F,0x21,0xB9,0x22,
    0x71,0x1C,0xF5,0x0F,0x00,0x00,0x0B,0xF0,0x8F,0xE3,0x47,0xDD,0x91,0xDE,0x25,0xE7,
    0x23,0xF5,0x7F,0x05,0xAA,0x14,0x53,0x1F,0x28,0x23,0x53,0x1F,0xAA,0x14,0x7F,0x05,
    0x23,0xF5,0x25,0xE7,0x91,0xDE,0x47,0xDD,0x8F,0xE3,0x0B,0xF0,0x00,0x00,0xF5,0x0F,
    0x71,0x1C,0xB9,0x22,0x6F,0x21,0xDB,0x18,0xDD,0x0A,0x81,0xFA,0x56,0xEB,0xAD,0xE0,
    0xD8,0xDC,0xAD,0xE0,0x56,0xEB,0x81,0xFA,0xDD,0x0A,0xDB,0x18,0x6F,0x21,0xB9,0x22,
    0x71,0x1C,0xF5,0x0F,0x00,0x00,0x0B,0xF0,0x8F,0xE3,0x47,0xDD,0x91,0xDE,0x25,0xE7,
    0x23,0xF5,0x7F,0x05,0xAA,0x14,0x53,0x1F,0x28,0x23,0x53,0x1F,0xAA,0x14,0x7F,0x05,
    0x23,0xF5,0x25,0xE7,0x91,0xDE,0x47,0xDD,0x8F,0xE3,0x0B,0xF0,0x00,0x00,0xF5,0x0F,
    0x71,0x1C,0xB9,0x22,0x6F,0x21,0xDB,0x18,0xDD,0x0A,0x81,0xFA,0x56,0xEB,0xAD,0xE0,
    0xD8,0xDC,0xAD,0xE0,0x56,0xEB,0x81,0xFA,0xDD,0x0A,0xDB,0x18,0x6F,0x21,0xB9,0x22,
    0x71,0x1C,0xF5,0x0F,0x00,0x00,0x0B,0xF0,0x8F,0xE3,0x47,0xDD,0x91,0xDE,0x25,0xE7,
    0x23,0xF5,0x7F,0x05,0xAA,0x14,0x53,0x1F,0x28,0x23,0x53,0x1F,0xAA,0x14,0x7F,0x05,
    0x23,0xF5,0x25,0xE7,0x91,0xDE,0x47,0xDD,0x8F,0xE3,0x0B,0xF0,0x00,0x00,0xF5,0x0F,
    0x71,0x1C,0xB9,0x22,0x6F,0x21,0xDB,0x18,0xDD,0x0A,0x81,0xFA,0x56,0xEB,0xAD,0xE0,
    0xD8,0xDC,0xAD,0xE0,0x56,0xEB,0x81,0xFA,0xDD,0x0A,0xDB,0x18,0x6F,0x21,0xB9,0x22,
    0x71,0x1C,0xF5,0x0F,0x00,0x00,0x0B,0xF0,0x8F,0xE3,0x47,0xDD,0x91,0xDE,0x25,0xE7,
    0x23,0xF5,0x7F,0x05,0xAA,0x14,0x53,0x1F,0x28,0x23,0x53,0x1F,0xAA,0x14,0x7F,0x05,
    0x23,0xF5,0x25,0xE7,0x91,0xDE,0x47,0xDD,0x8F,0xE3,0x0B,0xF0,0x00,0x00,0xF5,0x0F,
    0x71,0x1C,0xB9,0x22,0x6F,0x21,0xDB,0x18,0xDD,0x0A,0x81,0xFA,0x56,0xEB,0xAD,0xE0,
    0xD8,0xDC,0xAD,0xE0,0x56,0xEB,0x81,0xFA,0xDD,0x0A,0xDB,0x18,0x6F,0x21,0xB9,0x22,
    0x71,0x1C,0xF5,0x0F,0x00,0x00,0x0B,0xF0,0x8F,0xE3,0x47,0xDD,0x91,0xDE,0x25,0xE7,
    0x23,0xF5,0x7F,0x05,0xAA,0x14,0x53,0x1F,0x28,0x23,0x53,0x1F,0xAA,0x14,0x7F,0x05,
    0x23,0xF5,0x25,0xE7,0x91,0xDE,0x47,0xDD,0x8F,0xE3,0x0B,0xF0,0x00,0x00,0xF5,0x0F,
    0x71,0x1C,0xB9,0x22,0x6F,0x21,0xDB,0x18,0xDD,0x0A,0x81,0xFA,0x56,0xEB,0xAD,0xE0,
    0xD8,0xDC,0xAD,0xE0,0x56,0xEB,0x81,0xFA,0xDD,0x0A,0xDB,0x18,0x6F,0x21,0xB9,0x22,
    0x71,0x1C,0xF5,0x0F,0x00,0x00,0x0B,0xF0,0x8F,0xE3,0x47,0xDD,0x91,0xDE,0x25,0xE7,
    0x23,0xF5,0x7F,0x05,0xAA,0x14,0x53,0x1F,0x28,0x23,0x53,0x1F,0xAA,0x14,0x7F,0x05,
    0x23,0xF5,0x25,0xE7,0x91,0xDE,0x47,0xDD,0x8F,0xE3,0x0B,0xF0,0x00,0x00,0xF5,0x0F,
    0x71,0x1C,0xB9,0x22,0x6F,0x21,0xDB,0x18,0xDD,0x0A,0x81,0xFA,0x56,0xEB,0xAD,0xE0,
    0xD8,0xDC,0xAD,0xE0,0x56,0xEB,0x81,0xFA,0xDD,0x0A,0xDB,0x18,0x6F,0x21,0xB9,0x22,
    0x71,0x1C,0xF5,0x0F,0x00,0x00,0x0B,0xF0,0x8F,0xE3,0x47,0xDD,0x91,0xDE,0x25,0xE7,
    0x23,0xF5,0x7F,0x05,0xAA,0x14,0x53,0x1F,0x28,0x23,0x53,0x1F,0xAA,0x14,0x7F,0x05,
    0x23,0xF5,0x25,0xE7,0x91,0xDE,0x47,0xDD,0x8F,0xE3,0x0B,0xF0,0x00,0x00,0xF5,0x0F,
    0x71,0x1C,0xB9,0x22,0x6F,0x21,0xDB,0x18,0xDD,0x0A,0x81,0xFA,0x56,0xEB,0xAD,0xE0,
    0xD8,0xDC,0xAD,0xE0,0x56,0xEB,0x81,0xFA,0xDD,0x0A,0xDB,0x18,0x6F,0x21,0xB9,0x22,
    0x71,0x1C,0xF5,0x0F,0x00,0x00,0x0B,0xF0,0x8F,0xE3,0x47,0xDD,0x91,0xDE,0x25,0xE7,
    0x23,0xF5,0x7F,0x05,0xAA,0x14,0x53,0x1F,0x28,0x23,0x53,0x1F,0xAA,0x14,0x7F,0x05,
    0x23,0xF5,0x25,0xE7,0x91,0xDE,0x47,0xDD,0x8F,0xE3,0x0B,0xF0,0x00,0x00,0xF5,0x0F,
    0x71,0x1C,0xB9,0x22,0x6F,0x21,0xDB,0x18,0xDD,0x0A,0x81,0xFA,0x56,0xEB,0xAD,0xE0,
    0xD8,0xDC,0xAD,0xE0,0x56,0xEB,0x81,0xFA,0xDD,0x0A,0xDB,0x18,0x6F,0x21,0xB9,0x22,
    0x71,0x1C,0xF5,0x0F,0x00,0x00,0x0B,0xF0,0x8F,0xE3,0x47,0xDD,0x91,0xDE,0x25,0xE7,
    0x23,0xF5,0x7F,0x05,0xAA,0x14,0x53,0x1F,0x28,0x23,0x53,0x1F,0xAA,0x14,0x7F,0x05,
    0x23,0xF5,0x25,0xE7,0x91,0xDE,0x47,0xDD,0x8F,0xE3,0x0B,0xF0,0x00,0x00,0xF5,0x0F,
    0x71,0x1C,0xB9,0x22,0x6F,0x21,0xDB,0x18,0xDD,0x0A,0x81,0xFA,0x56,0xEB,0xAD,0xE0,
    0xD8,0xDC,0xAD,0xE0,0x56,0xEB,0x81,0xFA,0xDD,0x0A,0xDB,0x18,0x6F,0x21,0xB9,0x22,
    0x71,0x1C,0xF5,0x0F,0x00,0x00,0x0B,0xF0,0x8F,0xE3,0x47,0xDD,0x91,0xDE,0x25,0xE7,
    0x23,0xF5,0x7F,0x05,0xAA,0x14,0x53,0x1F,0x28,0x23,0x53,0x1F,0xAA,0x14,0x7F,0x05,
    0x23,0xF5,0x25,0xE7,0x91,0xDE,0x47,0xDD,0x8F,0xE3,0x0B,0xF0,0x00,0x00,0xF5,0x0F,
    0x71,0x1C,0xB9,0x22,0x6F,0x21,0xDB,0x18,0xDD,0x0A,0x81,0xFA,0x56,0xEB,0xAD,0xE0,
    0xD8,0xDC,0xAD,0xE0,0x56,0xEB,0x81,0xFA,0xDD,0x0A,0xDB,0x18,0x6F,0x21,0xB9,0x22,
    0x71,0x1C,0xF5,0x0F,0x00,0x00,0x0B,0xF0,0x8F,0xE3,0x47,0xDD,0x91,0xDE,0x25,0xE7,
    0x23,0xF5,0x7F,0x05,0xAA,0x14,0x53,0x1F,0x28,0x23,0x53,0x1F,0xAA,0x14,0x7F,0x05,
    0x23,0xF5,0x25,0xE7,0x91,0xDE,0x47,0xDD,0x8F,0xE3,0x0B,0xF0,0x00,0x00,0xF5,0x0F,
    0x71,0x1C,0xB9,0x22,0x6F,0x21,0xDB,0x18,0xDD,0x0A,0x81,0xFA,0x56,0xEB,0xAD,0xE0,
    0xD8,0xDC,0xAD,0xE0,0x56,0xEB,0x81,0xFA,0xDD,0x0A,0xDB,0x18,0x6F,0x21,0xB9,0x22,
    0x71,0x1C,0xF5,0x0F,0x00,0x00,0x0B,0xF0,0x8F,0xE3,0x47,0xDD,0x91,0xDE,0x25,0xE7,
    0x23,0xF5,0x7F,0x05,0xAA,0x14,0x53,0x1F,0x28,0x23,0x53,0x1F,0xAA,0x14,0x7F,0x05,
    0x23,0xF5,0x25,0xE7,0x91,0xDE,0x47,0xDD,0x8F,0xE3,0x0B,0xF0,0x00,0x00,0xF5,0x0F,
    0x71,0x1C,0xB9,0x22,0x6F,0x21,0xDB,0x18,0xDD,0x0A,0x81,0xFA,0x56,0xEB,0xAD,0xE0,
    0xD8,0xDC,0xAD,0xE0,0x56,0xEB,0x81,0xFA,0xDD,0x0A,0xDB,0x18,0x6F,0x21,0xB9,0x22,
    0x71,0x1C,0xF5,0x0F,0x00,0x00,0x0B,0xF0,0x8F,0xE3,0x47,0xDD,0x91,0xDE,0x25,0xE7,
    0x23,0xF5,0x7F,0x05,0xAA,0x14,0x53,0x1F,0x28,0x23,0x53,0x1F,0xAA,0x14,0x7F,0x05,
    0x23,0xF5,0x25,0xE7,0x91,0xDE,0x47,0xDD,0x8F,0xE3,0x0B,0xF0,0x00,0x00,0xF5,0x0F,
    0x71,0x1C,0xB9,0x22,0x6F,0x21,0xDB,0x18,0xDD,0x0A,0x81,0xFA,0x56,0xEB,0xAD,0xE0,
    0xD8,0xDC,0xAD,0xE0,0x56,0xEB,0x81,0xFA,0xDD,0x0A,0xDB,0x18,0x6F,0x21,0xB9,0x22,
    0x71,0x1C,0xF5,0x0F,0x00,0x00,0x0B,0xF0,0x8F,0xE3,0x47,0xDD,0x91,0xDE,0x25,0xE7,
    0x23,0xF5,0x7F,0x05,0xAA,0x14,0x53,0x1F,0x28,0x23,0x53,0x1F,0xAA,0x14,0x7F,0x05,
    0x23,0xF5,0x25,0xE7,0x91,0xDE,0x47,0xDD,0x8F,0xE3,0x0B,0xF0,0x00,0x00,0xF5,0x0F,
    0x71,0x1C,0xB9,0x22,0x6F,0x21,0xDB,0x18,0xDD,0x0A,0x81,0xFA,0x56,0xEB,0xAD,0xE0,
    0xD8,0xDC,0xAD,0xE0,0x56,0xEB,0x81,0xFA,0xDD,0x0A,0xDB,0x18,0x6F,0x21,0xB9,0x22,
    0x71,0x1C,0xF5,0x0F,0x00,0x00,0x0B,0xF0,0x8F,0xE3,0x47,0xDD,0x91,0xDE,0x25,0xE7,
    0x23,0xF5,0x7F,0x05,0xAA,0x14,0x53,0x1F,0x28,0x23,0x53,0x1F,0xAA,0x14,0x7F,0x05,
    0x23,0xF5,0x25,0xE7,0x91,0xDE,0x47,0xDD,0x8F,0xE3,0x0B,0xF0,0x00,0x00,0xF5,0x0F,
    0x71,0x1C,0xB9,0x22,0x6F,0x21,0xDB,0x18,0xDD,0x0A,0x81,0xFA,0x56,0xEB,0xAD,0xE0,
    0xD8,0xDC,0xAD,0xE0,0x56,0xEB,0x81,0xFA,0xDD,0x0A,0xDB,0x18,0x6F,0x21,0xB9,0x22,
    0x71,0x1C,0xF5,0x0F,0x00,0x00,0x0B,0xF0,0x8F,0xE3,0x47,0xDD,0x91,0xDE,0x25,0xE7,
    0x23,0xF5,0x7F,0x05,0xAA,0x14,0x53,0x1F,0x28,0x23,0x53,0x1F,0xAA,0x14,0x7F,0x05,
    0x23,0xF5,0x25,0xE7,0x91,0xDE,0x47,0xDD,0x8F,0xE3,0x0B,0xF0,0x00,0x00,0xF5,0x0F,
    0x71,0x1C,0xB9,0x22,0x6F,0x21,0xDB,0x18,0xDD,0x0A,0x81,0xFA,0x56,0xEB,0xAD,0xE0,
    0xD8,0xDC,0xAD,0xE0,0x56,0xEB,0x81,0xFA,0xDD,0x0A,0xDB,0x18,0x6F,0x21,0xB9,0x22,
    0x71,0x1C,0xF5,0x0F,0x00,0x00,0x0B,0xF0,0x8F,0xE3,0x47,0xDD,0x91,0xDE,0x25,0xE7,
    0x23,0xF5,0x7F,0x05,0xAA,0x14,0x53,0x1F,0x28,0x23,0x53,0x1F,0xAA,0x14,0x7F,0x05,
    0x23,0xF5,0x25,0xE7,0x91,0xDE,0x47,0xDD,0x8F,0xE3,0x0B,0xF0,0x00,0x00,0xF5,0x0F,
    0x71,0x1C,0xB9,0x22,0x6F,0x21,0xDB,0x18,0xDD,0x0A,0x81,0xFA,0x56,0xEB,0xAD,0xE0,
    0xD8,0xDC,0xAD,0xE0,0x56,0xEB,0x81,0xFA,0xDD,0x0A,0xDB,0x18,0x6F,0x21,0xB9,0x22,
    0x71,0x1C,0xF5,0x0F,0x00,0x00,0x0B,0xF0,0x8F,0xE3,0x47,0xDD,0x91,0xDE,0x25,0xE7,
    0x23,0xF5,0x7F,0x05,0xAA,0x14,0x53,0x1F,0x28,0x23,0x53,0x1F,0xAA,0x14,0x7F,0x05,
    0x23,0xF5,0x25,0xE7,0x91,0xDE,0x47,0xDD,0x8F,0xE3,0x0B,0xF0,0x00,0x00,0xF5,0x0F,
    0x71,0x1C,0xB9,0x22,0x6F,0x21,0xDB,0x18,0xDD,0x0A,0x81,0xFA,0x56,0xEB,0xAD,0xE0,
    0xD8,0xDC,0xAD,0xE0,0x56,0xEB,0x81,0xFA,0xDD,0x0A,0xDB,0x18,0x6F,0x21,0xB9,0x22,
    0x71,0x1C,0xF5,0x0F,0x00,0x00,0x0B,0xF0,0x8F,0xE3,0x47,0xDD,0x91,0xDE,0x25,0xE7,
    0x23,0xF5,0x7F,0x05,0xAA,0x14,0x53,0x1F,0x28,0x23,0x53,0x1F,0xAA,0x14,0x7F,0x05,
    0x23,0xF5,0x25,0xE7,0x91,0xDE,0x47,0xDD,0x8F,0xE3,0x0B,0xF0,0x00,0x00,0xF5,0x0F,
    0x71,0x1C,0xB9,0x22,0x6F,0x21,0xDB,0x18,0xDD,0x0A,0x81,0xFA,0x56,0xEB,0xAD,0xE0,
    0xD8,0xDC,0xAD,0xE0,0x56,0xEB,0x81,0xFA,0xDD,0x0A,0xDB,0x18,0x6F,0x21,0xB9,0x22,
    0x71,0x1C,0xF5,0x0F,0x00,0x00,0x0B,0xF0,0x8F,0xE3,0x47,0xDD,0x91,0xDE,0x25,0xE7,
    0x23,0xF5,0x7F,0x05,0xAA,0x14,0x53,0x1F,0x28,0x23,0x53,0x1F,0xAA,0x14,0x7F,0x05,
    0x23,0xF5,0x25,0xE7,0x91,0xDE,0x47,0xDD,0x8F,0xE3,0x0B,0xF0,0x00,0x00,0xF5,0x0F,
    0x71,0x1C,0xB9,0x22,0x6F,0x21,0xDB,0x18,0xDD,0x0A,0x81,0xFA,0x56,0xEB,0xAD,0xE0,
    0xD8,0xDC,0xAD,0xE0,0x56,0xEB,0x81,0xFA,0xDD,0x0A,0xDB,0x18,0x6F,0x21,0xB9,0x22,
    0x71,0x1C,0xF5,0x0F,0x00,0x00,0x0B,0xF0,0x8F,0xE3,0x47,0xDD,0x91,0xDE,0x25,0xE7,
    0x23,0xF5,0x7F,0x05,0xAA,0x14,0x53,0x1F,0x28,0x23,0x53,0x1F,0xAA,0x14,0x7F,0x05,
    0x23,0xF5,0x25,0xE7,0x91,0xDE,0x47,0xDD,0x8F,0xE3,0x0B,0xF0,0x00,0x00,0xF5,0x0F,
    0x71,0x1C,0xB9,0x22,0x6F,0x21,0xDB,0x18,0xDD,0x0A,0x81,0xFA,0x56,0xEB,0xAD,0xE0,
    0xD8,0xDC,0xAD,0xE0,0x56,0xEB,0x81,0xFA,0xDD,0x0A,0xDB,0x18,0x6F,0x21,0xB9,0x22,
    0x71,0x1C,0xF5,0x0F,0x00,0x00,0x0B,0xF0,0x8F,0xE3,0x47,0xDD,0x91,0xDE,0x25,0xE7,
    0x23,0xF5,0x7F,0x05,0xAA,0x14,0x53,0x1F,0x28,0x23,0x53,0x1F,0xAA,0x14,0x7F,0x05,
    0x23,0xF5,0x25,0xE7,0x91,0xDE,0x47,0xDD,0x8F,0xE3,0x0B,0xF0,0x00,0x00,0xF5,0x0F,
    0x71,0x1C,0xB9,0x22,0x6F,0x21,0xDB,0x18,0xDD,0x0A,0x81,0xFA,0x56,0xEB,0xAD,0xE0,
    0xD8,0xDC,0xAD,0xE0,0x56,0xEB,0x81,0xFA,0xDD,0x0A,0xDB,0x18,0x6F,0x21,0xB9,0x22,
    0x71,0x1C,0xF5,0x0F,0x00,0x00,0x0B,0xF0,0x8F,0xE3,0x47,0xDD,0x91,0xDE,0x25,0xE7,
    0x23,0xF5,0x7F,0x05,0xAA,0x14,0x53,0x1F,0x28,0x23,0x53,0x1F,0xAA,0x14,0x7F,0x05,
    0x23,0xF5,0x25,0xE7,0x91,0xDE,0x47,0xDD,0x8F,0xE3,0x0B,0xF0,0x00,0x00,0xF5,0x0F,
    0x71,0x1C,0xB9,0x22,0x6F,0x21,0xDB,0x18,0xDD,0x0A,0x81,0xFA,0x56,0xEB,0xAD,0xE0,
    0xD8,0xDC,0xAD,0xE0,0x56,0xEB,0x81,0xFA,0xDD,0x0A,0xDB,0x18,0x6F,0x21,0xB9,0x22,
    0x71,0x1C,0xF5,0x0F,0x00,0x00,0x0B,0xF0,0x8F,0xE3,0x47,0xDD,0x91,0xDE,0x25,0xE7,
    0x23,0xF5,0x7F,0x05,0xAA,0x14,0x53,0x1F,0x28,0x23,0x53,0x1F,0xAA,0x14,0x7F,0x05,
    0x23,0xF5,0x25,0xE7,0x91,0xDE,0x47,0xDD,0x8F,0xE3,0x0B,0xF0,0x00,0x00,0xF5,0x0F,
    0x71,0x1C,0xB9,0x22,0x6F,0x21,0xDB,0x18,0xDD,0x0A,0x81,0xFA,0x56,0xEB,0xAD,0xE0,
    0xD8,0xDC,0xAD,0xE0,0x56,0xEB,0x81,0xFA,0xDD,0x0A,0xDB,0x18,0x6F,0x21,0xB9,0x22,
    0x71,0x1C,0xF5,0x0F,0x00,0x00,0x0B,0xF0,0x8F,0xE3,0x47,0xDD,0x91,0xDE,0x25,0xE7,
    0x23,0xF5,0x7F,0x05,0xAA,0x14,0x53,0x1F,0x28,0x23,0x53,0x1F,0xAA,0x14,0x7F,0x05,
    0x23,0xF5,0x25,0xE7,0x91,0xDE,0x47,0xDD,0x8F,0xE3,0x0B,0xF0,0x30,0x30,0x64,0x63,
    0x0C,0x06,0x00,0x00,0xFF,0xD8,0xFF,0xE0,0x00,0x10,0x4A,0x46,0x49,0x46,0x00,0x01,
    0x01,0x00,0x00,0x01,0x00,0x01,0x00,0x00,0xFF,0xDB,0x00,0x43,0x00,0x06,0x04,0x05,
    0x06,0x05,0x04,0x06,0x06,0x05,0x06,0x07,0x07,0x06,0x08,0x0A,0x10,0x0A,0x0A,0x09,
    0x09,0x0A,0x14,0x0E,0x0F,0x0C,0x10,0x17,0x14,0x18,0x18,0x17,0x14,0x16,0x16,0x1A,
    0x1D,0x25,0x1F,0x1A,0x1B,0x23,0x1C,0x16,0x16,0x20,0x2C,0x20,0x23,0x26,0x27,0x29,
    0x2A,0x29,0x19,0x1F,0x2D,0x30,0x2D,0x28,0x30,0x25,0x28,0x29,0x28,0xFF,0xDB,0x00,
    0x43,0x01,0x07,0x07,0x07,0x0A,0x08,0x0A,0x13,0x0A,0x0A,0x13,0x28,0x1A,0x16,0x1A,
    0x28,0x28,0x28,0x28,0x28,0x28,0x28,0x28,0x28,0x28,0x28,0x28,0x28,0x28,0x28,0x28,
    0x28,0x28,0x28,0x28,0x28,0x28,0x28,0x28,0x28,0x28,0x28,0x28,0x28,0x28,0x28,0x28,
    0x28,0x28,0x28,0x28,0x28,0x28,0x28,0x28,0x28,0x28,0x28,0x28,0x28,0x28,0x28,0x28,
    0x28,0x28,0xFF,0xC0,0x00,0x11,0x08,0x00,0x3C,0x00,0x50,0x03,0x01,0x11,0x00,0x02,
    0x11,0x01,0x03,0x11,0x01,0xFF,0xC4,0x00,0x1F,0x00,0x00,0x01,0x05,0x01,0x01,0x01,
    0x01,0x01,0x01,0x00,0x00,0x00,0x00,0x00,0x00,0x00,0x00,0x01,0x02,0x03,0x04,0x05,
    0x06,0x07,0x08,0x09,0x0A,0x0B,0xFF,0xC4,0x00,0xB5,0x10,0x00,0x02,0x01,0x03,0x03,
    0x02,0x04,0x03,0x05,0x05,0x04,0x04,0x00,0x00,0x01,0x7D,0x01,0x02,0x03,0x00,0x04,
    0x11,0x05,0x12,0x21,0x31,0x41,0x06,0x13,0x51,0x61,0x07,0x22,0x71,0x14,0x32,0x81,
    0x91,0xA1,0x08,0x23,0x42,0xB1,0xC1,0x15,0x52,0xD1,0xF0,0x24,0x33,0x62,0x72,0x82,
    0x09,0x0A,0x16,0x17,0x18,0x19,0x1A,0x25,0x26,0x27,0x28,0x29,0x2A,0x34,0x35,0x36,
    0x37,0x38,0x39,0x3A,0x43,0x44,0x45,0x46,0x47,0x48,0x49,0x4A,0x53,0x54,0x55,0x56,
    0x57,0x58,0x59,0x5A,0x63,0x64,0x65,0x66,0x67,0x68,0x69,0x6A,0x73,0x74,0x75,0x76,
    0x77,0x78,0x79,0x7A,0x83,0x84,0x85,0x86,0x87,0x88,0x89,0x8A,0x92,0x93,0x94,0x95,
    0x96,0x97,0x98,0x99,0x9A,0xA2,0xA3,0xA4,0xA5,0xA6,0xA7,0xA8,0xA9,0xAA,0xB2,0xB3,
    0xB4,0xB5,0xB6,0xB7,0xB8,0xB9,0xBA,0xC2,0xC3,0xC4,0xC5,0xC6,0xC7,0xC8,0xC9,0xCA,
    0xD2,0xD3,0xD4,0xD5,0xD6,0xD7,0xD8,0xD9,0xDA,0xE1,0xE2,0xE3,0xE4,0xE5,0xE6,0xE7,
    0xE8,0xE9,0xEA,0xF1,0xF2,0xF3,0xF4,0xF5,0xF6,0xF7,0xF8,0xF9,0xFA,0xFF,0xC4,0x00,
    0x1F,0x01,0x00,0x03,0x01,0x01,0x01,0x01,0x01,0x01,0x01,0x01,0x01,0x00,0x00,0x00,
    0x00,0x00,0x00,0x01,0x02,0x03,0x04,0x05,0x06,0x07,0x08,0x09,0x0A,0x0B,0xFF,0xC4,
    0x00,0xB5,0x11,0x00,0x02,0x01,0x02,0x04,0x04,0x03,0x04,0x07,0x05,0x04,0x04,0x00,
    0x01,0x02,0x77,0x00,0x01,0x02,0x03,0x11,0x04,0x05,0x21,0x31,0x06,0x12,0x41,0x51,
    0x07,0x61,0x71,0x13,0x22,0x32,0x81,0x08,0x14,0x42,0x91,0xA1,0xB1,0xC1,0x09,0x23,
    0x33,0x52,0xF0,0x15,0x62,0x72,0xD1,0x0A,0x16,0x24,0x34,0xE1,0x25,0xF1,0x17,0x18,
    0x19,0x1A,0x26,0x27,0x28,0x29,0x2A,0x35,0x36,0x37,0x38,0x39,0x3A,0x43,0x44,0x45,
    0x46,0x47,0x48,0x49,0x4A,0x53,0x54,0x55,0x56,0x57,0x58,0x59,0x5A,0x63,0x64,0x65,
    0x66,0x67,0x68,0x69,0x6A,0x73,0x74,0x75,0x76,0x77,0x78,0x79,0x7A,0x82,0x83,0x84,
    0x85,0x86,0x87,0x88,0x89,0x8A,0x92,0x93,0x94,0x95,0x96,0x97,0x98,0x99,0x9A,0xA2,
    0xA3,0xA4,0xA5,0xA6,0xA7,0xA8,0xA9,0xAA,0xB2,0xB3,0xB4,0xB5,0xB6,0xB7,0xB8,0xB9,
    0xBA,0xC2,0xC3,0xC4,0xC5,0xC6,0xC7,0xC8,0xC9,0xCA,0xD2,0xD3,0xD4,0xD5,0xD6,0xD7,
    0xD8,0xD9,0xDA,0xE2,0xE3,0xE4,0xE5,0xE6,0xE7,0xE8,0xE9,0xEA,0xF2,0xF3,0xF4,0xF5,
    0xF6,0xF7,0xF8,0xF9,0xFA,0xFF,0xDA,0x00,0x0C,0x03,0x01,0x00,0x02,0x11,0x03,0x11,
    0x00,0x3F,0x00,0xF9,0xCA,0x3B,0x6F,0x6A,0xFB,0x07,0x33,0x96,0x9D,0x42,0xD4,0x76,
    0xDE,0xD5,0x93,0x99,0xDD,0x4E,0xA1,0x66,0x3B,0x6F,0x6A,0xC9,0xCC,0xEE,0xA7,0x50,
    0xB5,0x1D,0xB7,0xB5,0x66,0xE6,0x77,0x53,0xA8,0x59,0x8E,0xDB,0xDA,0xB2,0x73,0x3B,
    0x69,0xD4,0x2E,0xDA,0x58,0xCB,0x71,0x2A,0xC7,0x04,0x4F,0x2C,0x8D,0xD1,0x11,0x4B,
    0x13,0xF8,0x0A,0xCA,0x55,0x2C,0x76,0x2C,0x44,0x60,0xB9,0xA6,0xEC,0xBC,0xCD,0xBB,
    0x9F,0x0B,0xEA,0x96,0x50,0x99,0x6E,0x2C,0xDC,0x46,0x3A,0x95,0x65,0x7C,0x71,0x9C,
    0x9C,0x13,0x81,0xC7,0x5A,0xC7,0xDB,0x27,0xB3,0x1E,0x1B,0x38,0xC2,0xD6,0x9F,0x24,
    0x27,0xAF,0xCD,0x7E,0x7F,0x91,0x52,0x3B,0x6F,0x6A,0x87,0x33,0xDC,0xA7,0x50,0xB5,
    0x1D,0xB7,0xB5,0x66,0xE6,0x77,0x53,0xA8,0x59,0x8E,0xDB,0xDA,0xB2,0x73,0x3B,0xA9,
    0xD4,0x38,0x28,0xED,0xBD,0xAB,0xDD,0x73,0x3F,0x9D,0x29,0xD4,0x2D,0x47,0x6D,0xED,
    0x59,0xB9,0x9D,0xD4,0xEA,0x16,0x63,0xB6,0xF6,0xAC,0x9C,0xCE,0xEA,0x75,0x0B,0x51,
    0xDB,0x7B,0x56,0x6E,0x67,0x6D,0x3A,0x85,0x98,0xED,0xBD,0xAB,0x27,0x33,0xBA,0x9D,
    0x43,0xD2,0x7C,0x09,0xA6,0xC3,0x6D,0xA5,0x0B,0xBD,0xAA,0x67,0x9C,0x9C,0xB6,0x39,
    0x55,0x07,0x1B,0x7F,0x31,0x9F,0xFF,0x00,0x55,0x73,0x54,0x93,0x93,0x3C,0x6C,0xD3,
    0x13,0x2A,0x95,0x3D,0x9F,0x45,0xF9,0xF7,0xFE,0xBF,0x53,0xA6,0xA8,0x3C,0xB3,0x83,
    0xF1,0x1E,0x99,0x15,0xAE,0xA8,0xC2,0x05,0x0B,0x1C,0x8A,0x24,0x08,0x06,0x02,0xF5,
    0x04,0x0F,0xCB,0x3F,0x8D,0x4C,0xA7,0x63,0xF4,0x1C,0x8B,0x1B,0x3C,0x46,0x19,0x3A,
    0x8E,0xED,0x3B,0x5F,0xBF,0xF5,0x7B,0x7E,0x25,0x38,0xED,0xBD,0xAB,0x27,0x33,0xE8,
    0xE9,0xD4,0x2C,0xC7,0x6D,0xED,0x59,0xB9,0x9D,0xD4,0xEA,0x1C,0x14,0x76,0xDE,0xD5,
    0xEE,0xB9,0x9F,0xCE,0x94,0xEA,0x16,0xA3,0xB6,0xF6,0xAC,0xDC,0xCE,0xDA,0x75,0x0B,
    0x31,0xDB,0x7B,0x56,0x4E,0x67,0x75,0x3A,0x85,0xA8,0xED,0xBD,0xAB,0x27,0x33,0xBA,
    0x9D,0x42,0xCC,0x76,0xDE,0xD5,0x9B,0x99,0xDD,0x4E,0xA1,0xD4,0xF8,0x67,0x52,0x16,
    0x51,0x9B,0x6B,0x9C,0xF9,0x39,0x2C,0xAD,0xC9,0xDA,0x7D,0x31,0xE9,0xF4,0xEF,0xF5,
    0xAC,0xFD,0xA2,0xEA,0x63,0x8B,0xC3,0x3A,0xDE,0xFC,0x37,0x3A,0x39,0xB5,0x0B,0x58,
    0x90,0xB1,0x99,0x1B,0xD0,0x21,0xDC,0x4F,0xE5,0x4D,0xCE,0x2B,0xA9,0xC3,0x4B,0x05,
    0x5A,0xAC,0xB9,0x54,0x6D,0xEB,0xA1,0xCC,0xDE,0x33,0xDE,0xDD,0x34,0xD2,0x0C,0x67,
    0x80,0xB9,0xCE,0xD1,0xE9,0x5C,0xB3,0xA9,0x76,0x7D,0xA6,0x02,0x94,0x70,0xB4,0x95,
    0x38,0xFF,0x00,0xC3,0xBF,0xEB,0xF0,0x16,0x3B,0x6F,0x6A,0xC5,0xCC,0xF5,0xE9,0xD4,
    0x2C,0xC7,0x6D,0xED,0x59,0xB9,0x9D,0xB4,0xEA,0x1C,0x14,0x76,0xDE,0xD5,0xEE,0xB9,
    0x9F,0xCE,0x94,0xEA,0x16,0xA3,0xB6,0xF6,0xAC,0xDC,0xCE,0xEA,0x75,0x0B,0x31,0xDB,
    0x7B,0x56,0x4E,0x67,0x75,0x3A,0x85,0xA8,0xED,0xBD,0xAB,0x27,0x33,0xB6,0x9D,0x42,
    0xCC,0x76,0xDE,0xD5,0x9B,0x99,0xDD,0x4E,0xA1,0x6A,0x3B,0x6F,0x6A,0xC9,0xCC,0xEE,
    0xA7,0x50,0xB5,0x1D,0xB7,0xB5,0x64,0xE6,0x77,0x53,0xA8,0x59,0x8E,0xDB,0xDA,0xB3,
    0x73,0x3B,0x69,0xD4,0x2D,0x47,0x6D,0xED,0x59,0x39,0x9D,0xD4,0xEA,0x16,0x63,0xB6,
    0xF6,0xAC,0x9C,0xCE,0xEA,0x75,0x0E,0x0A,0x3B,0x6F,0x6A,0xF7,0x9C,0xCF,0xE7,0x4A,
    0x75,0x0B,0x51,0xDB,0x7B,0x56,0x4E,0x67,0x75,0x3A,0x85,0x98,0xED,0xBD,0xAB,0x37,
    0x33,0xBA,0x9D,0x42,0xD4,0x76,0xDE,0xD5,0x93,0x99,0xDB,0x4E,0xA1,0x6A,0x3B,0x6F,
    0x6A,0xCD,0xCC,0xEE,0xA7,0x50,0xB3,0x1D,0xB7,0xB5,0x64,0xE6,0x77,0x53,0xA8,0x5A,
    0x8E,0xDB,0xDA,0xB2,0x73,0x3B,0x69,0xD4,0x2C,0xC7,0x6D,0xED,0x59,0xB9,0x9D,0xD4,
    0xEA,0x16,0xA3,0xB6,0xF6,0xAC,0x9C,0xCE,0xEA,0x75,0x0B,0x31,0xDB,0x7B,0x56,0x4E,
    0x67,0x75,0x3A,0x87,0x05,0x1D,0xB7,0xB5,0x7B,0xCE,0x67,0xF3,0xA5,0x3A,0x85,0xA8,
    0xED,0xBD,0xAB,0x27,0x33,0xBA,0x9D,0x42,0xCC,0x76,0xDE,0xD5,0x9B,0x99,0xDB,0x4E,
    0xA1,0x6A,0x3B,0x6F,0x6A,0xC9,0xCC,0xEE,0xA7,0x50,0xB5,0x1D,0xB7,0xB5,0x64,0xE6,
    0x77,0x53,0xA8,0x59,0x8E,0xDB,0xDA,0xB3,0x73,0x3B,0x69,0xD4,0x2D,0x47,0x6D,0xED,
    0x59,0x39,0x9D,0xD4,0xEA,0x16,0x63,0xB6,0xF6,0xAC,0xDC,0xCE,0xEA,0x75,0x0B,0x51,
    0xDB,0x7B,0x56,0x4E,0x67,0x75,0x3A,0x85,0x98,0xED,0xBD,0xAB,0x27,0x33,0xB6,0x9D,
    0x43,0x82,0x8E,0xDB,0xDA,0xBD,0xE7,0x33,0xF9,0xD2,0x9D,0x42,0xD4,0x76,0xDE,0xD5,
    0x93,0x99,0xDD,0x4E,0xA1,0x66,0x3B,0x6F,0x6A,0xCD,0xCC,0xEE,0xA7,0x50,0xB5,0x1D,
    0xB7,0xB5,0x64,0xE6,0x77,0x53,0xA8,0x5A,0x8E,0xDB,0xDA,0xB2,0x73,0x3B,0x69,0xD4,
    0x2C,0xC7,0x6D,0xED,0x59,0xB9,0x9D,0xD4,0xEA,0x16,0xA3,0xB6,0xF6,0xAC,0x9C,0xCE,
    0xEA,0x75,0x0B,0x31,0xDB,0x7B,0x56,0x4E,0x67,0x6D,0x3A,0x85,0xA8,0xED,0xBD,0xAB,
    0x37,0x33,0xBA,0x9D,0x42,0xCC,0x76,0xDE,0xD5,0x93,0x99,0xDD,0x4E,0xA1,0xE7,0xD1,
    0xA2,0xFA,0x57,0xD0,0x36,0xCF,0xE7,0x6A,0x72,0x65,0xA8,0xD1,0x7D,0x2B,0x26,0xD9,
    0xDD,0x4E,0x4C,0xB5,0x1A,0x2F,0xA5,0x64,0xDB,0x3B,0xA9,0xC9,0x96,0x63,0x45,0xF4,
    0xAC,0xDB,0x67,0x75,0x39,0x32,0xD4,0x68,0xBE,0x95,0x93,0x6C,0xED,0xA7,0x26,0x59,
    0x8D,0x17,0xD2,0xB3,0x6D,0x9D,0xD4,0xE4,0xCB,0x51,0xA2,0xFA,0x56,0x4D,0xB3,0xBA,
    0x9C,0x99,0x66,0x34,0x5F,0x4A,0xC9,0xB6,0x76,0xD3,0x93,0x2D,0x46,0x8B,0xE9,0x59,
    0x36,0xCE,0xEA,0x72,0x65,0xA8,0xD1,0x7D,0x2B,0x36,0xD9,0xDD,0x4E,0x4C,0xFF,0xD9,
    0x30,0x31,0x77,0x62,0xD0,0x07,0x00,0x00,0x00,0x00,0xB1,0x10,0x62,0x1D,0x06,0x23,
    0x43,0x20,0xC3,0x15,0x0B,0x06,0xE0,0xF4,0x60,0xE6,0x05,0xDE,0xD1,0xDD,0xD0,0xE5,
    0x18,0xF4,0x3A,0x05,0x1B,0x15,0xED,0x1F,0x16,0x23,0xD4,0x1D,0x6B,0x11,0xD4,0x00,
    0x0B,0xF0,0x15,0xE3,0x0F,0xDD,0x6B,0xDF,0x98,0xE9,0x25,0xF9,0x56,0x0A,0x0D,0x19,
    0xC2,0x21,0x5E,0x22,0xBB,0x1A,0xAF,0x0C,0x99,0xFB,0x90,0xEB,0x6E,0xE0,0xDF,0xDC,
    0xBE,0xE1,0xDE,0xED,0x59,0xFE,0x37,0x0F,0x71,0x1C,0xD7,0x22,0xE2,0x20,0x0A,0x17,
    0xAB,0x07,0x76,0xF6,0x89,0xE7,0x7B,0xDE,0x78,0xDD,0xBD,0xE4,0x8C,0xF2,0x95,0x03,
    0xC2,0x13,0x32,0x1F,0x26,0x23,0xAC,0x1E,0xD6,0x12,0x7B,0x02,0x89,0xF1,0x0E,0xE4,
    0x47,0xDD,0xD5,0xDE,0x57,0xE8,0x87,0xF7,0xBE,0x08,0xDD,0x17,0x42,0x21,0xAD,0x22,
    0xC7,0x1B,0x37,0x0E,0x3E,0xFD,0xEF,0xEC,0x32,0xE1,0xD9,0xDC,0xEF,0xE0,0x78,0xEC,
    0xB2,0xFC,0xB5,0x0D,0x6F,0x1B,0x95,0x22,0x6F,0x21,0x44,0x18,0x46,0x09,0x10,0xF8,
    0xC1,0xE8,0x05,0xDF,0x32,0xDD,0xB9,0xE3,0x08,0xF1,0xEE,0x01,0x5E,0x12,0x66,0x1E,
    0x23,0x23,0x72,0x1F,0x37,0x14,0x21,0x04,0x0F,0xF3,0x17,0xE5,0x93,0xDD,0x52,0xDE,
    0x25,0xE7,0xEE,0xF5,0x21,0x07,0x9F,0x16,0xAF,0x20,0xE9,0x22,0xC3,0x1C,0xB6,0x0F,
    0xE6,0xFE,0x58,0xEE,0x07,0xE2,0xE6,0xDC,0x31,0xE0,0x1D,0xEB,0x0C,0xFB,0x2B,0x0C,
    0x5E,0x1A,0x3F,0x22,0xE9,0x21,0x70,0x19,0xDD,0x0A,0xB0,0xF9,0x05,0xEA,0xA1,0xDF,
    0x00,0xDD,0xC5,0xE2,0x8D,0xEF,0x46,0x00,0xEF,0x10,0x88,0x1D,0x0C,0x23,0x27,0x20,
    0x8C,0x15,0xC5,0x05,0x9D,0xF4,0x30,0xE6,0xF3,0xDD,0xE2,0xDD,0x00,0xE6,0x5A,0xF4,
    0x7F,0x05,0x54,0x15,0x0A,0x20,0x11,0x23,0xAE,0x1D,0x2D,0x11,0x8D,0x00,0xCC,0xEF,
    0xED,0xE2,0x07,0xDD,0x86,0xDF,0xCE,0xE9,0x6A,0xF9,0x99,0x0A,0x3F,0x19,0xD6,0x21,
    0x4F,0x22,0x8D,0x1A,0x6D,0x0C,0x52,0xFB,0x56,0xEB,0x4F,0xE0,0xE2,0xDC,0xE2,0xE1,
    0x1B,0xEE,0x9F,0xFE,0x77,0x0F,0x9A,0x1C,0xE1,0x22,0xC9,0x20,0xD5,0x16,0x66,0x07,
    0x32,0xF6,0x57,0xE7,0x66,0xDE,0x85,0xDD,0xEA,0xE4,0xCE,0xF2,0xDB,0x03,0xFD,0x13,
    0x53,0x1F,0x25,0x23,0x89,0x1E,0x9A,0x12,0x35,0x02,0x49,0xF1,0xE3,0xE3,0x3D,0xDD,
    0xED,0xDE,0x8C,0xE8,0xCB,0xF7,0x02,0x09,0x10,0x18,0x59,0x21,0xA1,0x22,0x9B,0x1B,
    0xF6,0x0D,0xF8,0xFC,0xB3,0xEC,0x10,0xE1,0xD8,0xDC,0x10,0xE1,0xB3,0xEC,0xF8,0xFC,
    0xF6,0x0D,0x9B,0x1B,0xA1,0x22,0x59,0x21,0x10,0x18,0x02,0x09,0xCB,0xF7,0x8C,0xE8,
    0xED,0xDE,0x3D,0xDD,0xE3,0xE3,0x49,0xF1,0x35,0x02,0x9A,0x12,0x89,0x1E,0x25,0x23,
    0x53,0x1F,0xFD,0x13,0xDB,0x03,0xCE,0xF2,0xEA,0xE4,0x85,0xDD,0x66,0xDE,0x57,0xE7,
    0x32,0xF6,0x66,0x07,0xD5,0x16,0xC9,0x20,0xE1,0x22,0x9A,0x1C,0x77,0x0F,0x9F,0xFE,
    0x1B,0xEE,0xE2,0xE1,0xE2,0xDC,0x4F,0xE0,0x56,0xEB,0x52,0xFB,0x6D,0x0C,0x8D,0x1A,
    0x4F,0x22,0xD6,0x21,0x3F,0x19,0x99,0x0A,0x6A,0xF9,0xCE,0xE9,0x86,0xDF,0x07,0xDD,
    0xED,0xE2,0xCC,0xEF,0x8D,0x00,0x2D,0x11,0xAE,0x1D,0x11,0x23,0x0A,0x20,0x54,0x15,
    0x7F,0x05,0x5A,0xF4,0x00,0xE6,0xE2,0xDD,0xF3,0xDD,0x30,0xE6,0x9D,0xF4,0xC5,0x05,
    0x8C,0x15,0x27,0x20,0x0C,0x23,0x88,0x1D,0xEF,0x10,0x46,0x00,0x8D,0xEF,0xC5,0xE2,
    0x00,0xDD,0xA1,0xDF,0x05,0xEA,0xB0,0xF9,0xDD,0x0A,0x70,0x19,0xE9,0x21,0x3F,0x22,
    0x5E,0x1A,0x2B,0x0C,0x0C,0xFB,0x1D,0xEB,0x31,0xE0,0xE6,0xDC,0x07,0xE2,0x58,0xEE,
    0xE6,0xFE,0xB6,0x0F,0xC3,0x1C,0xE9,0x22,0xAF,0x20,0x9F,0x16,0x21,0x07,0xEE,0xF5,
    0x25,0xE7,0x52,0xDE,0x93,0xDD,0x17,0xE5,0x0F,0xF3,0x21,0x04,0x37,0x14,0x72,0x1F,
    0x23,0x23,0x66,0x1E,0x5E,0x12,0xEE,0x01,0x08,0xF1,0xB9,0xE3,0x32,0xDD,0x05,0xDF,
    0xC1,0xE8,0x10,0xF8,0x46,0x09,0x44,0x18,0x6F,0x21,0x95,0x22,0x6F,0x1B,0xB5,0x0D,
    0xB2,0xFC,0x78,0xEC,0xEF,0xE0,0xD9,0xDC,0x32,0xE1,0xEF,0xEC,0x3E,0xFD,0x37,0x0E,
    0xC7,0x1B,0xAD,0x22,0x42,0x21,0xDD,0x17,0xBE,0x08,0x87,0xF7,0x57,0xE8,0xD5,0xDE,
    0x47,0xDD,0x0E,0xE4,0x89,0xF1,0x7B,0x02,0xD6,0x12,0xAC,0x1E,0x26,0x23,0x32,0x1F,
    0xC2,0x13,0x95,0x03,0x8C,0xF2,0xBD,0xE4,0x78,0xDD,0x7B,0xDE,0x89,0xE7,0x76,0xF6,
    0xAB,0x07,0x0A,0x17,0xE2,0x20,0xD7,0x22,0x71,0x1C,0x37,0x0F,0x59,0xFE,0xDE,0xED,
    0xBE,0xE1,0xDF,0xDC,0x6E,0xE0,0x90,0xEB,0x99,0xFB,0xAF,0x0C,0xBB,0x1A,0x5E,0x22,
    0xC2,0x21,0x0D,0x19,0x56,0x0A,0x25,0xF9,0x98,0xE9,0x6B,0xDF,0x0F,0xDD,0x15,0xE3,
    0x0B,0xF0,0xD4,0x00,0x6B,0x11,0xD4,0x1D,0x16,0x23,0xED,0x1F,0x1B,0x15,0x3A,0x05,
    0x18,0xF4,0xD0,0xE5,0xD1,0xDD,0x05,0xDE,0x60,0xE6,0xE0,0xF4,0x0B,0x06,0xC3,0x15,
    0x43,0x20,0x06,0x23,0x62,0x1D,0xB1,0x10,0x00,0x00,0x4F,0xEF,0x9E,0xE2,0xFA,0xDC,
    0xBD,0xDF,0x3D,0xEA,0xF5,0xF9,0x20,0x0B,0xA0,0x19,0xFB,0x21,0x2F,0x22,0x30,0x1A,
    0xE8,0x0B,0xC6,0xFA,0xE5,0xEA,0x13,0xE0,0xEA,0xDC,0x2C,0xE2,0x95,0xEE,0x2C,0xFF,
    0xF5,0x0F,0xEB,0x1C,0xF1,0x22,0x95,0x20,0x68,0x16,0xDB,0x06,0xAA,0xF5,0xF3,0xE6,
    0x3E,0xDE,0xA2,0xDD,0x45,0xE5,0x51,0xF3,0x67,0x04,0x70,0x14,0x92,0x1F,0x21,0x23,
    0x42,0x1E,0x22,0x12,0xA7,0x01,0xC9,0xF0,0x8F,0xE3,0x29,0xDD,0x1E,0xDF,0xF6,0xE8,
    0x55,0xF8,0x8A,0x09,0x77,0x18,0x85,0x21,0x88,0x22,0x43,0x1B,0x74,0x0D,0x6B,0xFC,
    0x3E,0xEC,0xCE,0xE0,0xDA,0xDC,0x54,0xE1,0x2A,0xED,0x85,0xFD,0x77,0x0E,0xF2,0x1B,
    0xB9,0x22,0x2B,0x21,0xA9,0x17,0x79,0x08,0x42,0xF7,0x23,0xE8,0xBE,0xDE,0x53,0xDD,
    0x39,0xE4,0xC9,0xF1,0xC2,0x02,0x11,0x13,0xCE,0x1E,0x27,0x23,0x11,0x1F,0x88,0x13,
    0x4E,0x03,0x4B,0xF2,0x91,0xE4,0x6B,0xDD,0x91,0xDE,0xBC,0xE7,0xBA,0xF6,0xF0,0x07,
    0x3F,0x17,0xFB,0x20,0xCE,0x22,0x47,0x1C,0xF8,0x0E,0x12,0xFE,0xA2,0xED,0x9A,0xE1,
    0xDD,0xDC,0x8E,0xE0,0xC9,0xEB,0xDF,0xFB,0xF1,0x0C,0xE9,0x1A,0x6D,0x22,0xAE,0x21,
    0xDB,0x18,0x12,0x0A,0xDF,0xF8,0x61,0xE9,0x51,0xDF,0x17,0xDD,0x3D,0xE3,0x4A,0xF0,
    0x1A,0x01,0xA8,0x11,0xF9,0x1D,0x1A,0x23,0xCF,0x1F,0xE3,0x14,0xF4,0x04,0xD5,0xF3,
    0xA2,0xE5,0xC1,0xDD,0x17,0xDE,0x90,0xE6,0x23,0xF5,0x50,0x06,0xFB,0x15,0x5F,0x20,
    0x00,0x23,0x3B,0x1D,0x73,0x10,0xBA,0xFF,0x11,0xEF,0x78,0xE2,0xF4,0xDC,0xD9,0xDF,
    0x74,0xEA,0x3B,0xFA,0x63,0x0B,0xD0,0x19,0x0D,0x22,0x1E,0x22,0x00,0x1A,0xA6,0x0B,
    0x81,0xFA,0xAC,0xEA,0xF6,0xDF,0xEF,0xDC,0x52,0xE2,0xD3,0xEE,0x73,0xFF,0x34,0x10,
    0x13,0x1D,0xF9,0x22,0x7A,0x20,0x32,0x16,0x96,0x06,0x67,0xF5,0xC1,0xE6,0x2A,0xDE,
    0xB1,0xDD,0x73,0xE5,0x93,0xF3,0xAE,0x04,0xAA,0x14,0xB1,0x1F,0x1E,0x23,0x1E,0x1E,
    0xE5,0x11,0x61,0x01,0x89,0xF0,0x66,0xE3,0x1F,0xDD,0x37,0xDF,0x2B,0xE9,0x9A,0xF8,
    0xCE,0x09,0xA9,0x18,0x9A,0x21,0x7B,0x22,0x16,0x1B,0x32,0x0D,0x25,0xFC,0x03,0xEC,
    0xAD,0xE0,0xDB,0xDC,0x77,0xE1,0x66,0xED,0xCB,0xFD,0xB7,0x0E,0x1D,0x1C,0xC3,0x22,
    0x13,0x21,0x74,0x17,0x35,0x08,0xFE,0xF6,0xF0,0xE7,0xA7,0xDE,0x5F,0xDD,0x65,0xE4,
    0x0A,0xF2,0x08,0x03,0x4D,0x13,0xF0,0x1E,0x28,0x23,0xF0,0x1E,0x4D,0x13,0x08,0x03,
    0x0A,0xF2,0x65,0xE4,0x5F,0xDD,0xA7,0xDE,0xF0,0xE7,0xFE,0xF6,0x35,0x08,0x74,0x17,
    0x13,0x21,0xC3,0x22,0x1D,0x1C,0xB7,0x0E,0xCB,0xFD,0x66,0xED,0x77,0xE1,0xDB,0xDC,
    0xAD,0xE0,0x03,0xEC,0x25,0xFC,0x32,0x0D,0x16,0x1B,0x7B,0x22,0x9A,0x21,0xA9,0x18,
    0xCE,0x09,0x9A,0xF8,0x2B,0xE9,0x37,0xDF,0x1F,0xDD,0x66,0xE3,0x89,0xF0,0x61,0x01,
    0xE5,0x11,0x1E,0x1E,0x1E,0x23,0xB1,0x1F,0xAA,0x14,0xAE,0x04,0x93,0xF3,0x73,0xE5,
    0xB1,0xDD,0x2A,0xDE,0xC1,0xE6,0x67,0xF5,0x96,0x06,0x32,0x16,0x7A,0x20,0xF9,0x22,
    0x13,0x1D,0x34,0x10,0x73,0xFF,0xD3,0xEE,0x52,0xE2,0xEF,0xDC,0xF6,0xDF,0xAC,0xEA,
    0x81,0xFA,0xA6,0x0B,0x00,0x1A,0x1E,0x22,0x0D,0x22,0xD0,0x19,0x63,0x0B,0x3B,0xFA,
    0x74,0xEA,0xD9,0xDF,0xF4,0xDC,0x78,0xE2,0x11,0xEF,0xBA,0xFF,0x73,0x10,0x3B,0x1D,
    0x00,0x23,0x5F,0x20,0xFB,0x15,0x50,0x06,0x23,0xF5,0x90,0xE6,0x17,0xDE,0xC1,0xDD,
    0xA2,0xE5,0xD5,0xF3,0xF4,0x04,0xE3,0x14,0xCF,0x1F,0x1A,0x23,0xF9,0x1D,0xA8,0x11,
    0x1A,0x01,0x4A,0xF0,0x3D,0xE3,0x17,0xDD,0x51,0xDF,0x61,0xE9,0xDF,0xF8,0x12,0x0A,
    0xDB,0x18,0xAE,0x21,0x6D,0x22,0xE9,0x1A,0xF1,0x0C,0xDF,0xFB,0xC9,0xEB,0x8E,0xE0,
    0xDD,0xDC,0x9A,0xE1,0xA2,0xED,0x12,0xFE,0xF8,0x0E,0x47,0x1C,0xCE,0x22,0xFB,0x20,
    0x3F,0x17,0xF0,0x07,0xBA,0xF6,0xBC,0xE7,0x91,0xDE,0x6B,0xDD,0x91,0xE4,0x4B,0xF2,
    0x4E,0x03,0x88,0x13,0x11,0x1F,0x27,0x23,0xCE,0x1E,0x11,0x13,0xC2,0x02,0xC9,0xF1,
    0x39,0xE4,0x53,0xDD,0xBE,0xDE,0x23,0xE8,0x42,0xF7,0x79,0x08,0xA9,0x17,0x2B,0x21,
    0xB9,0x22,0xF2,0x1B,0x77,0x0E,0x85,0xFD,0x2A,0xED,0x54,0xE1,0xDA,0xDC,0xCE,0xE0,
    0x3E,0xEC,0x6B,0xFC,0x74,0x0D,0x43,0x1B,0x88,0x22,0x85,0x21,0x77,0x18,0x8A,0x09,
    0x55,0xF8,0xF6,0xE8,0x1E,0xDF,0x29,0xDD,0x8F,0xE3,0xC9,0xF0,0xA7,0x01,0x22,0x12,
    0x42,0x1E,0x21,0x23,0x92,0x1F,0x70,0x14,0x67,0x04,0x51,0xF3,0x45,0xE5,0xA2,0xDD,
    0x3E,0xDE,0xF3,0xE6,0xAA,0xF5,0xDB,0x06,0x68,0x16,0x95,0x20,0xF1,0x22,0xEB,0x1C,
    0xF5,0x0F,0x2C,0xFF,0x95,0xEE,0x2C,0xE2,0xEA,0xDC,0x13,0xE0,0xE5,0xEA,0xC6,0xFA,
    0xE8,0x0B,0x30,0x1A,0x2F,0x22,0xFB,0x21,0xA0,0x19,0x20,0x0B,0xF5,0xF9,0x3D,0xEA,
    0xBD,0xDF,0xFA,0xDC,0x9E,0xE2,0x4F,0xEF,0x00,0x00,0xB1,0x10,0x62,0x1D,0x06,0x23,
    0x43,0x20,0xC3,0x15,0x0B,0x06,0xE0,0xF4,0x60,0xE6,0x05,0xDE,0xD1,0xDD,0xD0,0xE5,
    0x18,0xF4,0x3A,0x05,0x1B,0x15,0xED,0x1F,0x16,0x23,0xD4,0x1D,0x6B,0x11,0xD4,0x00,
    0x0B,0xF0,0x15,0xE3,0x0F,0xDD,0x6B,0xDF,0x98,0xE9,0x25,0xF9,0x56,0x0A,0x0D,0x19,
    0xC2,0x21,0x5E,0x22,0xBB,0x1A,0xAF,0x0C,0x99,0xFB,0x90,0xEB,0x6E,0xE0,0xDF,0xDC,
    0xBE,0xE1,0xDE,0xED,0x59,0xFE,0x37,0x0F,0x71,0x1C,0xD7,0x22,0xE2,0x20,0x0A,0x17,
    0xAB,0x07,0x76,0xF6,0x89,0xE7,0x7B,0xDE,0x78,0xDD,0xBD,0xE4,0x8C,0xF2,0x95,0x03,
    0xC2,0x13,0x32,0x1F,0x26,0x23,0xAC,0x1E,0xD6,0x12,0x7B,0x02,0x89,0xF1,0x0E,0xE4,
    0x47,0xDD,0xD5,0xDE,0x57,0xE8,0x87,0xF7,0xBE,0x08,0xDD,0x17,0x42,0x21,0xAD,0x22,
    0xC7,0x1B,0x37,0x0E,0x3E,0xFD,0xEF,0xEC,0x32,0xE1,0xD9,0xDC,0xEF,0xE0,0x78,0xEC,
    0xB2,0xFC,0xB5,0x0D,0x6F,0x1B,0x95,0x22,0x6F,0x21,0x44,0x18,0x46,0x09,0x10,0xF8,
    0xC1,0xE8,0x05,0xDF,0x32,0xDD,0xB9,0xE3,0x08,0xF1,0xEE,0x01,0x5E,0x12,0x66,0x1E,
    0x23,0x23,0x72,0x1F,0x37,0x14,0x21,0x04,0x0F,0xF3,0x17,0xE5,0x93,0xDD,0x52,0xDE,
    0x25,0xE7,0xEE,0xF5,0x21,0x07,0x9F,0x16,0xAF,0x20,0xE9,0x22,0xC3,0x1C,0xB6,0x0F,
    0xE6,0xFE,0x58,0xEE,0x07,0xE2,0xE6,0xDC,0x31,0xE0,0x1D,0xEB,0x0C,0xFB,0x2B,0x0C,
    0x5E,0x1A,0x3F,0x22,0xE9,0x21,0x70,0x19,0xDD,0x0A,0xB0,0xF9,0x05,0xEA,0xA1,0xDF,
    0x00,0xDD,0xC5,0xE2,0x8D,0xEF,0x46,0x00,0xEF,0x10,0x88,0x1D,0x0C,0x23,0x27,0x20,
    0x8C,0x15,0xC5,0x05,0x9D,0xF4,0x30,0xE6,0xF3,0xDD,0xE2,0xDD,0x00,0xE6,0x5A,0xF4,
    0x7F,0x05,0x54,0x15,0x0A,0x20,0x11,0x23,0xAE,0x1D,0x2D,0x11,0x8D,0x00,0xCC,0xEF,
    0xED,0xE2,0x07,0xDD,0x86,0xDF,0xCE,0xE9,0x6A,0xF9,0x99,0x0A,0x3F,0x19,0xD6,0x21,
    0x4F,0x22,0x8D,0x1A,0x6D,0x0C,0x52,0xFB,0x56,0xEB,0x4F,0xE0,0xE2,0xDC,0xE2,0xE1,
    0x1B,0xEE,0x9F,0xFE,0x77,0x0F,0x9A,0x1C,0xE1,0x22,0xC9,0x20,0xD5,0x16,0x66,0x07,
    0x32,0xF6,0x57,0xE7,0x66,0xDE,0x85,0xDD,0xEA,0xE4,0xCE,0xF2,0xDB,0x03,0xFD,0x13,
    0x53,0x1F,0x25,0x23,0x89,0x1E,0x9A,0x12,0x35,0x02,0x49,0xF1,0xE3,0xE3,0x3D,0xDD,
    0xED,0xDE,0x8C,0xE8,0xCB,0xF7,0x02,0x09,0x10,0x18,0x59,0x21,0xA1,0x22,0x9B,0x1B,
    0xF6,0x0D,0xF8,0xFC,0xB3,0xEC,0x10,0xE1,0x30,0x30,0x64,0x63,0x1F,0x06,0x00,0x00,
    0xFF,0xD8,0xFF,0xE0,0x00,0x10,0x4A,0x46,0x49,0x46,0x00,0x01,0x01,0x00,0x00,0x01,
    0x00,0x01,0x00,0x00,0xFF,0xDB,0x00,0x43,0x00,0x06,0x04,0x05,0x06,0x05,0x04,0x06,
    0x06,0x05,0x06,0x07,0x07,0x06,0x08,0x0A,0x10,0x0A,0x0A,0x09,0x09,0x0A,0x14,0x0E,
    0x0F,0x0C,0x10,0x17,0x14,0x18,0x18,0x17,0x14,0x16,0x16,0x1A,0x1D,0x25,0x1F,0x1A,
    0x1B,0x23,0x1C,0x16,0x16,0x20,0x2C,0x20,0x23,0x26,0x27,0x29,0x2A,0x29,0x19,0x1F,
    0x2D,0x30,0x2D,0x28,0x30,0x25,0x28,0x29,0x28,0xFF,0xDB,0x00,0x43,0x01,0x07,0x07,
    0x07,0x0A,0x08,0x0A,0x13,0x0A,0x0A,0x13,0x28,0x1A,0x16,0x1A,0x28,0x28,0x28,0x28,
    0x28,0x28,0x28,0x28,0x28,0x28,0x28,0x28,0x28,0x28,0x28,0x28,0x28,0x28,0x28,0x28,
    0x28,0x28,0x28,0x28,0x28,0x28,0x28,0x28,0x28,0x28,0x28,0x28,0x28,0x28,0x28,0x28,
    0x28,0x28,0x28,0x28,0x28,0x28,0x28,0x28,0x28,0x28,0x28,0x28,0x28,0x28,0xFF,0xC0,
    0x00,0x11,0x08,0x00,0x3C,0x00,0x50,0x03,0x01,0x11,0x00,0x02,0x11,0x01,0x03,0x11,
    0x01,0xFF,0xC4,0x00,0x1F,0x00,0x00,0x01,0x05,0x01,0x01,0x01,0x01,0x01,0x01,0x00,
    0x00,0x00,0x00,0x00,0x00,0x00,0x00,0x01,0x02,0x03,0x04,0x05,0x06,0x07,0x08,0x09,
    0x0A,0x0B,0xFF,0xC4,0x00,0xB5,0x10,0x00,0x02,0x01,0x03,0x03,0x02,0x04,0x03,0x05,
    0x05,0x04,0x04,0x00,0x00,0x01,0x7D,0x01,0x02,0x03,0x00,0x04,0x11,0x05,0x12,0x21,
    0x31,0x41,0x06,0x13,0x51,0x61,0x07,0x22,0x71,0x14,0x32,0x81,0x91,0xA1,0x08,0x23,
    0x42,0xB1,0xC1,0x15,0x52,0xD1,0xF0,0x24,0x33,0x62,0x72,0x82,0x09,0x0A,0x16,0x17,
    0x18,0x19,0x1A,0x25,0x26,0x27,0x28,0x29,0x2A,0x34,0x35,0x36,0x37,0x38,0x39,0x3A,
    0x43,0x44,0x45,0x46,0x47,0x48,0x49,0x4A,0x53,0x54,0x55,0x56,0x57,0x58,0x59,0x5A,
    0x63,0x64,0x65,0x66,0x67,0x68,0x69,0x6A,0x73,0x74,0x75,0x76,0x77,0x78,0x79,0x7A,
    0x83,0x84,0x85,0x86,0x87,0x88,0x89,0x8A,0x92,0x93,0x94,0x95,0x96,0x97,0x98,0x99,
    0x9A,0xA2,0xA3,0xA4,0xA5,0xA6,0xA7,0xA8,0xA9,0xAA,0xB2,0xB3,0xB4,0xB5,0xB6,0xB7,
    0xB8,0xB9,0xBA,0xC2,0xC3,0xC4,0xC5,0xC6,0xC7,0xC8,0xC9,0xCA,0xD2,0xD3,0xD4,0xD5,
    0xD6,0xD7,0xD8,0xD9,0xDA,0xE1,0xE2,0xE3,0xE4,0xE5,0xE6,0xE7,0xE8,0xE9,0xEA,0xF1,
    0xF2,0xF3,0xF4,0xF5,0xF6,0xF7,0xF8,0xF9,0xFA,0xFF,0xC4,0x00,0x1F,0x01,0x00,0x03,
    0x01,0x01,0x01,0x01,0x01,0x01,0x01,0x01,0x01,0x00,0x00,0x00,0x00,0x00,0x00,0x01,
    0x02,0x03,0x04,0x05,0x06,0x07,0x08,0x09,0x0A,0x0B,0xFF,0xC4,0x00,0xB5,0x11,0x00,
    0x02,0x01,0x02,0x04,0x04,0x03,0x04,0x07,0x05,0x04,0x04,0x00,0x01,0x02,0x77,0x00,
    0x01,0x02,0x03,0x11,0x04,0x05,0x21,0x31,0x06,0x12,0x41,0x51,0x07,0x61,0x71,0x13,
    0x22,0x32,0x81,0x08,0x14,0x42,0x91,0xA1,0xB1,0xC1,0x09,0x23,0x33,0x52,0xF0,0x15,
    0x62,0x72,0xD1,0x0A,0x16,0x24,0x34,0xE1,0x25,0xF1,0x17,0x18,0x19,0x1A,0x26,0x27,
    0x28,0x29,0x2A,0x35,0x36,0x37,0x38,0x39,0x3A,0x43,0x44,0x45,0x46,0x47,0x48,0x49,
    0x4A,0x53,0x54,0x55,0x56,0x57,0x58,0x59,0x5A,0x63,0x64,0x65,0x66,0x67,0x68,0x69,
    0x6A,0x73,0x74,0x75,0x76,0x77,0x78,0x79,0x7A,0x82,0x83,0x84,0x85,0x86,0x87,0x88,
    0x89,0x8A,0x92,0x93,0x94,0x95,0x96,0x97,0x98,0x99,0x9A,0xA2,0xA3,0xA4,0xA5,0xA6,
    0xA7,0xA8,0xA9,0xAA,0xB2,0xB3,0xB4,0xB5,0xB6,0xB7,0xB8,0xB9,0xBA,0xC2,0xC3,0xC4,
    0xC5,0xC6,0xC7,0xC8,0xC9,0xCA,0xD2,0xD3,0xD4,0xD5,0xD6,0xD7,0xD8,0xD9,0xDA,0xE2,
    0xE3,0xE4,0xE5,0xE6,0xE7,0xE8,0xE9,0xEA,0xF2,0xF3,0xF4,0xF5,0xF6,0xF7,0xF8,0xF9,
    0xFA,0xFF,0xDA,0x00,0x0C,0x03,0x01,0x00,0x02,0x11,0x03,0x11,0x00,0x3F,0x00,0xF9,
    0xCA,0x3B,0x6F,0x6A,0xFB,0x07,0x33,0x96,0x9D,0x42,0xD4,0x76,0xDE,0xD5,0x93,0x99,
    0xDD,0x4E,0xA1,0x66,0x3B,0x6F,0x6A,0xC9,0xCC,0xEE,0xA7,0x50,0xB5,0x1D,0xB7,0xB5,
    0x66,0xE6,0x77,0x53,0xA8,0x59,0x8E,0xDB,0xDA,0xB2,0x73,0x3B,0x69,0xD4,0x2D,0x47,
    0x6D,0xED,0x59,0x39,0x9D,0xD4,0xEA,0x1D,0xB6,0x91,0xE0,0x2B,0x9B,0x9B,0x65,0x9A,
    0xF2,0x75,0xB4,0x2C,0x01,0x58,0xF6,0x6E,0x61,0xFE,0xF0,0xC8,0xC7,0x6F,0x5E,0xBC,
    0xE2,0xB0,0x95,0x6E,0xC7,0x8F,0x89,0xE2,0xAA,0x54,0x27,0xC9,0x4A,0x3C,0xF6,0xEB,
    0x7B,0x2F,0x96,0x8E,0xFF,0x00,0x87,0x95,0xCA,0x5A,0xCF,0x86,0xAE,0x74,0x79,0x17,
    0xCD,0xDB,0x24,0x0E,0x48,0x49,0x53,0xA7,0xD0,0xFA,0x1C,0x73,0x8F,0xD4,0xE2,0xA3,
    0xDA,0x5C,0xF7,0xB2,0x8C,0xF2,0x8E,0x62,0x9A,0x86,0x92,0x5B,0xA7,0xF9,0xAE,0xEA,
    0xFA,0x7E,0x69,0x5D,0x14,0xE3,0xB6,0xF6,0xA8,0x73,0x3E,0x8E,0x9D,0x42,0xCC,0x76,
    0xDE,0xD5,0x93,0x99,0xDD,0x4E,0xA1,0xC1,0x47,0x6D,0xED,0x5E,0xEB,0x99,0xFC,0xE9,
    0x4E,0xA1,0x6A,0x3B,0x6F,0x6A,0xCD,0xCC,0xEE,0xA7,0x50,0xB3,0x1D,0xB7,0xB5,0x64,
    0xE6,0x77,0x53,0xA8,0x5A,0x8E,0xDB,0xDA,0xB3,0x73,0x3B,0x69,0xD4,0x2C,0xC7,0x6D,
    0xED,0x59,0x39,0x9D,0xD4,0xEA,0x1B,0xDE,0x13,0xB6,0x88,0xEB,0xF6,0x5E,0x78,0x1B,
    0x03,0xEE,0x19,0x38,0xF9,0x80,0x25,0x7F,0x5C,0x56,0x52,0x9D,0xC9,0xCC,0x2A,0xCD,
    0x61,0x27,0xC9,0xBD,0xBF,0x0E,0xBF,0x85,0xCF,0x55,0xAC,0xCF,0x89,0x28,0xEB,0x91,
    0xC7,0x2E,0x91,0x76,0xB3,0x63,0x6F,0x96,0x48,0xC9,0xC7,0xCC,0x39,0x5F,0xD7,0x14,
    0x9B,0xB2,0x3D,0x1C,0x9E,0x75,0x21,0x8E,0xA4,0xE9,0xEF,0x75,0xF7,0x75,0xFC,0x2F,
    0xE8,0x70,0x31,0xDB,0x7B,0x57,0x33,0x99,0xFA,0xF5,0x3A,0x85,0x98,0xED,0xBD,0xAB,
    0x37,0x33,0xBA,0x9D,0x43,0x82,0x8E,0xDB,0xDA,0xBD,0xD7,0x33,0xF9,0xD2,0x9D,0x42,
    0xD4,0x76,0xDE,0xD5,0x9B,0x99,0xDB,0x4E,0xA1,0x66,0x3B,0x6F,0x6A,0xC9,0xCC,0xEE,
    0xA7,0x50,0xB5,0x1D,0xB7,0xB5,0x64,0xE6,0x77,0x53,0xA8,0x59,0x8E,0xDB,0xDA,0xB3,
    0x73,0x3B,0xA9,0xD4,0x2D,0xC1,0x0B,0x23,0xAB,0x21,0x2A,0xCA,0x72,0x08,0xE0,0x83,
    0x59,0x3A,0x87,0x64,0x66,0xA4,0xAC,0xF6,0x3B,0x0B,0x0D,0x7F,0xF7,0x21,0x6F,0x22,
    0x73,0x20,0x18,0xDE,0x98,0xF9,0xBD,0xF1,0xC6,0x3F,0xCF,0x4A,0x6A,0xBA,0x5B,0x9E,
    0x4D,0x6C,0x95,0xCA,0x57,0xA1,0x25,0x6E,0xCF,0xA7,0xE7,0x7F,0xEB,0x72,0xB6,0xA7,
    0x7F,0x25,0xF8,0xF2,0xD1,0x4C,0x70,0x03,0xD3,0x3C,0xB7,0xA6,0x7F,0xC2,0xB1,0xA9,
    0x5F,0x9B,0x44,0x7B,0x59,0x4E,0x59,0x4F,0x06,0xFD,0xA4,0x9F,0x34,0xFF,0x00,0x2F,
    0x4F,0xF3,0xED,0xDB,0x52,0xA4,0x76,0xDE,0xD5,0xCC,0xE6,0x7D,0x3D,0x3A,0x85,0x98,
    0xED,0xBD,0xAB,0x37,0x33,0xB6,0x9D,0x43,0x82,0x8E,0xDB,0xDA,0xBD,0xD7,0x33,0xF9,
    0xD2,0x9D,0x42,0xD4,0x76,0xDE,0xD5,0x9B,0x99,0xDD,0x4E,0xA1,0x66,0x3B,0x6F,0x6A,
    0xC9,0xCC,0xEE,0xA7,0x50,0xB5,0x1D,0xB7,0xB5,0x64,0xE6,0x76,0xD3,0xA8,0x59,0x8E,
    0xDB,0xDA,0xB3,0x73,0x3B,0xA9,0xD4,0x2D,0x47,0x6D,0xED,0x59,0x39,0x9D,0xD4,0xEA,
    0x16,0xA3,0xB6,0xF6,0xAC,0x9C,0xCE,0xEA,0x75,0x0B,0x31,0xDB,0x7B,0x56,0x6E,0x67,
    0x6D,0x3A,0x85,0xA8,0xED,0xBD,0xAB,0x27,0x33,0xBA,0x9D,0x42,0xCC,0x76,0xDE,0xD5,
    0x93,0x99,0xDD,0x4E,0xA1,0xC1,0x47,0x6D,0xED,0x5E,0xF3,0x99,0xFC,0xE9,0x4E,0xA1,
    0x6A,0x3B,0x6F,0x6A,0xC9,0xCC,0xEE,0xA7,0x50,0xB3,0x1D,0xB7,0xB5,0x66,0xE6,0x77,
    0x53,0xA8,0x5A,0x8E,0xDB,0xDA,0xB2,0x73,0x3B,0x69,0xD4,0x2D,0x47,0x6D,0xED,0x59,
    0xB9,0x9D,0xD4,0xEA,0x16,0x63,0xB6,0xF6,0xAC,0x9C,0xCE,0xEA,0x75,0x0B,0x51,0xDB,
    0x7B,0x56,0x4E,0x67,0x6D,0x3A,0x85,0x98,0xED,0xBD,0xAB,0x37,0x33,0xBA,0x9D,0x42,
    0xD4,0x76,0xDE,0xD5,0x93,0x99,0xDD,0x4E,0xA1,0x66,0x3B,0x6F,0x6A,0xC9,0xCC,0xEE,
    0xA7,0x50,0xE0,0xA3,0xB6,0xF6,0xAF,0x79,0xCC,0xFE,0x74,0xA7,0x50,0xB5,0x1D,0xB7,
    0xB5,0x64,0xE6,0x77,0x53,0xA8,0x59,0x8E,0xDB,0xDA,0xB3,0x73,0x3B,0x69,0xD4,0x2D,
    0x47,0x6D,0xED,0x59,0x39,0x9D,0xD4,0xEA,0x16,0xA3,0xB6,0xF6,0xAC,0x9C,0xCE,0xEA,
    0x75,0x0B,0x31,0xDB,0x7B,0x56,0x6E,0x67,0x6D,0x3A,0x85,0xA8,0xED,0xBD,0xAB,0x27,
    0x33,0xBA,0x9D,0x42,0xCC,0x76,0xDE,0xD5,0x9B,0x99,0xDD,0x4E,0xA1,0x6A,0x3B,0x6F,
    0x6A,0xC9,0xCC,0xEE,0xA7,0x50,0xB3,0x1D,0xB7,0xB5,0x64,0xE6,0x76,0xD3,0xA8,0x70,
    0x51,0xDB,0x7B,0x57,0xBC,0xE6,0x7F,0x3A,0x53,0xA8,0x5A,0x8E,0xDB,0xDA,0xB2,0x73,
    0x3B,0xA9,0xD4,0x2C,0xC7,0x6D,0xED,0x59,0xB9,0x9D,0xD4,0xEA,0x16,0xA3,0xB6,0xF6,
    0xAC,0x9C,0xCE,0xEA,0x75,0x0B,0x51,0xDB,0x7B,0x56,0x4E,0x67,0x6D,0x3A,0x85,0x98,
    0xED,0xBD,0xAB,0x37,0x33,0xBA,0x9D,0x42,0xD4,0x76,0xDE,0xD5,0x93,0x99,0xDD,0x4E,
    0xA1,0x66,0x3B,0x6F,0x6A,0xC9,0xCC,0xED,0xA7,0x50,0xB5,0x1D,0xB7,0xB5,0x66,0xE6,
    0x77,0x53,0xA8,0x59,0x8E,0xDB,0xDA,0xB2,0x73,0x3B,0xA9,0xD4,0x3C,0xFA,0x34,0x5F,
    0x4A,0xFA,0x06,0xD9,0xFC,0xED,0x4E,0x4C,0xB5,0x1A,0x2F,0xA5,0x64,0xDB,0x3B,0xA9,
    0xC9,0x96,0xA3,0x45,0xF4,0xAC,0x9B,0x67,0x75,0x39,0x32,0xCC,0x68,0xBE,0x95,0x9B,
    0x6C,0xEE,0xA7,0x26,0x5A,0x8D,0x17,0xD2,0xB2,0x6D,0x9D,0xB4,0xE4,0xCB,0x31,0xA2,
    0xFA,0x56,0x6D,0xB3,0xBA,0x9C,0x99,0x6A,0x34,0x5F,0x4A,0xC9,0xB6,0x77,0x53,0x93,
    0x2C,0xC6,0x8B,0xE9,0x59,0x36,0xCE,0xDA,0x72,0x65,0xA8,0xD1,0x7D,0x2B,0x26,0xD9,
    0xDD,0x4E,0x4C,0xB5,0x1A,0x2F,0xA5,0x66,0xDB,0x3B,0xA9,0xC9,0x9F,0xFF,0xD9,0x00,
    0x30,0x31,0x77,0x62,0xD0,0x07,0x00,0x00,0x00,0x00,0x6B,0x11,0x42,0x1E,0x26,0x23,
    0xCE,0x1E,0x5E,0x12,0x1A,0x01,0x8D,0xEF,0x52,0xE2,0xE2,0xDC,0xAD,0xE0,0xB3,0xEC,
    0xCB,0xFD,0x77,0x0F,0x13,0x1D,0x0C,0x23,0xCF,0x1F,0x37,0x14,0x4E,0x03,0x89,0xF1,
    0x8F,0xE3,0x0F,0xDD,0xBD,0xDF,0xE5,0xEA,0x99,0xFB,0x74,0x0D,0xC7,0x1B,0xCE,0x22,
    0xAF,0x20,0xFB,0x15,0x7F,0x05,0x93,0xF3,0xEA,0xE4,0x5F,0xDD,0xED,0xDE,0x2B,0xE9,
    0x6A,0xF9,0x63,0x0B,0x5E,0x1A,0x6D,0x22,0x6F,0x21,0xA9,0x17,0xAB,0x07,0xAA,0xF5,
    0x60,0xE6,0xD1,0xDD,0x3E,0xDE,0x89,0xE7,0x42,0xF7,0x46,0x09,0xDB,0x18,0xE9,0x21,
    0x0D,0x22,0x3F,0x19,0xCE,0x09,0xCB,0xF7,0xF0,0xE7,0x66,0xDE,0xB1,0xDD,0x00,0xE6,
    0x23,0xF5,0x21,0x07,0x3F,0x17,0x42,0x21,0x88,0x22,0xBB,0x1A,0xE8,0x0B,0xF5,0xF9,
    0x98,0xE9,0x1E,0xDF,0x47,0xDD,0x91,0xE4,0x0F,0xF3,0xF4,0x04,0x8C,0x15,0x7A,0x20,
    0xE1,0x22,0x1D,0x1C,0xF6,0x0D,0x25,0xFC,0x56,0xEB,0xF6,0xDF,0x00,0xDD,0x3D,0xE3,
    0x08,0xF1,0xC2,0x02,0xC2,0x13,0x92,0x1F,0x16,0x23,0x62,0x1D,0xF5,0x0F,0x59,0xFE,
    0x2A,0xED,0xEF,0xE0,0xDD,0xDC,0x07,0xE2,0x11,0xEF,0x8D,0x00,0xE5,0x11,0x89,0x1E,
    0x28,0x23,0x89,0x1E,0xE5,0x11,0x8D,0x00,0x11,0xEF,0x07,0xE2,0xDD,0xDC,0xEF,0xE0,
    0x2A,0xED,0x59,0xFE,0xF5,0x0F,0x62,0x1D,0x16,0x23,0x92,0x1F,0xC2,0x13,0xC2,0x02,
    0x08,0xF1,0x3D,0xE3,0x00,0xDD,0xF6,0xDF,0x56,0xEB,0x25,0xFC,0xF6,0x0D,0x1D,0x1C,
    0xE1,0x22,0x7A,0x20,0x8C,0x15,0xF4,0x04,0x0F,0xF3,0x91,0xE4,0x47,0xDD,0x1E,0xDF,
    0x98,0xE9,0xF5,0xF9,0xE8,0x0B,0xBB,0x1A,0x88,0x22,0x42,0x21,0x3F,0x17,0x21,0x07,
    0x23,0xF5,0x00,0xE6,0xB1,0xDD,0x66,0xDE,0xF0,0xE7,0xCB,0xF7,0xCE,0x09,0x3F,0x19,
    0x0D,0x22,0xE9,0x21,0xDB,0x18,0x46,0x09,0x42,0xF7,0x89,0xE7,0x3E,0xDE,0xD1,0xDD,
    0x60,0xE6,0xAA,0xF5,0xAB,0x07,0xA9,0x17,0x6F,0x21,0x6D,0x22,0x5E,0x1A,0x63,0x0B,
    0x6A,0xF9,0x2B,0xE9,0xED,0xDE,0x5F,0xDD,0xEA,0xE4,0x93,0xF3,0x7F,0x05,0xFB,0x15,
    0xAF,0x20,0xCE,0x22,0xC7,0x1B,0x74,0x0D,0x99,0xFB,0xE5,0xEA,0xBD,0xDF,0x0F,0xDD,
    0x8F,0xE3,0x89,0xF1,0x4E,0x03,0x37,0x14,0xCF,0x1F,0x0C,0x23,0x13,0x1D,0x77,0x0F,
    0xCB,0xFD,0xB3,0xEC,0xAD,0xE0,0xE2,0xDC,0x52,0xE2,0x8D,0xEF,0x1A,0x01,0x5E,0x12,
    0xCE,0x1E,0x26,0x23,0x42,0x1E,0x6B,0x11,0x00,0x00,0x95,0xEE,0xBE,0xE1,0xDA,0xDC,
    0x32,0xE1,0xA2,0xED,0xE6,0xFE,0x73,0x10,0xAE,0x1D,0x1E,0x23,0x53,0x1F,0x4D,0x13,
    0x35,0x02,0x89,0xF0,0xED,0xE2,0xF4,0xDC,0x31,0xE0,0xC9,0xEB,0xB2,0xFC,0x77,0x0E,
    0x71,0x1C,0xF1,0x22,0x43,0x20,0x1B,0x15,0x67,0x04,0x8C,0xF2,0x39,0xE4,0x32,0xDD,
    0x51,0xDF,0x05,0xEA,0x81,0xFA,0x6D,0x0C,0x16,0x1B,0xA1,0x22,0x13,0x21,0xD5,0x16,
    0x96,0x06,0x9D,0xF4,0xA2,0xE5,0x93,0xDD,0x91,0xDE,0x57,0xE8,0x55,0xF8,0x56,0x0A,
    0xA0,0x19,0x2F,0x22,0xC2,0x21,0x77,0x18,0xBE,0x08,0xBA,0xF6,0x25,0xE7,0x17,0xDE,
    0xF3,0xDD,0xC1,0xE6,0x32,0xF6,0x35,0x08,0x10,0x18,0x9A,0x21,0x4F,0x22,0x00,0x1A,
    0xDD,0x0A,0xDF,0xF8,0xC1,0xE8,0xBE,0xDE,0x78,0xDD,0x45,0xE5,0x18,0xF4,0x0B,0x06,
    0x68,0x16,0xE2,0x20,0xB9,0x22,0x6F,0x1B,0xF1,0x0C,0x0C,0xFB,0x74,0xEA,0x86,0xDF,
    0x1F,0xDD,0xE3,0xE3,0x0A,0xF2,0xDB,0x03,0xAA,0x14,0x0A,0x20,0x00,0x23,0xC3,0x1C,
    0xF8,0x0E,0x3E,0xFD,0x3E,0xEC,0x6E,0xE0,0xEA,0xDC,0x9E,0xE2,0x0B,0xF0,0xA7,0x01,
    0xD6,0x12,0x11,0x1F,0x23,0x23,0xF9,0x1D,0xEF,0x10,0x73,0xFF,0x1B,0xEE,0x77,0xE1,
    0xD8,0xDC,0x77,0xE1,0x1B,0xEE,0x73,0xFF,0xEF,0x10,0xF9,0x1D,0x23,0x23,0x11,0x1F,
    0xD6,0x12,0xA7,0x01,0x0B,0xF0,0x9E,0xE2,0xEA,0xDC,0x6E,0xE0,0x3E,0xEC,0x3E,0xFD,
    0xF8,0x0E,0xC3,0x1C,0x00,0x23,0x0A,0x20,0xAA,0x14,0xDB,0x03,0x0A,0xF2,0xE3,0xE3,
    0x1F,0xDD,0x86,0xDF,0x74,0xEA,0x0C,0xFB,0xF1,0x0C,0x6F,0x1B,0xB9,0x22,0xE2,0x20,
    0x68,0x16,0x0B,0x06,0x18,0xF4,0x45,0xE5,0x78,0xDD,0xBE,0xDE,0xC1,0xE8,0xDF,0xF8,
    0xDD,0x0A,0x00,0x1A,0x4F,0x22,0x9A,0x21,0x10,0x18,0x35,0x08,0x32,0xF6,0xC1,0xE6,
    0xF3,0xDD,0x17,0xDE,0x25,0xE7,0xBA,0xF6,0xBE,0x08,0x77,0x18,0xC2,0x21,0x2F,0x22,
    0xA0,0x19,0x56,0x0A,0x55,0xF8,0x57,0xE8,0x91,0xDE,0x93,0xDD,0xA2,0xE5,0x9D,0xF4,
    0x96,0x06,0xD5,0x16,0x13,0x21,0xA1,0x22,0x16,0x1B,0x6D,0x0C,0x81,0xFA,0x05,0xEA,
    0x51,0xDF,0x32,0xDD,0x39,0xE4,0x8C,0xF2,0x67,0x04,0x1B,0x15,0x43,0x20,0xF1,0x22,
    0x71,0x1C,0x77,0x0E,0xB2,0xFC,0xC9,0xEB,0x31,0xE0,0xF4,0xDC,0xED,0xE2,0x89,0xF0,
    0x35,0x02,0x4D,0x13,0x53,0x1F,0x1E,0x23,0xAE,0x1D,0x73,0x10,0xE6,0xFE,0xA2,0xED,
    0x32,0xE1,0xDA,0xDC,0xBE,0xE1,0x95,0xEE,0x00,0x00,0x6B,0x11,0x42,0x1E,0x26,0x23,
    0xCE,0x1E,0x5E,0x12,0x1A,0x01,0x8D,0xEF,0x52,0xE2,0xE2,0xDC,0xAD,0xE0,0xB3,0xEC,
    0xCB,0xFD,0x77,0x0F,0x13,0x1D,0x0C,0x23,0xCF,0x1F,0x37,0x14,0x4E,0x03,0x89,0xF1,
    0x8F,0xE3,0x0F,0xDD,0xBD,0xDF,0xE5,0xEA,0x99,0xFB,0x74,0x0D,0xC7,0x1B,0xCE,0x22,
    0xAF,0x20,0xFB,0x15,0x7F,0x05,0x93,0xF3,0xEA,0xE4,0x5F,0xDD,0xED,0xDE,0x2B,0xE9,
    0x6A,0xF9,0x63,0x0B,0x5E,0x1A,0x6D,0x22,0x6F,0x21,0xA9,0x17,0xAB,0x07,0xAA,0xF5,
    0x60,0xE6,0xD1,0xDD,0x3E,0xDE,0x89,0xE7,0x42,0xF7,0x46,0x09,0xDB,0x18,0xE9,0x21,
    0x0D,0x22,0x3F,0x19,0xCE,0x09,0xCB,0xF7,0xF0,0xE7,0x66,0xDE,0xB1,0xDD,0x00,0xE6,
    0x23,0xF5,0x21,0x07,0x3F,0x17,0x42,0x21,0x88,0x22,0xBB,0x1A,0xE8,0x0B,0xF5,0xF9,
    0x98,0xE9,0x1E,0xDF,0x47,0xDD,0x91,0xE4,0x0F,0xF3,0xF4,0x04,0x8C,0x15,0x7A,0x20,
    0xE1,0x22,0x1D,0x1C,0xF6,0x0D,0x25,0xFC,0x56,0xEB,0xF6,0xDF,0x00,0xDD,0x3D,0xE3,
    0x08,0xF1,0xC2,0x02,0xC2,0x13,0x92,0x1F,0x16,0x23,0x62,0x1D,0xF5,0x0F,0x59,0xFE,
    0x2A,0xED,0xEF,0xE0,0xDD,0xDC,0x07,0xE2,0x11,0xEF,0x8D,0x00,0xE5,0x11,0x89,0x1E,
    0x28,0x23,0x89,0x1E,0xE5,0x11,0x8D,0x00,0x11,0xEF,0x07,0xE2,0xDD,0xDC,0xEF,0xE0,
    0x2A,0xED,0x59,0xFE,0xF5,0x0F,0x62,0x1D,0x16,0x23,0x92,0x1F,0xC2,0x13,0xC2,0x02,
    0x08,0xF1,0x3D,0xE3,0x00,0xDD,0xF6,0xDF,0x56,0xEB,0x25,0xFC,0xF6,0x0D,0x1D,0x1C,
    0xE1,0x22,0x7A,0x20,0x8C,0x15,0xF4,0x04,0x0F,0xF3,0x91,0xE4,0x47,0xDD,0x1E,0xDF,
    0x98,0xE9,0xF5,0xF9,0xE8,0x0B,0xBB,0x1A,0x88,0x22,0x42,0x21,0x3F,0x17,0x21,0x07,
    0x23,0xF5,0x00,0xE6,0xB1,0xDD,0x66,0xDE,0xF0,0xE7,0xCB,0xF7,0xCE,0x09,0x3F,0x19,
    0x0D,0x22,0xE9,0x21,0xDB,0x18,0x46,0x09,0x42,0xF7,0x89,0xE7,0x3E,0xDE,0xD1,0xDD,
    0x60,0xE6,0xAA,0xF5,0xAB,0x07,0xA9,0x17,0x6F,0x21,0x6D,0x22,0x5E,0x1A,0x63,0x0B,
    0x6A,0xF9,0x2B,0xE9,0xED,0xDE,0x5F,0xDD,0xEA,0xE4,0x93,0xF3,0x7F,0x05,0xFB,0x15,
    0xAF,0x20,0xCE,0x22,0xC7,0x1B,0x74,0x0D,0x99,0xFB,0xE5,0xEA,0xBD,0xDF,0x0F,0xDD,
    0x8F,0xE3,0x89,0xF1,0x4E,0x03,0x37,0x14,0xCF,0x1F,0x0C,0x23,0x13,0x1D,0x77,0x0F,
    0xCB,0xFD,0xB3,0xEC,0xAD,0xE0,0xE2,0xDC,0x52,0xE2,0x8D,0xEF,0x1A,0x01,0x5E,0x12,
    0xCE,0x1E,0x26,0x23,0x42,0x1E,0x6B,0x11,0x00,0x00,0x95,0xEE,0xBE,0xE1,0xDA,0xDC,
    0x32,0xE1,0xA2,0xED,0xE6,0xFE,0x73,0x10,0xAE,0x1D,0x1E,0x23,0x53,0x1F,0x4D,0x13,
    0x35,0x02,0x89,0xF0,0xED,0xE2,0xF4,0xDC,0x31,0xE0,0xC9,0xEB,0xB2,0xFC,0x77,0x0E,
    0x71,0x1C,0xF1,0x22,0x43,0x20,0x1B,0x15,0x67,0x04,0x8C,0xF2,0x39,0xE4,0x32,0xDD,
    0x51,0xDF,0x05,0xEA,0x81,0xFA,0x6D,0x0C,0x16,0x1B,0xA1,0x22,0x13,0x21,0xD5,0x16,
    0x96,0x06,0x9D,0xF4,0xA2,0xE5,0x93,0xDD,0x91,0xDE,0x57,0xE8,0x55,0xF8,0x56,0x0A,
    0xA0,0x19,0x2F,0x22,0xC2,0x21,0x77,0x18,0xBE,0x08,0xBA,0xF6,0x25,0xE7,0x17,0xDE,
    0xF3,0xDD,0xC1,0xE6,0x32,0xF6,0x35,0x08,0x10,0x18,0x9A,0x21,0x4F,0x22,0x00,0x1A,
    0xDD,0x0A,0xDF,0xF8,0xC1,0xE8,0xBE,0xDE,0x78,0xDD,0x45,0xE5,0x18,0xF4,0x0B,0x06,
    0x68,0x16,0xE2,0x20,0xB9,0x22,0x6F,0x1B,0xF1,0x0C,0x0C,0xFB,0x74,0xEA,0x86,0xDF,
    0x1F,0xDD,0xE3,0xE3,0x0A,0xF2,0xDB,0x03,0xAA,0x14,0x0A,0x20,0x00,0x23,0xC3,0x1C,
    0xF8,0x0E,0x3E,0xFD,0x3E,0xEC,0x6E,0xE0,0xEA,0xDC,0x9E,0xE2,0x0B,0xF0,0xA7,0x01,
    0xD6,0x12,0x11,0x1F,0x23,0x23,0xF9,0x1D,0xEF,0x10,0x73,0xFF,0x1B,0xEE,0x77,0xE1,
    0xD8,0xDC,0x77,0xE1,0x1B,0xEE,0x73,0xFF,0xEF,0x10,0xF9,0x1D,0x23,0x23,0x11,0x1F,
    0xD6,0x12,0xA7,0x01,0x0B,0xF0,0x9E,0xE2,0xEA,0xDC,0x6E,0xE0,0x3E,0xEC,0x3E,0xFD,
    0xF8,0x0E,0xC3,0x1C,0x00,0x23,0x0A,0x20,0xAA,0x14,0xDB,0x03,0x0A,0xF2,0xE3,0xE3,
    0x1F,0xDD,0x86,0xDF,0x74,0xEA,0x0C,0xFB,0xF1,0x0C,0x6F,0x1B,0xB9,0x22,0xE2,0x20,
    0x68,0x16,0x0B,0x06,0x18,0xF4,0x45,0xE5,0x78,0xDD,0xBE,0xDE,0xC1,0xE8,0xDF,0xF8,
    0xDD,0x0A,0x00,0x1A,0x4F,0x22,0x9A,0x21,0x10,0x18,0x35,0x08,0x32,0xF6,0xC1,0xE6,
    0xF3,0xDD,0x17,0xDE,0x25,0xE7,0xBA,0xF6,0xBE,0x08,0x77,0x18,0xC2,0x21,0x2F,0x22,
    0xA0,0x19,0x56,0x0A,0x55,0xF8,0x57,0xE8,0x91,0xDE,0x93,0xDD,0xA2,0xE5,0x9D,0xF4,
    0x96,0x06,0xD5,0x16,0x13,0x21,0xA1,0x22,0x16,0x1B,0x6D,0x0C,0x81,0xFA,0x05,0xEA,
    0x51,0xDF,0x32,0xDD,0x39,0xE4,0x8C,0xF2,0x67,0x04,0x1B,0x15,0x43,0x20,0xF1,0x22,
    0x71,0x1C,0x77,0x0E,0xB2,0xFC,0xC9,0xEB,0x31,0xE0,0xF4,0xDC,0xED,0xE2,0x89,0xF0,
    0x35,0x02,0x4D,0x13,0x53,0x1F,0x1E,0x23,0xAE,0x1D,0x73,0x10,0xE6,0xFE,0xA2,0xED,
    0x32,0xE1,0xDA,0xDC,0xBE,0xE1,0x95,0xEE,0x00,0x00,0x6B,0x11,0x42,0x1E,0x26,0x23,
    0xCE,0x1E,0x5E,0x12,0x1A,0x01,0x8D,0xEF,0x52,0xE2,0xE2,0xDC,0xAD,0xE0,0xB3,0xEC,
    0xCB,0xFD,0x77,0x0F,0x13,0x1D,0x0C,0x23,0xCF,0x1F,0x37,0x14,0x4E,0x03,0x89,0xF1,
    0x8F,0xE3,0x0F,0xDD,0xBD,0xDF,0xE5,0xEA,0x99,0xFB,0x74,0x0D,0xC7,0x1B,0xCE,0x22,
    0xAF,0x20,0xFB,0x15,0x7F,0x05,0x93,0xF3,0xEA,0xE4,0x5F,0xDD,0xED,0xDE,0x2B,0xE9,
    0x6A,0xF9,0x63,0x0B,0x5E,0x1A,0x6D,0x22,0x6F,0x21,0xA9,0x17,0xAB,0x07,0xAA,0xF5,
    0x60,0xE6,0xD1,0xDD,0x3E,0xDE,0x89,0xE7,0x42,0xF7,0x46,0x09,0xDB,0x18,0xE9,0x21,
    0x0D,0x22,0x3F,0x19,0xCE,0x09,0xCB,0xF7,0xF0,0xE7,0x66,0xDE,0xB1,0xDD,0x00,0xE6,
    0x23,0xF5,0x21,0x07,0x3F,0x17,0x42,0x21,0x88,0x22,0xBB,0x1A,0xE8,0x0B,0xF5,0xF9,
    0x98,0xE9,0x1E,0xDF,0x47,0xDD,0x91,0xE4,0x0F,0xF3,0xF4,0x04,0x8C,0x15,0x7A,0x20,
    0xE1,0x22,0x1D,0x1C,0xF6,0x0D,0x25,0xFC,0x56,0xEB,0xF6,0xDF,0x00,0xDD,0x3D,0xE3,
    0x08,0xF1,0xC2,0x02,0xC2,0x13,0x92,0x1F,0x16,0x23,0x62,0x1D,0xF5,0x0F,0x59,0xFE,
    0x2A,0xED,0xEF,0xE0,0xDD,0xDC,0x07,0xE2,0x11,0xEF,0x8D,0x00,0xE5,0x11,0x89,0x1E,
    0x28,0x23,0x89,0x1E,0xE5,0x11,0x8D,0x00,0x11,0xEF,0x07,0xE2,0xDD,0xDC,0xEF,0xE0,
    0x2A,0xED,0x59,0xFE,0xF5,0x0F,0x62,0x1D,0x16,0x23,0x92,0x1F,0xC2,0x13,0xC2,0x02,
    0x08,0xF1,0x3D,0xE3,0x00,0xDD,0xF6,0xDF,0x56,0xEB,0x25,0xFC,0xF6,0x0D,0x1D,0x1C,
    0xE1,0x22,0x7A,0x20,0x8C,0x15,0xF4,0x04,0x0F,0xF3,0x91,0xE4,0x47,0xDD,0x1E,0xDF,
    0x98,0xE9,0xF5,0xF9,0xE8,0x0B,0xBB,0x1A,0x88,0x22,0x42,0x21,0x3F,0x17,0x21,0x07,
    0x23,0xF5,0x00,0xE6,0xB1,0xDD,0x66,0xDE,0xF0,0xE7,0xCB,0xF7,0xCE,0x09,0x3F,0x19,
    0x0D,0x22,0xE9,0x21,0xDB,0x18,0x46,0x09,0x42,0xF7,0x89,0xE7,0x3E,0xDE,0xD1,0xDD,
    0x60,0xE6,0xAA,0xF5,0xAB,0x07,0xA9,0x17,0x6F,0x21,0x6D,0x22,0x5E,0x1A,0x63,0x0B,
    0x6A,0xF9,0x2B,0xE9,0xED,0xDE,0x5F,0xDD,0xEA,0xE4,0x93,0xF3,0x7F,0x05,0xFB,0x15,
    0xAF,0x20,0xCE,0x22,0xC7,0x1B,0x74,0x0D,0x99,0xFB,0xE5,0xEA,0xBD,0xDF,0x0F,0xDD,
    0x8F,0xE3,0x89,0xF1,0x4E,0x03,0x37,0x14,0xCF,0x1F,0x0C,0x23,0x13,0x1D,0x77,0x0F,
    0xCB,0xFD,0xB3,0xEC,0xAD,0xE0,0xE2,0xDC,0x52,0xE2,0x8D,0xEF,0x1A,0x01,0x5E,0x12,
    0xCE,0x1E,0x26,0x23,0x42,0x1E,0x6B,0x11,0x30,0x30,0x64,0x63,0x3E,0x06,0x00,0x00,
    0xFF,0xD8,0xFF,0xE0,0x00,0x10,0x4A,0x46,0x49,0x46,0x00,0x01,0x01,0x00,0x00,0x01,
    0x00,0x01,0x00,0x00,0xFF,0xDB,0x00,0x43,0x00,0x06,0x04,0x05,0x06,0x05,0x04,0x06,
    0x06,0x05,0x06,0x07,0x07,0x06,0x08,0x0A,0x10,0x0A,0x0A,0x09,0x09,0x0A,0x14,0x0E,
    0x0F,0x0C,0x10,0x17,0x14,0x18,0x18,0x17,0x14,0x16,0x16,0x1A,0x1D,0x25,0x1F,0x1A,
    0x1B,0x23,0x1C,0x16,0x16,0x20,0x2C,0x20,0x23,0x26,0x27,0x29,0x2A,0x29,0x19,0x1F,
    0x2D,0x30,0x2D,0x28,0x30,0x25,0x28,0x29,0x28,0xFF,0xDB,0x00,0x43,0x01,0x07,0x07,
    0x07,0x0A,0x08,0x0A,0x13,0x0A,0x0A,0x13,0x28,0x1A,0x16,0x1A,0x28,0x28,0x28,0x28,
    0x28,0x28,0x28,0x28,0x28,0x28,0x28,0x28,0x28,0x28,0x28,0x28,0x28,0x28,0x28,0x28,
    0x28,0x28,0x28,0x28,0x28,0x28,0x28,0x28,0x28,0x28,0x28,0x28,0x28,0x28,0x28,0x28,
    0x28,0x28,0x28,0x28,0x28,0x28,0x28,0x28,0x28,0x28,0x28,0x28,0x28,0x28,0xFF,0xC0,
    0x00,0x11,0x08,0x00,0x3C,0x00,0x50,0x03,0x01,0x11,0x00,0x02,0x11,0x01,0x03,0x11,
    0x01,0xFF,0xC4,0x00,0x1F,0x00,0x00,0x01,0x05,0x01,0x01,0x01,0x01,0x01,0x01,0x00,
    0x00,0x00,0x00,0x00,0x00,0x00,0x00,0x01,0x02,0x03,0x04,0x05,0x06,0x07,0x08,0x09,
    0x0A,0x0B,0xFF,0xC4,0x00,0xB5,0x10,0x00,0x02,0x01,0x03,0x03,0x02,0x04,0x03,0x05,
    0x05,0x04,0x04,0x00,0x00,0x01,0x7D,0x01,0x02,0x03,0x00,0x04,0x11,0x05,0x12,0x21,
    0x31,0x41,0x06,0x13,0x51,0x61,0x07,0x22,0x71,0x14,0x32,0x81,0x91,0xA1,0x08,0x23,
    0x42,0xB1,0xC1,0x15,0x52,0xD1,0xF0,0x24,0x33,0x62,0x72,0x82,0x09,0x0A,0x16,0x17,
    0x18,0x19,0x1A,0x25,0x26,0x27,0x28,0x29,0x2A,0x34,0x35,0x36,0x37,0x38,0x39,0x3A,
    0x43,0x44,0x45,0x46,0x47,0x48,0x49,0x4A,0x53,0x54,0x55,0x56,0x57,0x58,0x59,0x5A,
    0x63,0x64,0x65,0x66,0x67,0x68,0x69,0x6A,0x73,0x74,0x75,0x76,0x77,0x78,0x79,0x7A,
    0x83,0x84,0x85,0x86,0x87,0x88,0x89,0x8A,0x92,0x93,0x94,0x95,0x96,0x97,0x98,0x99,
    0x9A,0xA2,0xA3,0xA4,0xA5,0xA6,0xA7,0xA8,0xA9,0xAA,0xB2,0xB3,0xB4,0xB5,0xB6,0xB7,
    0xB8,0xB9,0xBA,0xC2,0xC3,0xC4,0xC5,0xC6,0xC7,0xC8,0xC9,0xCA,0xD2,0xD3,0xD4,0xD5,
    0xD6,0xD7,0xD8,0xD9,0xDA,0xE1,0xE2,0xE3,0xE4,0xE5,0xE6,0xE7,0xE8,0xE9,0xEA,0xF1,
    0xF2,0xF3,0xF4,0xF5,0xF6,0xF7,0xF8,0xF9,0xFA,0xFF,0xC4,0x00,0x1F,0x01,0x00,0x03,
    0x01,0x01,0x01,0x01,0x01,0x01,0x01,0x01,0x01,0x00,0x00,0x00,0x00,0x00,0x00,0x01,
    0x02,0x03,0x04,0x05,0x06,0x07,0x08,0x09,0x0A,0x0B,0xFF,0xC4,0x00,0xB5,0x11,0x00,
    0x02,0x01,0x02,0x04,0x04,0x03,0x04,0x07,0x05,0x04,0x04,0x00,0x01,0x02,0x77,0x00,
    0x01,0x02,0x03,0x11,0x04,0x05,0x21,0x31,0x06,0x12,0x41,0x51,0x07,0x61,0x71,0x13,
    0x22,0x32,0x81,0x08,0x14,0x42,0x91,0xA1,0xB1,0xC1,0x09,0x23,0x33,0x52,0xF0,0x15,
    0x62,0x72,0xD1,0x0A,0x16,0x24,0x34,0xE1,0x25,0xF1,0x17,0x18,0x19,0x1A,0x26,0x27,
    0x28,0x29,0x2A,0x35,0x36,0x37,0x38,0x39,0x3A,0x43,0x44,0x45,0x46,0x47,0x48,0x49,
    0x4A,0x53,0x54,0x55,0x56,0x57,0x58,0x59,0x5A,0x63,0x64,0x65,0x66,0x67,0x68,0x69,
    0x6A,0x73,0x74,0x75,0x76,0x77,0x78,0x79,0x7A,0x82,0x83,0x84,0x85,0x86,0x87,0x88,
    0x89,0x8A,0x92,0x93,0x94,0x95,0x96,0x97,0x98,0x99,0x9A,0xA2,0xA3,0xA4,0xA5,0xA6,
    0xA7,0xA8,0xA9,0xAA,0xB2,0xB3,0xB4,0xB5,0xB6,0xB7,0xB8,0xB9,0xBA,0xC2,0xC3,0xC4,
    0xC5,0xC6,0xC7,0xC8,0xC9,0xCA,0xD2,0xD3,0xD4,0xD5,0xD6,0xD7,0xD8,0xD9,0xDA,0xE2,
    0xE3,0xE4,0xE5,0xE6,0xE7,0xE8,0xE9,0xEA,0xF2,0xF3,0xF4,0xF5,0xF6,0xF7,0xF8,0xF9,
    0xFA,0xFF,0xDA,0x00,0x0C,0x03,0x01,0x00,0x02,0x11,0x03,0x11,0x00,0x3F,0x00,0xF9,
    0xCA,0x3B,0x6F,0x6A,0xFB,0x07,0x33,0x96,0x9D,0x42,0xD4,0x76,0xDE,0xD5,0x93,0x99,
    0xDD,0x4E,0xA1,0x66,0x3B,0x6F,0x6A,0xC9,0xCC,0xEE,0xA7,0x50,0xB5,0x1D,0xB7,0xB5,
    0x66,0xE6,0x77,0x53,0xA8,0x59,0x8E,0xDB,0xDA,0xB2,0x73,0x3B,0x69,0xD4,0x2D,0x47,
    0x6D,0xED,0x59,0x39,0x9D,0xD4,0xEA,0x1A,0x9A,0x46,0x8F,0x71,0xA9,0x5E,0x25,0xB5,
    0xAA,0x6E,0x76,0xE4,0x93,0xD1,0x47,0x72,0x4F,0x61,0x59,0xCA,0xA1,0x78,0x9C,0xC6,
    0x96,0x0A,0x8B,0xAD,0x59,0xD9,0x2F,0xBD,0xBE,0xCB,0xCF,0xFA,0x7A,0x1D,0x81,0xF8,
    0x7D,0x2A,0xDB,0x86,0x4B,0xE8,0x9A,0x7C,0x0C,0xA1,0x8C,0x85,0xCF,0x7F,0x9B,0x39,
    0xF5,0xED,0xF9,0x56,0x4E,0x6D,0x9E,0x0D,0x2E,0x39,0xA4,0xAA,0x5A,0x54,0x5F,0x27,
    0x7B,0xAB,0xF9,0x69,0x64,0xBF,0x1D,0x3C,0xCE,0x72,0x5D,0x3E,0x5B,0x59,0xDE,0x1B,
    0x88,0xCA,0x4A,0x87,0x0C,0xA7,0xB5,0x67,0x29,0x9F,0x7D,0x83,0xC6,0x53,0xC4,0xD3,
    0x8D,0x6A,0x32,0xBC,0x5E,0xCF,0xFA,0xFE,0x91,0x2C,0x76,0xDE,0xD5,0x93,0x99,0xEA,
    0x53,0xA8,0x70,0x51,0xDB,0x7B,0x57,0xBA,0xE6,0x7F,0x3A,0x53,0xA8,0x5A,0x8E,0xDB,
    0xDA,0xB3,0x73,0x3B,0xA9,0xD4,0x2C,0xC7,0x6D,0xED,0x59,0x39,0x9D,0xD4,0xEA,0x16,
    0xA3,0xB6,0xF6,0xAC,0xDC,0xCE,0xDA,0x75,0x0B,0x31,0xDB,0x7B,0x56,0x4E,0x67,0x75,
    0x3A,0x85,0xA8,0xED,0xBD,0xAB,0x27,0x33,0xBA,0x9D,0x43,0xD0,0xBE,0x1E,0x43,0x14,
    0x7A,0x7D,0xD3,0x2E,0x3C,0xF6,0x94,0x06,0xE7,0x9D,0xA0,0x7C,0xBC,0x7D,0x4B,0x54,
    0xA9,0x5C,0xF9,0x3E,0x28,0xA9,0x39,0x56,0xA6,0x9F,0xC2,0x96,0x9E,0xB7,0xD7,0xF4,
    0xFE,0x99,0xD5,0xD3,0x3E,0x60,0xE5,0x3C,0x67,0x04,0x6F,0x73,0x6A,0xE3,0x1E,0x6E,
    0xD2,0x1B,0x9E,0x76,0xE7,0x8E,0x3F,0x16,0xAC,0x2B,0x4A,0xD6,0x3F,0x46,0xE0,0x7A,
    0xB5,0x15,0x2A,0xB1,0x7F,0x05,0xD5,0xBD,0x6C,0xEF,0xAF,0xA2,0x5E,0x9F,0x33,0x0E,
    0x3B,0x6F,0x6A,0xE5,0x73,0x3F,0x44,0xA7,0x50,0xE0,0xA3,0xB6,0xF6,0xAF,0x75,0xCC,
    0xFE,0x74,0xA7,0x50,0xB5,0x1D,0xB7,0xB5,0x66,0xE6,0x76,0xD3,0xA8,0x59,0x8E,0xDB,
    0xDA,0xB2,0x73,0x3B,0xA9,0xD4,0x2D,0x47,0x6D,0xED,0x59,0x39,0x9D,0xD4,0xEA,0x16,
    0x63,0xB6,0xF6,0xAC,0xDC,0xCE,0xEA,0x75,0x0B,0x51,0xDB,0x7B,0x56,0x4E,0x67,0x6D,
    0x3A,0x86,0xB6,0x8F,0x71,0x36,0x9D,0x71,0xE6,0x43,0xCA,0xB7,0x0E,0x87,0xA3,0x0F,
    0xF1,0xF7,0xA9,0x55,0xB9,0x5D,0xC3,0x17,0x84,0xA5,0x8E,0xA7,0xC9,0x3D,0xFA,0x3E,
    0xDF,0xD7,0x55,0xFF,0x00,0x00,0xE9,0xBF,0xB7,0xA2,0x31,0x02,0xB0,0x49,0xE6,0x60,
    0x7C,0xA4,0x8C,0x67,0xEB,0xFF,0x00,0xD6,0xAB,0x78,0xB8,0xA5,0xB1,0xE1,0x53,0xE1,
    0x8A,0xD2,0x9D,0x9D,0x44,0xA3,0xDF,0x5B,0xFD,0xDF,0xF0,0x4C,0x6B,0x83,0x2D,0xDC,
    0xE6,0x59,0xCE,0x58,0xFE,0x40,0x7A,0x0A,0xE2,0x9D,0x67,0x27,0x76,0x7D,0xE6,0x5F,
    0x87,0xA5,0x82,0xA4,0xA8,0xD1,0x56,0x4B,0xEF,0x6F,0xBB,0xF3,0xFE,0xB6,0x1F,0x1D,
    0xB7,0xB5,0x62,0xE6,0x7B,0x14,0xEA,0x1C,0x14,0x76,0xDE,0xD5,0xEE,0xB9,0x9F,0xCE,
    0x94,0xEA,0x16,0xA3,0xB6,0xF6,0xAC,0xDC,0xCE,0xEA,0x75,0x0B,0x31,0xDB,0x7B,0x56,
    0x4E,0x67,0x75,0x3A,0x85,0xA8,0xED,0xBD,0xAB,0x27,0x33,0xB6,0x9D,0x42,0xCC,0x76,
    0xDE,0xD5,0x9B,0x99,0xDD,0x4E,0xA1,0x6A,0x3B,0x6F,0x6A,0xC9,0xCC,0xEE,0xA7,0x50,
    0xB5,0x1D,0xB7,0xB5,0x64,0xE6,0x77,0x53,0xA8,0x59,0x8E,0xDB,0xDA,0xB3,0x73,0x3B,
    0x69,0xD4,0x2D,0x47,0x6D,0xED,0x59,0x39,0x9D,0xD4,0xEA,0x16,0x63,0xB6,0xF6,0xAC,
    0x9C,0xCE,0xEA,0x75,0x0E,0x0A,0x3B,0x6F,0x6A,0xF7,0x9C,0xCF,0xE7,0x4A,0x75,0x0B,
    0x51,0xDB,0x7B,0x56,0x4E,0x67,0x75,0x3A,0x85,0x98,0xED,0xBD,0xAB,0x37,0x33,0xBA,
    0x9D,0x42,0xD4,0x76,0xDE,0xD5,0x93,0x99,0xDB,0x4E,0xA1,0x6A,0x3B,0x6F,0x6A,0xCD,
    0xCC,0xEE,0xA7,0x50,0xB3,0x1D,0xB7,0xB5,0x64,0xE6,0x77,0x53,0xA8,0x5A,0x8E,0xDB,
    0xDA,0xB2,0x73,0x3B,0x69,0xD4,0x2C,0xC7,0x6D,0xED,0x59,0xB9,0x9D,0xD4,0xEA,0x16,
    0xA3,0xB6,0xF6,0xAC,0x9C,0xCE,0xEA,0x75,0x0B,0x31,0xDB,0x7B,0x56,0x4E,0x67,0x75,
    0x3A,0x87,0x05,0x1D,0xB7,0xB5,0x7B,0xCE,0x67,0xF3,0xA5,0x3A,0x85,0xA8,0xED,0xBD,
    0xAB,0x27,0x33,0xBA,0x9D,0x42,0xCC,0x76,0xDE,0xD5,0x9B,0x99,0xDB,0x4E,0xA1,0x6A,
    0x3B,0x6F,0x6A,0xC9,0xCC,0xEE,0xA7,0x50,0xB5,0x1D,0xB7,0xB5,0x64,0xE6,0x77,0x53,
    0xA8,0x59,0x8E,0xDB,0xDA,0xB3,0x73,0x3B,0x69,0xD4,0x2D,0x47,0x6D,0xED,0x59,0x39,
    0x9D,0xD4,0xEA,0x16,0x63,0xB6,0xF6,0xAC,0xDC,0xCE,0xEA,0x75,0x0B,0x51,0xDB,0x7B,
    0x56,0x4E,0x67,0x75,0x3A,0x85,0x98,0xED,0xBD,0xAB,0x27,0x33,0xB6,0x9D,0x43,0x82,
    0x8E,0xDB,0xDA,0xBD,0xE7,0x33,0xF9,0xD2,0x9D,0x42,0xD4,0x76,0xDE,0xD5,0x93,0x99,
    0xDD,0x4E,0xA1,0x66,0x3B,0x6F,0x6A,0xCD,0xCC,0xEE,0xA7,0x50,0xB5,0x1D,0xB7,0xB5,
    0x64,0xE6,0x77,0x53,0xA8,0x5A,0x8E,0xDB,0xDA,0xB2,0x73,0x3B,0x69,0xD4,0x2C,0xC7,
    0x6D,0xED,0x59,0xB9,0x9D,0xD4,0xEA,0x16,0xA3,0xB6,0xF6,0xAC,0x9C,0xCE,0xEA,0x75,
    0x0B,0x31,0xDB,0x7B,0x56,0x4E,0x67,0x6D,0x3A,0x85,0xA8,0xED,0xBD,0xAB,0x37,0x33,
    0xBA,0x9D,0x42,0xCC,0x76,0xDE,0xD5,0x93,0x99,0xDD,0x4E,0xA1,0xE7,0xD1,0xA2,0xFA,
    0x57,0xD0,0x36,0xCF,0xE7,0x6A,0x72,0x65,0xA8,0xD1,0x7D,0x2B,0x26,0xD9,0xDD,0x4E,
    0x4C,0xB5,0x1A,0x2F,0xA5,0x64,0xDB,0x3B,0xA9,0xC9,0x96,0x63,0x45,0xF4,0xAC,0xDB,
    0x67,0x75,0x39,0x32,0xD4,0x68,0xBE,0x95,0x93,0x6C,0xED,0xA7,0x26,0x59,0x8D,0x17,
    0xD2,0xB3,0x6D,0x9D,0xD4,0xE4,0xCB,0x51,0xA2,0xFA,0x56,0x4D,0xB3,0xBA,0x9C,0x99,
    0x66,0x34,0x5F,0x4A,0xC9,0xB6,0x76,0xD3,0x93,0x2D,0x46,0x8B,0xE9,0x59,0x36,0xCE,
    0xEA,0x72,0x65,0xA8,0xD1,0x7D,0x2B,0x36,0xD9,0xDD,0x4E,0x4C,0xFF,0xD9,0x30,0x31,
    0x77,0x62,0xD0,0x07,0x00,0x00,0x00,0x00,0x22,0x12,0x11,0x1F,0x1A,0x23,0x13,0x1D,
    0xB7,0x0E,0x25,0xFC,0xAC,0xEA,0x51,0xDF,0x53,0xDD,0x45,0xE5,0xE0,0xF4,0xAB,0x07,
    0x44,0x18,0xE9,0x21,0xD6,0x21,0x10,0x18,0x66,0x07,0x9D,0xF4,0x17,0xE5,0x47,0xDD,
    0x6B,0xDF,0xE5,0xEA,0x6B,0xFC,0xF8,0x0E,0x3B,0x1D,0x1E,0x23,0xF0,0x1E,0xE5,0x11,
    0xBA,0xFF,0xA2,0xED,0xCE,0xE0,0xEA,0xDC,0x15,0xE3,0x89,0xF1,0x21,0x04,0x8C,0x15,
    0xC9,0x20,0xA1,0x22,0x8D,0x1A,0xDD,0x0A,0x10,0xF8,0x89,0xE7,0x05,0xDE,0x3E,0xDE,
    0x23,0xE8,0xDF,0xF8,0xA6,0x0B,0x16,0x1B,0xC3,0x22,0x7A,0x20,0xE3,0x14,0x4E,0x03,
    0xC9,0xF0,0x9E,0xE2,0xDF,0xDC,0x32,0xE1,0x58,0xEE,0x8D,0x00,0x9A,0x12,0x53,0x1F,
    0x11,0x23,0xC3,0x1C,0x37,0x0E,0x99,0xFB,0x3D,0xEA,0x1E,0xDF,0x6B,0xDD,0xA2,0xE5,
    0x67,0xF5,0x35,0x08,0xA9,0x18,0x0D,0x22,0xAE,0x21,0xA9,0x17,0xDB,0x06,0x18,0xF4,
    0xBD,0xE4,0x32,0xDD,0xA1,0xDF,0x56,0xEB,0xF8,0xFC,0x77,0x0F,0x88,0x1D,0x23,0x23,
    0xAC,0x1E,0x6B,0x11,0x2C,0xFF,0x2A,0xED,0x8E,0xE0,0xF4,0xDC,0x66,0xE3,0x0A,0xF2,
    0xAE,0x04,0xFB,0x15,0xFB,0x20,0x88,0x22,0x30,0x1A,0x56,0x0A,0x87,0xF7,0x25,0xE7,
    0xE2,0xDD,0x66,0xDE,0x8C,0xE8,0x6A,0xF9,0x2B,0x0C,0x6F,0x1B,0xD7,0x22,0x43,0x20,
    0x70,0x14,0xC2,0x02,0x4A,0xF0,0x52,0xE2,0xDB,0xDC,0x77,0xE1,0xD3,0xEE,0x1A,0x01,
    0x11,0x13,0x92,0x1F,0x06,0x23,0x71,0x1C,0xB5,0x0D,0x0C,0xFB,0xCE,0xE9,0xED,0xDE,
    0x85,0xDD,0x00,0xE6,0xEE,0xF5,0xBE,0x08,0x0D,0x19,0x2F,0x22,0x85,0x21,0x3F,0x17,
    0x50,0x06,0x93,0xF3,0x65,0xE4,0x1F,0xDD,0xD9,0xDF,0xC9,0xEB,0x85,0xFD,0xF5,0x0F,
    0xD4,0x1D,0x26,0x23,0x66,0x1E,0xEF,0x10,0x9F,0xFE,0xB3,0xEC,0x4F,0xE0,0x00,0xDD,
    0xB9,0xE3,0x8C,0xF2,0x3A,0x05,0x68,0x16,0x2B,0x21,0x6D,0x22,0xD0,0x19,0xCE,0x09,
    0xFE,0xF6,0xC1,0xE6,0xC1,0xDD,0x91,0xDE,0xF6,0xE8,0xF5,0xF9,0xAF,0x0C,0xC7,0x1B,
    0xE9,0x22,0x0A,0x20,0xFD,0x13,0x35,0x02,0xCC,0xEF,0x07,0xE2,0xD9,0xDC,0xBE,0xE1,
    0x4F,0xEF,0xA7,0x01,0x88,0x13,0xCF,0x1F,0xF9,0x22,0x1D,0x1C,0x32,0x0D,0x81,0xFA,
    0x61,0xE9,0xBE,0xDE,0xA2,0xDD,0x60,0xE6,0x76,0xF6,0x46,0x09,0x70,0x19,0x4F,0x22,
    0x59,0x21,0xD5,0x16,0xC5,0x05,0x0F,0xF3,0x0E,0xE4,0x0F,0xDD,0x13,0xE0,0x3E,0xEC,
    0x12,0xFE,0x73,0x10,0x1E,0x1E,0x28,0x23,0x1E,0x1E,0x73,0x10,0x12,0xFE,0x3E,0xEC,
    0x13,0xE0,0x0F,0xDD,0x0E,0xE4,0x0F,0xF3,0xC5,0x05,0xD5,0x16,0x59,0x21,0x4F,0x22,
    0x70,0x19,0x46,0x09,0x76,0xF6,0x60,0xE6,0xA2,0xDD,0xBE,0xDE,0x61,0xE9,0x81,0xFA,
    0x32,0x0D,0x1D,0x1C,0xF9,0x22,0xCF,0x1F,0x88,0x13,0xA7,0x01,0x4F,0xEF,0xBE,0xE1,
    0xD9,0xDC,0x07,0xE2,0xCC,0xEF,0x35,0x02,0xFD,0x13,0x0A,0x20,0xE9,0x22,0xC7,0x1B,
    0xAF,0x0C,0xF5,0xF9,0xF6,0xE8,0x91,0xDE,0xC1,0xDD,0xC1,0xE6,0xFE,0xF6,0xCE,0x09,
    0xD0,0x19,0x6D,0x22,0x2B,0x21,0x68,0x16,0x3A,0x05,0x8C,0xF2,0xB9,0xE3,0x00,0xDD,
    0x4F,0xE0,0xB3,0xEC,0x9F,0xFE,0xEF,0x10,0x66,0x1E,0x26,0x23,0xD4,0x1D,0xF5,0x0F,
    0x85,0xFD,0xC9,0xEB,0xD9,0xDF,0x1F,0xDD,0x65,0xE4,0x93,0xF3,0x50,0x06,0x3F,0x17,
    0x85,0x21,0x2F,0x22,0x0D,0x19,0xBE,0x08,0xEE,0xF5,0x00,0xE6,0x85,0xDD,0xED,0xDE,
    0xCE,0xE9,0x0C,0xFB,0xB5,0x0D,0x71,0x1C,0x06,0x23,0x92,0x1F,0x11,0x13,0x1A,0x01,
    0xD3,0xEE,0x77,0xE1,0xDB,0xDC,0x52,0xE2,0x4A,0xF0,0xC2,0x02,0x70,0x14,0x43,0x20,
    0xD7,0x22,0x6F,0x1B,0x2B,0x0C,0x6A,0xF9,0x8C,0xE8,0x66,0xDE,0xE2,0xDD,0x25,0xE7,
    0x87,0xF7,0x56,0x0A,0x30,0x1A,0x88,0x22,0xFB,0x20,0xFB,0x15,0xAE,0x04,0x0A,0xF2,
    0x66,0xE3,0xF4,0xDC,0x8E,0xE0,0x2A,0xED,0x2C,0xFF,0x6B,0x11,0xAC,0x1E,0x23,0x23,
    0x88,0x1D,0x77,0x0F,0xF8,0xFC,0x56,0xEB,0xA1,0xDF,0x32,0xDD,0xBD,0xE4,0x18,0xF4,
    0xDB,0x06,0xA9,0x17,0xAE,0x21,0x0D,0x22,0xA9,0x18,0x35,0x08,0x67,0xF5,0xA2,0xE5,
    0x6B,0xDD,0x1E,0xDF,0x3D,0xEA,0x99,0xFB,0x37,0x0E,0xC3,0x1C,0x11,0x23,0x53,0x1F,
    0x9A,0x12,0x8D,0x00,0x58,0xEE,0x32,0xE1,0xDF,0xDC,0x9E,0xE2,0xC9,0xF0,0x4E,0x03,
    0xE3,0x14,0x7A,0x20,0xC3,0x22,0x16,0x1B,0xA6,0x0B,0xDF,0xF8,0x23,0xE8,0x3E,0xDE,
    0x05,0xDE,0x89,0xE7,0x10,0xF8,0xDD,0x0A,0x8D,0x1A,0xA1,0x22,0xC9,0x20,0x8C,0x15,
    0x21,0x04,0x89,0xF1,0x15,0xE3,0xEA,0xDC,0xCE,0xE0,0xA2,0xED,0xBA,0xFF,0xE5,0x11,
    0xF0,0x1E,0x1E,0x23,0x3B,0x1D,0xF8,0x0E,0x6B,0xFC,0xE5,0xEA,0x6B,0xDF,0x47,0xDD,
    0x17,0xE5,0x9D,0xF4,0x66,0x07,0x10,0x18,0xD6,0x21,0xE9,0x21,0x44,0x18,0xAB,0x07,
    0xE0,0xF4,0x45,0xE5,0x53,0xDD,0x51,0xDF,0xAC,0xEA,0x25,0xFC,0xB7,0x0E,0x13,0x1D,
    0x1A,0x23,0x11,0x1F,0x22,0x12,0x00,0x00,0xDE,0xED,0xEF,0xE0,0xE6,0xDC,0xED,0xE2,
    0x49,0xF1,0xDB,0x03,0x54,0x15,0xAF,0x20,0xAD,0x22,0xBB,0x1A,0x20,0x0B,0x55,0xF8,
    0xBC,0xE7,0x17,0xDE,0x2A,0xDE,0xF0,0xE7,0x9A,0xF8,0x63,0x0B,0xE9,0x1A,0xB9,0x22,
    0x95,0x20,0x1B,0x15,0x95,0x03,0x08,0xF1,0xC5,0xE2,0xE2,0xDC,0x10,0xE1,0x1B,0xEE,
    0x46,0x00,0x5E,0x12,0x32,0x1F,0x16,0x23,0xEB,0x1C,0x77,0x0E,0xDF,0xFB,0x74,0xEA,
    0x37,0xDF,0x5F,0xDD,0x73,0xE5,0x23,0xF5,0xF0,0x07,0x77,0x18,0xFB,0x21,0xC2,0x21,
    0xDD,0x17,0x21,0x07,0x5A,0xF4,0xEA,0xE4,0x3D,0xDD,0x86,0xDF,0x1D,0xEB,0xB2,0xFC,
    0x37,0x0F,0x62,0x1D,0x21,0x23,0xCE,0x1E,0xA8,0x11,0x73,0xFF,0x66,0xED,0xAD,0xE0,
    0xEF,0xDC,0x3D,0xE3,0xC9,0xF1,0x67,0x04,0xC3,0x15,0xE2,0x20,0x95,0x22,0x5E,0x1A,
    0x99,0x0A,0xCB,0xF7,0x57,0xE7,0xF3,0xDD,0x52,0xDE,0x57,0xE8,0x25,0xF9,0xE8,0x0B,
    0x43,0x1B,0xCE,0x22,0x5F,0x20,0xAA,0x14,0x08,0x03,0x89,0xF0,0x78,0xE2,0xDD,0xDC,
    0x54,0xE1,0x95,0xEE,0xD4,0x00,0xD6,0x12,0x72,0x1F,0x0C,0x23,0x9A,0x1C,0xF6,0x0D,
    0x52,0xFB,0x05,0xEA,0x05,0xDF,0x78,0xDD,0xD0,0xE5,0xAA,0xF5,0x79,0x08,0xDB,0x18,
    0x1E,0x22,0x9A,0x21,0x74,0x17,0x96,0x06,0xD5,0xF3,0x91,0xE4,0x29,0xDD,0xBD,0xDF,
    0x90,0xEB,0x3E,0xFD,0xB6,0x0F,0xAE,0x1D,0x25,0x23,0x89,0x1E,0x2D,0x11,0xE6,0xFE,
    0xEF,0xEC,0x6E,0xE0,0xFA,0xDC,0x8F,0xE3,0x4B,0xF2,0xF4,0x04,0x32,0x16,0x13,0x21,
    0x7B,0x22,0x00,0x1A,0x12,0x0A,0x42,0xF7,0xF3,0xE6,0xD1,0xDD,0x7B,0xDE,0xC1,0xE8,
    0xB0,0xF9,0x6D,0x0C,0x9B,0x1B,0xE1,0x22,0x27,0x20,0x37,0x14,0x7B,0x02,0x0B,0xF0,
    0x2C,0xE2,0xDA,0xDC,0x9A,0xE1,0x11,0xEF,0x61,0x01,0x4D,0x13,0xB1,0x1F,0x00,0x23,
    0x47,0x1C,0x74,0x0D,0xC6,0xFA,0x98,0xE9,0xD5,0xDE,0x93,0xDD,0x30,0xE6,0x32,0xF6,
    0x02,0x09,0x3F,0x19,0x3F,0x22,0x6F,0x21,0x0A,0x17,0x0B,0x06,0x51,0xF3,0x39,0xE4,
    0x17,0xDD,0xF6,0xDF,0x03,0xEC,0xCB,0xFD,0x34,0x10,0xF9,0x1D,0x27,0x23,0x42,0x1E,
    0xB1,0x10,0x59,0xFE,0x78,0xEC,0x31,0xE0,0x07,0xDD,0xE3,0xE3,0xCE,0xF2,0x7F,0x05,
    0x9F,0x16,0x42,0x21,0x5E,0x22,0xA0,0x19,0x8A,0x09,0xBA,0xF6,0x90,0xE6,0xB1,0xDD,
    0xA7,0xDE,0x2B,0xE9,0x3B,0xFA,0xF1,0x0C,0xF2,0x1B,0xF1,0x22,0xED,0x1F,0xC2,0x13,
    0xEE,0x01,0x8D,0xEF,0xE2,0xE1,0xD8,0xDC,0xE2,0xE1,0x8D,0xEF,0xEE,0x01,0xC2,0x13,
    0xED,0x1F,0xF1,0x22,0xF2,0x1B,0xF1,0x0C,0x3B,0xFA,0x2B,0xE9,0xA7,0xDE,0xB1,0xDD,
    0x90,0xE6,0xBA,0xF6,0x8A,0x09,0xA0,0x19,0x5E,0x22,0x42,0x21,0x9F,0x16,0x7F,0x05,
    0xCE,0xF2,0xE3,0xE3,0x07,0xDD,0x31,0xE0,0x78,0xEC,0x59,0xFE,0xB1,0x10,0x42,0x1E,
    0x27,0x23,0xF9,0x1D,0x34,0x10,0xCB,0xFD,0x03,0xEC,0xF6,0xDF,0x17,0xDD,0x39,0xE4,
    0x51,0xF3,0x0B,0x06,0x0A,0x17,0x6F,0x21,0x3F,0x22,0x3F,0x19,0x02,0x09,0x32,0xF6,
    0x30,0xE6,0x93,0xDD,0xD5,0xDE,0x98,0xE9,0xC6,0xFA,0x74,0x0D,0x47,0x1C,0x00,0x23,
    0xB1,0x1F,0x4D,0x13,0x61,0x01,0x11,0xEF,0x9A,0xE1,0xDA,0xDC,0x2C,0xE2,0x0B,0xF0,
    0x7B,0x02,0x37,0x14,0x27,0x20,0xE1,0x22,0x9B,0x1B,0x6D,0x0C,0xB0,0xF9,0xC1,0xE8,
    0x7B,0xDE,0xD1,0xDD,0xF3,0xE6,0x42,0xF7,0x12,0x0A,0x00,0x1A,0x7B,0x22,0x13,0x21,
    0x32,0x16,0xF4,0x04,0x4B,0xF2,0x8F,0xE3,0xFA,0xDC,0x6E,0xE0,0xEF,0xEC,0xE6,0xFE,
    0x2D,0x11,0x89,0x1E,0x25,0x23,0xAE,0x1D,0xB6,0x0F,0x3E,0xFD,0x90,0xEB,0xBD,0xDF,
    0x29,0xDD,0x91,0xE4,0xD5,0xF3,0x96,0x06,0x74,0x17,0x9A,0x21,0x1E,0x22,0xDB,0x18,
    0x79,0x08,0xAA,0xF5,0xD0,0xE5,0x78,0xDD,0x05,0xDF,0x05,0xEA,0x52,0xFB,0xF6,0x0D,
    0x9A,0x1C,0x0C,0x23,0x72,0x1F,0xD6,0x12,0xD4,0x00,0x95,0xEE,0x54,0xE1,0xDD,0xDC,
    0x78,0xE2,0x89,0xF0,0x08,0x03,0xAA,0x14,0x5F,0x20,0xCE,0x22,0x43,0x1B,0xE8,0x0B,
    0x25,0xF9,0x57,0xE8,0x52,0xDE,0xF3,0xDD,0x57,0xE7,0xCB,0xF7,0x99,0x0A,0x5E,0x1A,
    0x95,0x22,0xE2,0x20,0xC3,0x15,0x67,0x04,0xC9,0xF1,0x3D,0xE3,0xEF,0xDC,0xAD,0xE0,
    0x66,0xED,0x73,0xFF,0xA8,0x11,0xCE,0x1E,0x21,0x23,0x62,0x1D,0x37,0x0F,0xB2,0xFC,
    0x1D,0xEB,0x86,0xDF,0x3D,0xDD,0xEA,0xE4,0x5A,0xF4,0x21,0x07,0xDD,0x17,0xC2,0x21,
    0xFB,0x21,0x77,0x18,0xF0,0x07,0x23,0xF5,0x73,0xE5,0x5F,0xDD,0x37,0xDF,0x74,0xEA,
    0xDF,0xFB,0x77,0x0E,0xEB,0x1C,0x16,0x23,0x32,0x1F,0x5E,0x12,0x46,0x00,0x1B,0xEE,
    0x10,0xE1,0xE2,0xDC,0xC5,0xE2,0x08,0xF1,0x95,0x03,0x1B,0x15,0x95,0x20,0xB9,0x22,
    0xE9,0x1A,0x63,0x0B,0x9A,0xF8,0xF0,0xE7,0x2A,0xDE,0x17,0xDE,0xBC,0xE7,0x55,0xF8,
    0x20,0x0B,0xBB,0x1A,0xAD,0x22,0xAF,0x20,0x54,0x15,0xDB,0x03,0x49,0xF1,0xED,0xE2,
    0xE6,0xDC,0xEF,0xE0,0xDE,0xED,0x00,0x00,0x22,0x12,0x11,0x1F,0x1A,0x23,0x13,0x1D,
    0xB7,0x0E,0x25,0xFC,0xAC,0xEA,0x51,0xDF,0x53,0xDD,0x45,0xE5,0xE0,0xF4,0xAB,0x07,
    0x44,0x18,0xE9,0x21,0xD6,0x21,0x10,0x18,0x66,0x07,0x9D,0xF4,0x17,0xE5,0x47,0xDD,
    0x6B,0xDF,0xE5,0xEA,0x6B,0xFC,0xF8,0x0E,0x3B,0x1D,0x1E,0x23,0xF0,0x1E,0xE5,0x11,
    0xBA,0xFF,0xA2,0xED,0xCE,0xE0,0xEA,0xDC,0x15,0xE3,0x89,0xF1,0x21,0x04,0x8C,0x15,
    0xC9,0x20,0xA1,0x22,0x8D,0x1A,0xDD,0x0A,0x10,0xF8,0x89,0xE7,0x05,0xDE,0x3E,0xDE,
    0x23,0xE8,0xDF,0xF8,0xA6,0x0B,0x16,0x1B,0xC3,0x22,0x7A,0x20,0xE3,0x14,0x4E,0x03,
    0xC9,0xF0,0x9E,0xE2,0xDF,0xDC,0x32,0xE1,0x58,0xEE,0x8D,0x00,0x9A,0x12,0x53,0x1F,
    0x11,0x23,0xC3,0x1C,0x37,0x0E,0x99,0xFB,0x3D,0xEA,0x1E,0xDF,0x6B,0xDD,0xA2,0xE5,
    0x67,0xF5,0x35,0x08,0xA9,0x18,0x0D,0x22,0xAE,0x21,0xA9,0x17,0xDB,0x06,0x18,0xF4,
    0xBD,0xE4,0x32,0xDD,0xA1,0xDF,0x56,0xEB,0xF8,0xFC,0x77,0x0F,0x88,0x1D,0x23,0x23,
    0xAC,0x1E,0x6B,0x11,0x2C,0xFF,0x2A,0xED,0x8E,0xE0,0xF4,0xDC,0x66,0xE3,0x0A,0xF2,
    0xAE,0x04,0xFB,0x15,0xFB,0x20,0x88,0x22,0x30,0x1A,0x56,0x0A,0x87,0xF7,0x25,0xE7,
    0xE2,0xDD,0x66,0xDE,0x8C,0xE8,0x6A,0xF9,0x2B,0x0C,0x6F,0x1B,0xD7,0x22,0x43,0x20,
    0x70,0x14,0xC2,0x02,0x4A,0xF0,0x52,0xE2,0xDB,0xDC,0x77,0xE1,0xD3,0xEE,0x1A,0x01,
    0x11,0x13,0x92,0x1F,0x06,0x23,0x71,0x1C,0xB5,0x0D,0x0C,0xFB,0xCE,0xE9,0xED,0xDE,
    0x85,0xDD,0x00,0xE6,0xEE,0xF5,0xBE,0x08,0x0D,0x19,0x2F,0x22,0x85,0x21,0x3F,0x17,
    0x50,0x06,0x93,0xF3,0x65,0xE4,0x1F,0xDD,0xD9,0xDF,0xC9,0xEB,0x85,0xFD,0xF5,0x0F,
    0xD4,0x1D,0x26,0x23,0x66,0x1E,0xEF,0x10,0x9F,0xFE,0xB3,0xEC,0x4F,0xE0,0x00,0xDD,
    0xB9,0xE3,0x8C,0xF2,0x3A,0x05,0x68,0x16,0x2B,0x21,0x6D,0x22,0xD0,0x19,0xCE,0x09,
    0xFE,0xF6,0xC1,0xE6,0xC1,0xDD,0x91,0xDE,0xF6,0xE8,0xF5,0xF9,0xAF,0x0C,0xC7,0x1B,
    0xE9,0x22,0x0A,0x20,0xFD,0x13,0x35,0x02,0xCC,0xEF,0x07,0xE2,0xD9,0xDC,0xBE,0xE1,
    0x4F,0xEF,0xA7,0x01,0x88,0x13,0xCF,0x1F,0xF9,0x22,0x1D,0x1C,0x32,0x0D,0x81,0xFA,
    0x61,0xE9,0xBE,0xDE,0xA2,0xDD,0x60,0xE6,0x76,0xF6,0x46,0x09,0x70,0x19,0x4F,0x22,
    0x59,0x21,0xD5,0x16,0xC5,0x05,0x0F,0xF3,0x0E,0xE4,0x0F,0xDD,0x13,0xE0,0x3E,0xEC,
    0x12,0xFE,0x73,0x10,0x1E,0x1E,0x30,0x30,0x64,0x63,0x37,0x06,0x00,0x00,0xFF,0xD8,
    0xFF,0xE0,0x00,0x10,0x4A,0x46,0x49,0x46,0x00,0x01,0x01,0x00,0x00,0x01,0x00,0x01,
    0x00,0x00,0xFF,0xDB,0x00,0x43,0x00,0x06,0x04,0x05,0x06,0x05,0x04,0x06,0x06,0x05,
    0x06,0x07,0x07,0x06,0x08,0x0A,0x10,0x0A,0x0A,0x09,0x09,0x0A,0x14,0x0E,0x0F,0x0C,
    0x10,0x17,0x14,0x18,0x18,0x17,0x14,0x16,0x16,0x1A,0x1D,0x25,0x1F,0x1A,0x1B,0x23,
    0x1C,0x16,0x16,0x20,0x2C,0x20,0x23,0x26,0x27,0x29,0x2A,0x29,0x19,0x1F,0x2D,0x30,
    0x2D,0x28,0x30,0x25,0x28,0x29,0x28,0xFF,0xDB,0x00,0x43,0x01,0x07,0x07,0x07,0x0A,
    0x08,0x0A,0x13,0x0A,0x0A,0x13,0x28,0x1A,0x16,0x1A,0x28,0x28,0x28,0x28,0x28,0x28,
    0x28,0x28,0x28,0x28,0x28,0x28,0x28,0x28,0x28,0x28,0x28,0x28,0x28,0x28,0x28,0x28,
    0x28,0x28,0x28,0x28,0x28,0x28,0x28,0x28,0x28,0x28,0x28,0x28,0x28,0x28,0x28,0x28,
    0x28,0x28,0x28,0x28,0x28,0x28,0x28,0x28,0x28,0x28,0x28,0x28,0xFF,0xC0,0x00,0x11,
    0x08,0x00,0x3C,0x00,0x50,0x03,0x01,0x11,0x00,0x02,0x11,0x01,0x03,0x11,0x01,0xFF,
    0xC4,0x00,0x1F,0x00,0x00,0x01,0x05,0x01,0x01,0x01,0x01,0x01,0x01,0x00,0x00,0x00,
    0x00,0x00,0x00,0x00,0x00,0x01,0x02,0x03,0x04,0x05,0x06,0x07,0x08,0x09,0x0A,0x0B,
    0xFF,0xC4,0x00,0xB5,0x10,0x00,0x02,0x01,0x03,0x03,0x02,0x04,0x03,0x05,0x05,0x04,
    0x04,0x00,0x00,0x01,0x7D,0x01,0x02,0x03,0x00,0x04,0x11,0x05,0x12,0x21,0x31,0x41,
    0x06,0x13,0x51,0x61,0x07,0x22,0x71,0x14,0x32,0x81,0x91,0xA1,0x08,0x23,0x42,0xB1,
    0xC1,0x15,0x52,0xD1,0xF0,0x24,0x33,0x62,0x72,0x82,0x09,0x0A,0x16,0x17,0x18,0x19,
    0x1A,0x25,0x26,0x27,0x28,0x29,0x2A,0x34,0x35,0x36,0x37,0x38,0x39,0x3A,0x43,0x44,
    0x45,0x46,0x47,0x48,0x49,0x4A,0x53,0x54,0x55,0x56,0x57,0x58,0x59,0x5A,0x63,0x64,
    0x65,0x66,0x67,0x68,0x69,0x6A,0x73,0x74,0x75,0x76,0x77,0x78,0x79,0x7A,0x83,0x84,
    0x85,0x86,0x87,0x88,0x89,0x8A,0x92,0x93,0x94,0x95,0x96,0x97,0x98,0x99,0x9A,0xA2,
    0xA3,0xA4,0xA5,0xA6,0xA7,0xA8,0xA9,0xAA,0xB2,0xB3,0xB4,0xB5,0xB6,0xB7,0xB8,0xB9,
    0xBA,0xC2,0xC3,0xC4,0xC5,0xC6,0xC7,0xC8,0xC9,0xCA,0xD2,0xD3,0xD4,0xD5,0xD6,0xD7,
    0xD8,0xD9,0xDA,0xE1,0xE2,0xE3,0xE4,0xE5,0xE6,0xE7,0xE8,0xE9,0xEA,0xF1,0xF2,0xF3,
    0xF4,0xF5,0xF6,0xF7,0xF8,0xF9,0xFA,0xFF,0xC4,0x00,0x1F,0x01,0x00,0x03,0x01,0x01,
    0x01,0x01,0x01,0x01,0x01,0x01,0x01,0x00,0x00,0x00,0x00,0x00,0x00,0x01,0x02,0x03,
    0x04,0x05,0x06,0x07,0x08,0x09,0x0A,0x0B,0xFF,0xC4,0x00,0xB5,0x11,0x00,0x02,0x01,
    0x02,0x04,0x04,0x03,0x04,0x07,0x05,0x04,0x04,0x00,0x01,0x02,0x77,0x00,0x01,0x02,
    0x03,0x11,0x04,0x05,0x21,0x31,0x06,0x12,0x41,0x51,0x07,0x61,0x71,0x13,0x22,0x32,
    0x81,0x08,0x14,0x42,0x91,0xA1,0xB1,0xC1,0x09,0x23,0x33,0x52,0xF0,0x15,0x62,0x72,
    0xD1,0x0A,0x16,0x24,0x34,0xE1,0x25,0xF1,0x17,0x18,0x19,0x1A,0x26,0x27,0x28,0x29,
    0x2A,0x35,0x36,0x37,0x38,0x39,0x3A,0x43,0x44,0x45,0x46,0x47,0x48,0x49,0x4A,0x53,
    0x54,0x55,0x56,0x57,0x58,0x59,0x5A,0x63,0x64,0x65,0x66,0x67,0x68,0x69,0x6A,0x73,
    0x74,0x75,0x76,0x77,0x78,0x79,0x7A,0x82,0x83,0x84,0x85,0x86,0x87,0x88,0x89,0x8A,
    0x92,0x93,0x94,0x95,0x96,0x97,0x98,0x99,0x9A,0xA2,0xA3,0xA4,0xA5,0xA6,0xA7,0xA8,
    0xA9,0xAA,0xB2,0xB3,0xB4,0xB5,0xB6,0xB7,0xB8,0xB9,0xBA,0xC2,0xC3,0xC4,0xC5,0xC6,
    0xC7,0xC8,0xC9,0xCA,0xD2,0xD3,0xD4,0xD5,0xD6,0xD7,0xD8,0xD9,0xDA,0xE2,0xE3,0xE4,
    0xE5,0xE6,0xE7,0xE8,0xE9,0xEA,0xF2,0xF3,0xF4,0xF5,0xF6,0xF7,0xF8,0xF9,0xFA,0xFF,
    0xDA,0x00,0x0C,0x03,0x01,0x00,0x02,0x11,0x03,0x11,0x00,0x3F,0x00,0xF9,0xCA,0x3B,
    0x6F,0x6A,0xFB,0x07,0x33,0x96,0x9D,0x42,0xD4,0x76,0xDE,0xD5,0x93,0x99,0xDD,0x4E,
    0xA1,0x66,0x3B,0x6F,0x6A,0xC9,0xCC,0xEE,0xA7,0x50,0xB5,0x1D,0xB7,0xB5,0x66,0xE6,
    0x77,0x53,0xA8,0x59,0x8E,0xDB,0xDA,0xB2,0x73,0x3B,0x69,0xD4,0x2D,0x47,0x6D,0xED,
    0x59,0x39,0x9D,0xD4,0xEA,0x16,0x63,0xB6,0xF6,0xAC,0xDC,0xCE,0xEA,0x75,0x0B,0x51,
    0xDB,0x7B,0x56,0x4E,0x67,0x6D,0x3A,0x85,0xA8,0xED,0xBD,0xAB,0x37,0x33,0xBA,0x9D,
    0x42,0xCC,0x76,0xDE,0xD5,0x93,0x99,0xDD,0x4E,0xA1,0xC1,0x47,0x6D,0xED,0x5E,0xEB,
    0x99,0xFC,0xE9,0x4E,0xA1,0x6A,0x3B,0x6F,0x6A,0xCD,0xCC,0xEE,0xA7,0x50,0xB3,0x1D,
    0xB7,0xB5,0x64,0xE6,0x77,0x53,0xA8,0x5A,0x8E,0xDB,0xDA,0xB3,0x73,0x3B,0x69,0xD4,
    0x2C,0xC7,0x6D,0xED,0x59,0x39,0x9D,0xD4,0xEA,0x16,0xA3,0xB6,0xF6,0xAC,0x9C,0xCE,
    0xEA,0x75,0x0B,0x96,0xB6,0x4F,0x34,0xD1,0xC5,0x1A,0xEE,0x77,0x60,0xAA,0x3D,0x49,
    0xE9,0x59,0xB9,0xDC,0xEA,0x78,0x98,0xD2,0x83,0xA9,0x37,0x64,0x95,0xDF,0xA2,0x3D,
    0x4F,0x45,0xD1,0xED,0x74,0x9B,0x75,0x48,0x51,0x5A,0x6C,0x7C,0xF3,0x11,0xF3,0x37,
    0xAF,0xD0,0x70,0x38,0xFF,0x00,0xF5,0xD6,0xA9,0x58,0xFC,0xAF,0x34,0xCE,0x31,0x19,
    0x95,0x47,0x2A,0x8E,0xD1,0xE9,0x1B,0xE8,0xBF,0xCD,0xF9,0xFE,0x4B,0x42,0x2D,0x7B,
    0x45,0x83,0x50,0x81,0xE4,0x48,0xD5,0x6E,0xD4,0x65,0x5D,0x40,0x05,0xCE,0x3A,0x1F,
    0x5E,0x83,0xE9,0x51,0x38,0x73,0x2D,0x37,0x3D,0x1E,0x1D,0xE2,0x2A,0xD9,0x65,0x68,
    0xC2,0x72,0xBD,0x17,0xA3,0x4E,0xF6,0x4A,0xFB,0xAD,0xED,0x6B,0xDD,0xA5,0xBF,0xAD,
    0x9A,0xE2,0xE3,0xB6,0xF6,0xAF,0x3D,0xCC,0xFD,0xC2,0x9D,0x43,0x82,0x8E,0xDB,0xDA,
    0xBD,0xD7,0x33,0xF9,0xD2,0x9D,0x42,0xD4,0x76,0xDE,0xD5,0x9B,0x99,0xDB,0x4E,0xA1,
    0x66,0x3B,0x6F,0x6A,0xC9,0xCC,0xEE,0xA7,0x50,0xB5,0x1D,0xB7,0xB5,0x64,0xE6,0x77,
    0x53,0xA8,0x59,0x8E,0xDB,0xDA,0xB3,0x73,0x3B,0xA9,0xD4,0x2D,0x47,0x6D,0xED,0x59,
    0x39,0x9D,0xB4,0xEA,0x17,0x6C,0xD1,0xA0,0xB8,0x8A,0x64,0x00,0xB4,0x6C,0x1C,0x67,
    0xA6,0x41,0xCD,0x67,0xED,0x2C,0xEE,0x74,0xCD,0x46,0xBD,0x39,0x52,0x96,0xD2,0x4D,
    0x7D,0xFA,0x1E,0x8B,0x69,0x73,0x1D,0xD4,0x0B,0x2C,0x27,0x2A,0x7B,0x1E,0xA0,0xFA,
    0x1A,0xEF,0x84,0xD4,0xD5,0xD1,0xF9,0x86,0x2F,0x09,0x57,0x07,0x55,0xD2,0xAA,0xAC,
    0xD7,0xDC,0xD7,0x75,0xE5,0xFD,0x6E,0x36,0xFA,0xE9,0x6D,0x60,0x2C,0x48,0xDE,0x46,
    0x11,0x7D,0x4F,0xF8,0x54,0x56,0xAC,0xA9,0x46,0xEF,0x73,0xAF,0x28,0xCA,0xEA,0x66,
    0x58,0x85,0x4E,0x2B,0xDD,0x56,0xE6,0x7D,0x97,0xF9,0xBE,0x9F,0xE4,0x99,0xCA,0xC7,
    0x6D,0xED,0x5E,0x2B,0x99,0xFB,0x95,0x3A,0x87,0x05,0x1D,0xB7,0xB5,0x7B,0xAE,0x67,
    0xF3,0xA5,0x3A,0x85,0xA8,0xED,0xBD,0xAB,0x37,0x33,0xBA,0x9D,0x42,0xCC,0x76,0xDE,
    0xD5,0x93,0x99,0xDD,0x4E,0xA1,0x6A,0x3B,0x6F,0x6A,0xC9,0xCC,0xED,0xA7,0x50,0xB3,
    0x1D,0xB7,0xB5,0x66,0xE6,0x77,0x53,0xA8,0x5A,0x8E,0xDB,0xDA,0xB2,0x73,0x3B,0xA9,
    0xD4,0x2D,0x47,0x6D,0xED,0x59,0x39,0x9D,0xD4,0xEA,0x17,0x2D,0xE2,0x78,0x9B,0x31,
    0xB3,0x21,0xE9,0x95,0x38,0xA8,0xF6,0xAE,0x3A,0xA7,0x63,0xA5,0xC6,0x9D,0x78,0xF2,
    0xD5,0x8A,0x92,0xF3,0x57,0xFC,0xCB,0x02,0x16,0x76,0xDC,0xE4,0xB3,0x1E,0xA4,0x9C,
    0x9A,0xCA,0x75,0x5C,0x9D,0xDB,0x3B,0xF0,0xFC,0x94,0xA2,0xA1,0x4D,0x24,0x97,0x45,
    0xA2,0x2C,0x47,0x6D,0xED,0x58,0xB9,0x9E,0x8D,0x3A,0x87,0x05,0x1D,0xB7,0xB5,0x7B,
    0xCE,0x67,0xF3,0xA5,0x3A,0x85,0xA8,0xED,0xBD,0xAB,0x27,0x33,0xBA,0x9D,0x42,0xCC,
    0x76,0xDE,0xD5,0x9B,0x99,0xDD,0x4E,0xA1,0x6A,0x3B,0x6F,0x6A,0xC9,0xCC,0xED,0xA7,
    0x50,0xB5,0x1D,0xB7,0xB5,0x66,0xE6,0x77,0x53,0xA8,0x59,0x8E,0xDB,0xDA,0xB2,0x73,
    0x3B,0xA9,0xD4,0x2D,0x47,0x6D,0xED,0x59,0x39,0x9D,0xB4,0xEA,0x16,0x63,0xB6,0xF6,
    0xAC,0xDC,0xCE,0xEA,0x75,0x0B,0x51,0xDB,0x7B,0x56,0x4E,0x67,0x75,0x3A,0x85,0x98,
    0xED,0xBD,0xAB,0x27,0x33,0xBA,0x9D,0x43,0x82,0x8E,0xDB,0xDA,0xBD,0xE7,0x33,0xF9,
    0xD2,0x9D,0x42,0xD4,0x76,0xDE,0xD5,0x93,0x99,0xDD,0x4E,0xA1,0x66,0x3B,0x6F,0x6A,
    0xCD,0xCC,0xED,0xA7,0x50,0xB5,0x1D,0xB7,0xB5,0x64,0xE6,0x77,0x53,0xA8,0x5A,0x8E,
    0xDB,0xDA,0xB2,0x73,0x3B,0xA9,0xD4,0x2C,0xC7,0x6D,0xED,0x59,0xB9,0x9D,0xB4,0xEA,
    0x16,0xA3,0xB6,0xF6,0xAC,0x9C,0xCE,0xEA,0x75,0x0B,0x31,0xDB,0x7B,0x56,0x6E,0x67,
    0x75,0x3A,0x85,0xA8,0xED,0xBD,0xAB,0x27,0x33,0xBA,0x9D,0x42,0xCC,0x76,0xDE,0xD5,
    0x93,0x99,0xDB,0x4E,0xA1,0xC1,0x47,0x6D,0xED,0x5E,0xF3,0x99,0xFC,0xE9,0x4E,0xA1,
    0x6A,0x3B,0x6F,0x6A,0xC9,0xCC,0xEE,0xA7,0x50,0xB3,0x1D,0xB7,0xB5,0x66,0xE6,0x77,
    0x53,0xA8,0x5A,0x8E,0xDB,0xDA,0xB2,0x73,0x3B,0xA9,0xD4,0x2D,0x47,0x6D,0xED,0x59,
    0x39,0x9D,0xB4,0xEA,0x16,0x63,0xB6,0xF6,0xAC,0xDC,0xCE,0xEA,0x75,0x0B,0x51,0xDB,
    0x7B,0x56,0x4E,0x67,0x75,0x3A,0x85,0x98,0xED,0xBD,0xAB,0x27,0x33,0xB6,0x9D,0x42,
    0xD4,0x76,0xDE,0xD5,0x9B,0x99,0xDD,0x4E,0xA1,0x66,0x3B,0x6F,0x6A,0xC9,0xCC,0xEE,
    0xA7,0x50,0xF3,0xE8,0xD1,0x7D,0x2B,0xE8,0x1B,0x67,0xF3,0xB5,0x39,0x32,0xD4,0x68,
    0xBE,0x95,0x93,0x6C,0xEE,0xA7,0x26,0x5A,0x8D,0x17,0xD2,0xB2,0x6D,0x9D,0xD4,0xE4,
    0xCB,0x31,0xA2,0xFA,0x56,0x6D,0xB3,0xBA,0x9C,0x99,0x6A,0x34,0x5F,0x4A,0xC9,0xB6,
    0x76,0xD3,0x93,0x2C,0xC6,0x8B,0xE9,0x59,0xB6,0xCE,0xEA,0x72,0x65,0xA8,0xD1,0x7D,
    0x2B,0x26,0xD9,0xDD,0x4E,0x4C,0xB3,0x1A,0x2F,0xA5,0x64,0xDB,0x3B,0x69,0xC9,0x96,
    0xA3,0x45,0xF4,0xAC,0x9B,0x67,0x75,0x39,0x32,0xD4,0x68,0xBE,0x95,0x9B,0x6C,0xEE,
    0xA7,0x26,0x7F,0xFF,0xD9,0x00,0x30,0x31,0x77,0x62,0xD0,0x07,0x00,0x00,0x00,0x00,
    0xD6,0x12,0xCF,0x1F,0xE1,0x22,0x16,0x1B,0xDD,0x0A,0x42,0xF7,0x60,0xE6,0x78,0xDD,
    0x51,0xDF,0x56,0xEB,0xCB,0xFD,0xEF,0x10,0xCE,0x1E,0x16,0x23,0x71,0x1C,0xF1,0x0C,
    0x6A,0xF9,0xF0,0xE7,0xF3,0xDD,0x91,0xDE,0x98,0xE9,0x99,0xFB,0xF8,0x0E,0xAE,0x1D,
    0x28,0x23,0xAE,0x1D,0xF8,0x0E,0x99,0xFB,0x98,0xE9,0x91,0xDE,0xF3,0xDD,0xF0,0xE7,
    0x6A,0xF9,0xF1,0x0C,0x71,0x1C,0x16,0x23,0xCE,0x1E,0xEF,0x10,0xCB,0xFD,0x56,0xEB,
    0x51,0xDF,0x78,0xDD,0x60,0xE6,0x42,0xF7,0xDD,0x0A,0x16,0x1B,0xE1,0x22,0xCF,0x1F,
    0xD6,0x12,0x00,0x00,0x2A,0xED,0x31,0xE0,0x1F,0xDD,0xEA,0xE4,0x23,0xF5,0xBE,0x08,
    0xA0,0x19,0x88,0x22,0xAF,0x20,0xAA,0x14,0x35,0x02,0x11,0xEF,0x32,0xE1,0xEA,0xDC,
    0x8F,0xE3,0x0F,0xF3,0x96,0x06,0x10,0x18,0x0D,0x22,0x6F,0x21,0x68,0x16,0x67,0x04,
    0x08,0xF1,0x52,0xE2,0xD8,0xDC,0x52,0xE2,0x08,0xF1,0x67,0x04,0x68,0x16,0x6F,0x21,
    0x0D,0x22,0x10,0x18,0x96,0x06,0x0F,0xF3,0x8F,0xE3,0xEA,0xDC,0x32,0xE1,0x11,0xEF,
    0x35,0x02,0xAA,0x14,0xAF,0x20,0x88,0x22,0xA0,0x19,0xBE,0x08,0x23,0xF5,0xEA,0xE4,
    0x1F,0xDD,0x31,0xE0,0x2A,0xED,0x00,0x00,0xD6,0x12,0xCF,0x1F,0xE1,0x22,0x16,0x1B,
    0xDD,0x0A,0x42,0xF7,0x60,0xE6,0x78,0xDD,0x51,0xDF,0x56,0xEB,0xCB,0xFD,0xEF,0x10,
    0xCE,0x1E,0x16,0x23,0x71,0x1C,0xF1,0x0C,0x6A,0xF9,0xF0,0xE7,0xF3,0xDD,0x91,0xDE,
    0x98,0xE9,0x99,0xFB,0xF8,0x0E,0xAE,0x1D,0x28,0x23,0xAE,0x1D,0xF8,0x0E,0x99,0xFB,
    0x98,0xE9,0x91,0xDE,0xF3,0xDD,0xF0,0xE7,0x6A,0xF9,0xF1,0x0C,0x71,0x1C,0x16,0x23,
    0xCE,0x1E,0xEF,0x10,0xCB,0xFD,0x56,0xEB,0x51,0xDF,0x78,0xDD,0x60,0xE6,0x42,0xF7,
    0xDD,0x0A,0x16,0x1B,0xE1,0x22,0xCF,0x1F,0xD6,0x12,0x00,0x00,0x2A,0xED,0x31,0xE0,
    0x1F,0xDD,0xEA,0xE4,0x23,0xF5,0xBE,0x08,0xA0,0x19,0x88,0x22,0xAF,0x20,0xAA,0x14,
    0x35,0x02,0x11,0xEF,0x32,0xE1,0xEA,0xDC,0x8F,0xE3,0x0F,0xF3,0x96,0x06,0x10,0x18,
    0x0D,0x22,0x6F,0x21,0x68,0x16,0x67,0x04,0x08,0xF1,0x52,0xE2,0xD8,0xDC,0x52,0xE2,
    0x08,0xF1,0x67,0x04,0x68,0x16,0x6F,0x21,0x0D,0x22,0x10,0x18,0x96,0x06,0x0F,0xF3,
    0x8F,0xE3,0xEA,0xDC,0x32,0xE1,0x11,0xEF,0x35,0x02,0xAA,0x14,0xAF,0x20,0x88,0x22,
    0xA0,0x19,0xBE,0x08,0x23,0xF5,0xEA,0xE4,0x1F,0xDD,0x31,0xE0,0x2A,0xED,0x00,0x00,
    0xD6,0x12,0xCF,0x1F,0xE1,0x22,0x16,0x1B,0xDD,0x0A,0x42,0xF7,0x60,0xE6,0x78,0xDD,
    0x51,0xDF,0x56,0xEB,0xCB,0xFD,0xEF,0x10,0xCE,0x1E,0x16,0x23,0x71,0x1C,0xF1,0x0C,
    0x6A,0xF9,0xF0,0xE7,0xF3,0xDD,0x91,0xDE,0x98,0xE9,0x99,0xFB,0xF8,0x0E,0xAE,0x1D,
    0x28,0x23,0xAE,0x1D,0xF8,0x0E,0x99,0xFB,0x98,0xE9,0x91,0xDE,0xF3,0xDD,0xF0,0xE7,
    0x6A,0xF9,0xF1,0x0C,0x71,0x1C,0x16,0x23,0xCE,0x1E,0xEF,0x10,0xCB,0xFD,0x56,0xEB,
    0x51,0xDF,0x78,0xDD,0x60,0xE6,0x42,0xF7,0xDD,0x0A,0x16,0x1B,0xE1,0x22,0xCF,0x1F,
    0xD6,0x12,0x00,0x00,0x2A,0xED,0x31,0xE0,0x1F,0xDD,0xEA,0xE4,0x23,0xF5,0xBE,0x08,
    0xA0,0x19,0x88,0x22,0xAF,0x20,0xAA,0x14,0x35,0x02,0x11,0xEF,0x32,0xE1,0xEA,0xDC,
    0x8F,0xE3,0x0F,0xF3,0x96,0x06,0x10,0x18,0x0D,0x22,0x6F,0x21,0x68,0x16,0x67,0x04,
    0x08,0xF1,0x52,0xE2,0xD8,0xDC,0x52,0xE2,0x08,0xF1,0x67,0x04,0x68,0x16,0x6F,0x21,
    0x0D,0x22,0x10,0x18,0x96,0x06,0x0F,0xF3,0x8F,0xE3,0xEA,0xDC,0x32,0xE1,0x11,0xEF,
    0x35,0x02,0xAA,0x14,0xAF,0x20,0x88,0x22,0xA0,0x19,0xBE,0x08,0x23,0xF5,0xEA,0xE4,
    0x1F,0xDD,0x31,0xE0,0x2A,0xED,0x00,0x00,0xD6,0x12,0xCF,0x1F,0xE1,0x22,0x16,0x1B,
    0xDD,0x0A,0x42,0xF7,0x60,0xE6,0x78,0xDD,0x51,0xDF,0x56,0xEB,0xCB,0xFD,0xEF,0x10,
    0xCE,0x1E,0x16,0x23,0x71,0x1C,0xF1,0x0C,0x6A,0xF9,0xF0,0xE7,0xF3,0xDD,0x91,0xDE,
    0x98,0xE9,0x99,0xFB,0xF8,0x0E,0xAE,0x1D,0x28,0x23,0xAE,0x1D,0xF8,0x0E,0x99,0xFB,
    0x98,0xE9,0x91,0xDE,0xF3,0xDD,0xF0,0xE7,0x6A,0xF9,0xF1,0x0C,0x71,0x1C,0x16,0x23,
    0xCE,0x1E,0xEF,0x10,0xCB,0xFD,0x56,0xEB,0x51,0xDF,0x78,0xDD,0x60,0xE6,0x42,0xF7,
    0xDD,0x0A,0x16,0x1B,0xE1,0x22,0xCF,0x1F,0xD6,0x12,0x00,0x00,0x2A,0xED,0x31,0xE0,
    0x1F,0xDD,0xEA,0xE4,0x23,0xF5,0xBE,0x08,0xA0,0x19,0x88,0x22,0xAF,0x20,0xAA,0x14,
    0x35,0x02,0x11,0xEF,0x32,0xE1,0xEA,0xDC,0x8F,0xE3,0x0F,0xF3,0x96,0x06,0x10,0x18,
    0x0D,0x22,0x6F,0x21,0x68,0x16,0x67,0x04,0x08,0xF1,0x52,0xE2,0xD8,0xDC,0x52,0xE2,
    0x08,0xF1,0x67,0x04,0x68,0x16,0x6F,0x21,0x0D,0x22,0x10,0x18,0x96,0x06,0x0F,0xF3,
    0x8F,0xE3,0xEA,0xDC,0x32,0xE1,0x11,0xEF,0x35,0x02,0xAA,0x14,0xAF,0x20,0x88,0x22,
    0xA0,0x19,0xBE,0x08,0x23,0xF5,0xEA,0xE4,0x1F,0xDD,0x31,0xE0,0x2A,0xED,0x00,0x00,
    0xD6,0x12,0xCF,0x1F,0xE1,0x22,0x16,0x1B,0xDD,0x0A,0x42,0xF7,0x60,0xE6,0x78,0xDD,
    0x51,0xDF,0x56,0xEB,0xCB,0xFD,0xEF,0x10,0xCE,0x1E,0x16,0x23,0x71,0x1C,0xF1,0x0C,
    0x6A,0xF9,0xF0,0xE7,0xF3,0xDD,0x91,0xDE,0x98,0xE9,0x99,0xFB,0xF8,0x0E,0xAE,0x1D,
    0x28,0x23,0xAE,0x1D,0xF8,0x0E,0x99,0xFB,0x98,0xE9,0x91,0xDE,0xF3,0xDD,0xF0,0xE7,
    0x6A,0xF9,0xF1,0x0C,0x71,0x1C,0x16,0x23,0xCE,0x1E,0xEF,0x10,0xCB,0xFD,0x56,0xEB,
    0x51,0xDF,0x78,0xDD,0x60,0xE6,0x42,0xF7,0xDD,0x0A,0x16,0x1B,0xE1,0x22,0xCF,0x1F,
    0xD6,0x12,0x00,0x00,0x2A,0xED,0x31,0xE0,0x1F,0xDD,0xEA,0xE4,0x23,0xF5,0xBE,0x08,
    0xA0,0x19,0x88,0x22,0xAF,0x20,0xAA,0x14,0x35,0x02,0x11,0xEF,0x32,0xE1,0xEA,0xDC,
    0x8F,0xE3,0x0F,0xF3,0x96,0x06,0x10,0x18,0x0D,0x22,0x6F,0x21,0x68,0x16,0x67,0x04,
    0x08,0xF1,0x52,0xE2,0xD8,0xDC,0x52,0xE2,0x08,0xF1,0x67,0x04,0x68,0x16,0x6F,0x21,
    0x0D,0x22,0x10,0x18,0x96,0x06,0x0F,0xF3,0x8F,0xE3,0xEA,0xDC,0x32,0xE1,0x11,0xEF,
    0x35,0x02,0xAA,0x14,0xAF,0x20,0x88,0x22,0xA0,0x19,0xBE,0x08,0x23,0xF5,0xEA,0xE4,
    0x1F,0xDD,0x31,0xE0,0x2A,0xED,0x00,0x00,0xD6,0x12,0xCF,0x1F,0xE1,0x22,0x16,0x1B,
    0xDD,0x0A,0x42,0xF7,0x60,0xE6,0x78,0xDD,0x51,0xDF,0x56,0xEB,0xCB,0xFD,0xEF,0x10,
    0xCE,0x1E,0x16,0x23,0x71,0x1C,0xF1,0x0C,0x6A,0xF9,0xF0,0xE7,0xF3,0xDD,0x91,0xDE,
    0x98,0xE9,0x99,0xFB,0xF8,0x0E,0xAE,0x1D,0x28,0x23,0xAE,0x1D,0xF8,0x0E,0x99,0xFB,
    0x98,0xE9,0x91,0xDE,0xF3,0xDD,0xF0,0xE7,0x6A,0xF9,0xF1,0x0C,0x71,0x1C,0x16,0x23,
    0xCE,0x1E,0xEF,0x10,0xCB,0xFD,0x56,0xEB,0x51,0xDF,0x78,0xDD,0x60,0xE6,0x42,0xF7,
    0xDD,0x0A,0x16,0x1B,0xE1,0x22,0xCF,0x1F,0xD6,0x12,0x00,0x00,0x2A,0xED,0x31,0xE0,
    0x1F,0xDD,0xEA,0xE4,0x23,0xF5,0xBE,0x08,0xA0,0x19,0x88,0x22,0xAF,0x20,0xAA,0x14,
    0x35,0x02,0x11,0xEF,0x32,0xE1,0xEA,0xDC,0x8F,0xE3,0x0F,0xF3,0x96,0x06,0x10,0x18,
    0x0D,0x22,0x6F,0x21,0x68,0x16,0x67,0x04,0x08,0xF1,0x52,0xE2,0xD8,0xDC,0x52,0xE2,
    0x08,0xF1,0x67,0x04,0x68,0x16,0x6F,0x21,0x0D,0x22,0x10,0x18,0x96,0x06,0x0F,0xF3,
    0x8F,0xE3,0xEA,0xDC,0x32,0xE1,0x11,0xEF,0x35,0x02,0xAA,0x14,0xAF,0x20,0x88,0x22,
    0xA0,0x19,0xBE,0x08,0x23,0xF5,0xEA,0xE4,0x1F,0xDD,0x31,0xE0,0x2A,0xED,0x00,0x00,
    0xD6,0x12,0xCF,0x1F,0xE1,0x22,0x16,0x1B,0xDD,0x0A,0x42,0xF7,0x60,0xE6,0x78,0xDD,
    0x51,0xDF,0x56,0xEB,0xCB,0xFD,0xEF,0x10,0xCE,0x1E,0x16,0x23,0x71,0x1C,0xF1,0x0C,
    0x6A,0xF9,0xF0,0xE7,0xF3,0xDD,0x91,0xDE,0x98,0xE9,0x99,0xFB,0xF8,0x0E,0xAE,0x1D,
    0x28,0x23,0xAE,0x1D,0xF8,0x0E,0x99,0xFB,0x98,0xE9,0x91,0xDE,0xF3,0xDD,0xF0,0xE7,
    0x6A,0xF9,0xF1,0x0C,0x71,0x1C,0x16,0x23,0xCE,0x1E,0xEF,0x10,0xCB,0xFD,0x56,0xEB,
    0x51,0xDF,0x78,0xDD,0x60,0xE6,0x42,0xF7,0xDD,0x0A,0x16,0x1B,0xE1,0x22,0xCF,0x1F,
    0xD6,0x12,0x00,0x00,0x2A,0xED,0x31,0xE0,0x1F,0xDD,0xEA,0xE4,0x23,0xF5,0xBE,0x08,
    0xA0,0x19,0x88,0x22,0xAF,0x20,0xAA,0x14,0x35,0x02,0x11,0xEF,0x32,0xE1,0xEA,0xDC,
    0x8F,0xE3,0x0F,0xF3,0x96,0x06,0x10,0x18,0x0D,0x22,0x6F,0x21,0x68,0x16,0x67,0x04,
    0x08,0xF1,0x52,0xE2,0xD8,0xDC,0x52,0xE2,0x08,0xF1,0x67,0x04,0x68,0x16,0x6F,0x21,
    0x0D,0x22,0x10,0x18,0x96,0x06,0x0F,0xF3,0x8F,0xE3,0xEA,0xDC,0x32,0xE1,0x11,0xEF,
    0x35,0x02,0xAA,0x14,0xAF,0x20,0x88,0x22,0xA0,0x19,0xBE,0x08,0x23,0xF5,0xEA,0xE4,
    0x1F,0xDD,0x31,0xE0,0x2A,0xED,0x00,0x00,0xD6,0x12,0xCF,0x1F,0xE1,0x22,0x16,0x1B,
    0xDD,0x0A,0x42,0xF7,0x60,0xE6,0x78,0xDD,0x51,0xDF,0x56,0xEB,0xCB,0xFD,0xEF,0x10,
    0xCE,0x1E,0x16,0x23,0x71,0x1C,0xF1,0x0C,0x6A,0xF9,0xF0,0xE7,0xF3,0xDD,0x91,0xDE,
    0x98,0xE9,0x99,0xFB,0xF8,0x0E,0xAE,0x1D,0x28,0x23,0xAE,0x1D,0xF8,0x0E,0x99,0xFB,
    0x98,0xE9,0x91,0xDE,0xF3,0xDD,0xF0,0xE7,0x6A,0xF9,0xF1,0x0C,0x71,0x1C,0x16,0x23,
    0xCE,0x1E,0xEF,0x10,0xCB,0xFD,0x56,0xEB,0x51,0xDF,0x78,0xDD,0x60,0xE6,0x42,0xF7,
    0xDD,0x0A,0x16,0x1B,0xE1,0x22,0xCF,0x1F,0xD6,0x12,0x00,0x00,0x2A,0xED,0x31,0xE0,
    0x1F,0xDD,0xEA,0xE4,0x23,0xF5,0xBE,0x08,0xA0,0x19,0x88,0x22,0xAF,0x20,0xAA,0x14,
    0x35,0x02,0x11,0xEF,0x32,0xE1,0xEA,0xDC,0x8F,0xE3,0x0F,0xF3,0x96,0x06,0x10,0x18,
    0x0D,0x22,0x6F,0x21,0x68,0x16,0x67,0x04,0x08,0xF1,0x52,0xE2,0xD8,0xDC,0x52,0xE2,
    0x08,0xF1,0x67,0x04,0x68,0x16,0x6F,0x21,0x0D,0x22,0x10,0x18,0x96,0x06,0x0F,0xF3,
    0x8F,0xE3,0xEA,0xDC,0x32,0xE1,0x11,0xEF,0x35,0x02,0xAA,0x14,0xAF,0x20,0x88,0x22,
    0xA0,0x19,0xBE,0x08,0x23,0xF5,0xEA,0xE4,0x1F,0xDD,0x31,0xE0,0x2A,0xED,0x00,0x00,
    0xD6,0x12,0xCF,0x1F,0xE1,0x22,0x16,0x1B,0xDD,0x0A,0x42,0xF7,0x60,0xE6,0x78,0xDD,
    0x51,0xDF,0x56,0xEB,0xCB,0xFD,0xEF,0x10,0xCE,0x1E,0x16,0x23,0x71,0x1C,0xF1,0x0C,
    0x6A,0xF9,0xF0,0xE7,0xF3,0xDD,0x91,0xDE,0x98,0xE9,0x99,0xFB,0xF8,0x0E,0xAE,0x1D,
    0x28,0x23,0xAE,0x1D,0xF8,0x0E,0x99,0xFB,0x98,0xE9,0x91,0xDE,0xF3,0xDD,0xF0,0xE7,
    0x6A,0xF9,0xF1,0x0C,0x71,0x1C,0x16,0x23,0xCE,0x1E,0xEF,0x10,0xCB,0xFD,0x56,0xEB,
    0x51,0xDF,0x78,0xDD,0x60,0xE6,0x42,0xF7,0xDD,0x0A,0x16,0x1B,0xE1,0x22,0xCF,0x1F,
    0xD6,0x12,0x00,0x00,0x2A,0xED,0x31,0xE0,0x1F,0xDD,0xEA,0xE4,0x23,0xF5,0xBE,0x08,
    0xA0,0x19,0x88,0x22,0xAF,0x20,0xAA,0x14,0x35,0x02,0x11,0xEF,0x32,0xE1,0xEA,0xDC,
    0x8F,0xE3,0x0F,0xF3,0x96,0x06,0x10,0x18,0x0D,0x22,0x6F,0x21,0x68,0x16,0x67,0x04,
    0x08,0xF1,0x52,0xE2,0xD8,0xDC,0x52,0xE2,0x08,0xF1,0x67,0x04,0x68,0x16,0x6F,0x21,
    0x0D,0x22,0x10,0x18,0x96,0x06,0x0F,0xF3,0x8F,0xE3,0xEA,0xDC,0x32,0xE1,0x11,0xEF,
    0x35,0x02,0xAA,0x14,0xAF,0x20,0x88,0x22,0xA0,0x19,0xBE,0x08,0x23,0xF5,0xEA,0xE4,
    0x1F,0xDD,0x31,0xE0,0x2A,0xED,0x00,0x00,0xD6,0x12,0xCF,0x1F,0xE1,0x22,0x16,0x1B,
    0xDD,0x0A,0x42,0xF7,0x60,0xE6,0x78,0xDD,0x51,0xDF,0x56,0xEB,0xCB,0xFD,0xEF,0x10,
    0xCE,0x1E,0x16,0x23,0x71,0x1C,0xF1,0x0C,0x6A,0xF9,0xF0,0xE7,0xF3,0xDD,0x91,0xDE,
    0x98,0xE9,0x99,0xFB,0xF8,0x0E,0xAE,0x1D,0x28,0x23,0xAE,0x1D,0xF8,0x0E,0x99,0xFB,
    0x98,0xE9,0x91,0xDE,0xF3,0xDD,0xF0,0xE7,0x6A,0xF9,0xF1,0x0C,0x71,0x1C,0x16,0x23,
    0xCE,0x1E,0xEF,0x10,0xCB,0xFD,0x56,0xEB,0x51,0xDF,0x78,0xDD,0x60,0xE6,0x42,0xF7,
    0xDD,0x0A,0x16,0x1B,0xE1,0x22,0xCF,0x1F,0xD6,0x12,0x00,0x00,0x2A,0xED,0x31,0xE0,
    0x1F,0xDD,0xEA,0xE4,0x23,0xF5,0xBE,0x08,0xA0,0x19,0x88,0x22,0xAF,0x20,0xAA,0x14,
    0x35,0x02,0x11,0xEF,0x32,0xE1,0xEA,0xDC,0x8F,0xE3,0x0F,0xF3,0x96,0x06,0x10,0x18,
    0x0D,0x22,0x6F,0x21,0x68,0x16,0x67,0x04,0x08,0xF1,0x52,0xE2,0xD8,0xDC,0x52,0xE2,
    0x08,0xF1,0x67,0x04,0x68,0x16,0x6F,0x21,0x0D,0x22,0x10,0x18,0x96,0x06,0x0F,0xF3,
    0x8F,0xE3,0xEA,0xDC,0x32,0xE1,0x11,0xEF,0x35,0x02,0xAA,0x14,0xAF,0x20,0x88,0x22,
    0xA0,0x19,0xBE,0x08,0x23,0xF5,0xEA,0xE4,0x1F,0xDD,0x31,0xE0,0x2A,0xED,0x30,0x30,
    0x64,0x63,0x34,0x06,0x00,0x00,0xFF,0xD8,0xFF,0xE0,0x00,0x10,0x4A,0x46,0x49,0x46,
    0x00,0x01,0x01,0x00,0x00,0x01,0x00,0x01,0x00,0x00,0xFF,0xDB,0x00,0x43,0x00,0x06,
    0x04,0x05,0x06,0x05,0x04,0x06,0x06,0x05,0x06,0x07,0x07,0x06,0x08,0x0A,0x10,0x0A,
    0x0A,0x09,0x09,0x0A,0x14,0x0E,0x0F,0x0C,0x10,0x17,0x14,0x18,0x18,0x17,0x14,0x16,
    0x16,0x1A,0x1D,0x25,0x1F,0x1A,0x1B,0x23,0x1C,0x16,0x16,0x20,0x2C,0x20,0x23,0x26,
    0x27,0x29,0x2A,0x29,0x19,0x1F,0x2D,0x30,0x2D,0x28,0x30,0x25,0x28,0x29,0x28,0xFF,
    0xDB,0x00,0x43,0x01,0x07,0x07,0x07,0x0A,0x08,0x0A,0x13,0x0A,0x0A,0x13,0x28,0x1A,
    0x16,0x1A,0x28,0x28,0x28,0x28,0x28,0x28,0x28,0x28,0x28,0x28,0x28,0x28,0x28,0x28,
    0x28,0x28,0x28,0x28,0x28,0x28,0x28,0x28,0x28,0x28,0x28,0x28,0x28,0x28,0x28,0x28,
    0x28,0x28,0x28,0x28,0x28,0x28,0x28,0x28,0x28,0x28,0x28,0x28,0x28,0x28,0x28,0x28,
    0x28,0x28,0x28,0x28,0xFF,0xC0,0x00,0x11,0x08,0x00,0x3C,0x00,0x50,0x03,0x01,0x11,
    0x00,0x02,0x11,0x01,0x03,0x11,0x01,0xFF,0xC4,0x00,0x1F,0x00,0x00,0x01,0x05,0x01,
    0x01,0x01,0x01,0x01,0x01,0x00,0x00,0x00,0x00,0x00,0x00,0x00,0x00,0x01,0x02,0x03,
    0x04,0x05,0x06,0x07,0x08,0x09,0x0A,0x0B,0xFF,0xC4,0x00,0xB5,0x10,0x00,0x02,0x01,
    0x03,0x03,0x02,0x04,0x03,0x05,0x05,0x04,0x04,0x00,0x00,0x01,0x7D,0x01,0x02,0x03,
    0x00,0x04,0x11,0x05,0x12,0x21,0x31,0x41,0x06,0x13,0x51,0x61,0x07,0x22,0x71,0x14,
    0x32,0x81,0x91,0xA1,0x08,0x23,0x42,0xB1,0xC1,0x15,0x52,0xD1,0xF0,0x24,0x33,0x62,
    0x72,0x82,0x09,0x0A,0x16,0x17,0x18,0x19,0x1A,0x25,0x26,0x27,0x28,0x29,0x2A,0x34,
    0x35,0x36,0x37,0x38,0x39,0x3A,0x43,0x44,0x45,0x46,0x47,0x48,0x49,0x4A,0x53,0x54,
    0x55,0x56,0x57,0x58,0x59,0x5A,0x63,0x64,0x65,0x66,0x67,0x68,0x69,0x6A,0x73,0x74,
    0x75,0x76,0x77,0x78,0x79,0x7A,0x83,0x84,0x85,0x86,0x87,0x88,0x89,0x8A,0x92,0x93,
    0x94,0x95,0x96,0x97,0x98,0x99,0x9A,0xA2,0xA3,0xA4,0xA5,0xA6,0xA7,0xA8,0xA9,0xAA,
    0xB2,0xB3,0xB4,0xB5,0xB6,0xB7,0xB8,0xB9,0xBA,0xC2,0xC3,0xC4,0xC5,0xC6,0xC7,0xC8,
    0xC9,0xCA,0xD2,0xD3,0xD4,0xD5,0xD6,0xD7,0xD8,0xD9,0xDA,0xE1,0xE2,0xE3,0xE4,0xE5,
    0xE6,0xE7,0xE8,0xE9,0xEA,0xF1,0xF2,0xF3,0xF4,0xF5,0xF6,0xF7,0xF8,0xF9,0xFA,0xFF,
    0xC4,0x00,0x1F,0x01,0x00,0x03,0x01,0x01,0x01,0x01,0x01,0x01,0x01,0x01,0x01,0x00,
    0x00,0x00,0x00,0x00,0x00,0x01,0x02,0x03,0x04,0x05,0x06,0x07,0x08,0x09,0x0A,0x0B,
    0xFF,0xC4,0x00,0xB5,0x11,0x00,0x02,0x01,0x02,0x04,0x04,0x03,0x04,0x07,0x05,0x04,
    0x04,0x00,0x01,0x02,0x77,0x00,0x01,0x02,0x03,0x11,0x04,0x05,0x21,0x31,0x06,0x12,
    0x41,0x51,0x07,0x61,0x71,0x13,0x22,0x32,0x81,0x08,0x14,0x42,0x91,0xA1,0xB1,0xC1,
    0x09,0x23,0x33,0x52,0xF0,0x15,0x62,0x72,0xD1,0x0A,0x16,0x24,0x34,0xE1,0x25,0xF1,
    0x17,0x18,0x19,0x1A,0x26,0x27,0x28,0x29,0x2A,0x35,0x36,0x37,0x38,0x39,0x3A,0x43,
    0x44,0x45,0x46,0x47,0x48,0x49,0x4A,0x53,0x54,0x55,0x56,0x57,0x58,0x59,0x5A,0x63,
    0x64,0x65,0x66,0x67,0x68,0x69,0x6A,0x73,0x74,0x75,0x76,0x77,0x78,0x79,0x7A,0x82,
    0x83,0x84,0x85,0x86,0x87,0x88,0x89,0x8A,0x92,0x93,0x94,0x95,0x96,0x97,0x98,0x99,
    0x9A,0xA2,0xA3,0xA4,0xA5,0xA6,0xA7,0xA8,0xA9,0xAA,0xB2,0xB3,0xB4,0xB5,0xB6,0xB7,
    0xB8,0xB9,0xBA,0xC2,0xC3,0xC4,0xC5,0xC6,0xC7,0xC8,0xC9,0xCA,0xD2,0xD3,0xD4,0xD5,
    0xD6,0xD7,0xD8,0xD9,0xDA,0xE2,0xE3,0xE4,0xE5,0xE6,0xE7,0xE8,0xE9,0xEA,0xF2,0xF3,
    0xF4,0xF5,0xF6,0xF7,0xF8,0xF9,0xFA,0xFF,0xDA,0x00,0x0C,0x03,0x01,0x00,0x02,0x11,
    0x03,0x11,0x00,0x3F,0x00,0xF9,0xCA,0x3B,0x6F,0x6A,0xFB,0x07,0x33,0x96,0x9D,0x42,
    0xD4,0x76,0xDE,0xD5,0x93,0x99,0xDD,0x4E,0xA1,0x66,0x3B,0x6F,0x6A,0xC9,0xCC,0xEE,
    0xA7,0x50,0xB5,0x1D,0xB7,0xB5,0x66,0xE6,0x77,0x53,0xA8,0x59,0x8E,0xDB,0xDA,0xB2,
    0x73,0x3B,0x69,0xD4,0x2D,0x47,0x6D,0xED,0x59,0x39,0x9D,0xD4,0xEA,0x16,0x63,0xB6,
    0xF6,0xAC,0xDC,0xCE,0xEA,0x75,0x0B,0x51,0xDB,0x7B,0x56,0x4E,0x67,0x6D,0x3A,0x85,
    0xA8,0xED,0xBD,0xAB,0x37,0x33,0xBA,0x9D,0x42,0xCC,0x76,0xDE,0xD5,0x93,0x99,0xDD,
    0x4E,0xA1,0xC1,0x47,0x6D,0xED,0x5E,0xEB,0x99,0xFC,0xE9,0x4E,0xA1,0x6A,0x3B,0x6F,
    0x6A,0xCD,0xCC,0xEE,0xA7,0x50,0xB3,0x1D,0xB7,0xB5,0x64,0xE6,0x77,0x53,0xA8,0x5A,
    0x8E,0xDB,0xDA,0xB3,0x73,0x3B,0x69,0xD4,0x2C,0xC7,0x6D,0xED,0x59,0x39,0x9D,0xD4,
    0xEA,0x16,0xA3,0xB6,0xF6,0xAC,0x9C,0xCE,0xEA,0x75,0x0B,0x51,0xDB,0x7B,0x56,0x6E,
    0x67,0x6D,0x3A,0x85,0xA8,0x2D,0x19,0xDD,0x55,0x14,0xB3,0x31,0xC0,0x00,0x64,0x93,
    0x59,0x39,0xDC,0xEC,0x55,0xE3,0x4E,0x2E,0x73,0x76,0x4B,0x56,0xDF,0x43,0x64,0x78,
    0x77,0x50,0x48,0x44,0xA6,0xD5,0xF6,0xE0,0x1C,0x02,0x0B,0x73,0xFE,0xCF,0x5A,0x25,
    0x09,0xDA,0xF6,0x38,0xA8,0xF1,0x56,0x57,0x2A,0xBE,0xC7,0xDB,0xAB,0xEB,0xBD,0xD2,
    0xD3,0xFB,0xCD,0x72,0xFA,0x3B,0xEB,0xD0,0x82,0x3B,0x6F,0x6A,0xE6,0x73,0x3E,0xAE,
    0x9D,0x43,0x82,0x8E,0xDB,0xDA,0xBD,0xD7,0x33,0xF9,0xD2,0x9D,0x42,0xD4,0x76,0xDE,
    0xD5,0x9B,0x99,0xDB,0x4E,0xA1,0x66,0x3B,0x6F,0x6A,0xC9,0xCC,0xEE,0xA7,0x50,0xB5,
    0x1D,0xB7,0xB5,0x64,0xE6,0x77,0x53,0xA8,0x59,0x8E,0xDB,0xDA,0xB3,0x73,0x3B,0xA9,
    0xD4,0x2D,0x47,0x6D,0xED,0x59,0x39,0x9D,0xB4,0xEA,0x16,0xA3,0xB6,0xF6,0xAC,0xDC,
    0xCE,0xEA,0x75,0x0E,0xB7,0xC2,0x16,0x11,0xAA,0x49,0x74,0xCA,0x0C,0x81,0xB6,0x2E,
    0x47,0xDD,0xE3,0x92,0x3E,0xB9,0xFF,0x00,0x39,0xAE,0x9C,0x2A,0x4D,0x39,0x9F,0x1D,
    0xC6,0x19,0x85,0x4E,0x68,0x60,0xE2,0xED,0x16,0xB9,0x9F,0x9E,0xBA,0x2F,0x95,0xAF,
    0xF3,0xDB,0x44,0x74,0xB5,0xD8,0x7C,0x31,0xCF,0xEB,0xB6,0x51,0xAD,0xCA,0x4B,0x1A,
    0x80,0x64,0xCE,0xE0,0x07,0x71,0xDF,0xF5,0xAF,0x27,0x1F,0x15,0x09,0x29,0x2E,0xA7,
    0xEB,0x9C,0x07,0x9A,0x55,0xC4,0x61,0xA7,0x86,0xAA,0xEF,0xEC,0xED,0x67,0xE4,0xEF,
    0x65,0xF2,0xB6,0x9A,0xEC,0xED,0xA2,0x48,0xF2,0xC8,0xED,0xBD,0xAB,0xD0,0x73,0x3F,
    0x2B,0xA7,0x50,0xB5,0x1D,0xB7,0xB5,0x66,0xE6,0x77,0x53,0xA8,0x59,0x8E,0xDB,0xDA,
    0xB2,0x73,0x3B,0xA9,0xD4,0x2D,0x47,0x6D,0xED,0x59,0x39,0x9D,0xB4,0xEA,0x16,0x63,
    0xB6,0xF6,0xAC,0xDC,0xCE,0xEA,0x75,0x0B,0x51,0xDB,0x7B,0x56,0x4E,0x67,0x75,0x3A,
    0x85,0xA8,0xED,0xBD,0xAB,0x27,0x33,0xBA,0x9D,0x43,0x63,0x46,0x98,0xDA,0x31,0x46,
    0x04,0xC4,0xE7,0x9F,0xF6,0x4F,0xAD,0x6F,0x86,0xC5,0xAA,0x52,0xB4,0xB6,0x67,0x97,
    0x9D,0xE5,0x5F,0xDA,0x34,0xD4,0xE9,0x7F,0x12,0x3B,0x79,0xAE,0xD7,0xFC,0xBA,0x6F,
    0xDE,0xEB,0x77,0xED,0x11,0x6D,0xDD,0xE6,0x2E,0x3F,0x5F,0xCA,0xBD,0x37,0x8B,0xA2,
    0xA3,0xCC,0xE4,0xBF,0xAF,0x2D,0xCF,0x8B,0x86,0x4B,0x8F,0x9D,0x4F,0x64,0xA9,0x3B,
    0xFA,0x59,0x7D,0xEF,0x4F,0xC7,0x5E,0x86,0x75,0xCE,0x6E,0x65,0x0C,0x41,0x0A,0x38,
    0x02,0xBC,0x0C,0x5E,0x2F,0xDB,0xCE,0xFD,0x16,0xC7,0xEA,0xDC,0x3D,0x95,0xC7,0x29,
    0xC3,0xFB,0x3B,0xDE,0x72,0xD6,0x4F,0xF4,0x5D,0x6C,0xBA,0x5F,0xBB,0x7A,0x5E,0xC7,
    0x9D,0x47,0x6D,0xED,0x5E,0xAB,0x99,0xF8,0x7D,0x3A,0x85,0xA8,0xED,0xBD,0xAB,0x27,
    0x33,0xBA,0x9D,0x42,0xCC,0x76,0xDE,0xD5,0x9B,0x99,0xDD,0x4E,0xA1,0x6A,0x3B,0x6F,
    0x6A,0xC9,0xCC,0xED,0xA7,0x50,0xB5,0x1D,0xB7,0xB5,0x66,0xE6,0x77,0x53,0xA8,0x59,
    0x8E,0xDB,0xDA,0xB2,0x73,0x3B,0xA9,0xD4,0x2D,0x47,0x6D,0xED,0x59,0x39,0x9D,0xB4,
    0xEA,0x16,0x63,0xB6,0xF6,0xAC,0xDC,0xCE,0xEA,0x75,0x0B,0x51,0xDB,0x7B,0x56,0x4E,
    0x67,0x75,0x3A,0x85,0x98,0xED,0xBD,0xAB,0x27,0x33,0xBA,0x9D,0x43,0x82,0x8E,0xDB,
    0xDA,0xBD,0xE7,0x33,0xF9,0xD2,0x9D,0x42,0xD4,0x76,0xDE,0xD5,0x93,0x99,0xDD,0x4E,
    0xA1,0x66,0x3B,0x6F,0x6A,0xCD,0xCC,0xED,0xA7,0x50,0xB5,0x1D,0xB7,0xB5,0x64,0xE6,
    0x77,0x53,0xA8,0x5A,0x8E,0xDB,0xDA,0xB2,0x73,0x3B,0xA9,0xD4,0x2C,0xC7,0x6D,0xED,
    0x59,0xB9,0x9D,0xB4,0xEA,0x16,0xA3,0xB6,0xF6,0xAC,0x9C,0xCE,0xEA,0x75,0x0B,0x31,
    0xDB,0x7B,0x56,0x6E,0x67,0x75,0x3A,0x85,0xA8,0xED,0xBD,0xAB,0x27,0x33,0xBA,0x9D,
    0x42,0xCC,0x76,0xDE,0xD5,0x93,0x99,0xDB,0x4E,0xA1,0xC1,0x47,0x6D,0xED,0x5E,0xF3,
    0x99,0xFC,0xE9,0x4E,0xA1,0x6A,0x3B,0x6F,0x6A,0xC9,0xCC,0xEE,0xA7,0x50,0xB3,0x1D,
    0xB7,0xB5,0x66,0xE6,0x77,0x53,0xA8,0x5A,0x8E,0xDB,0xDA,0xB2,0x73,0x3B,0xA9,0xD4,
    0x2D,0x47,0x6D,0xED,0x59,0x39,0x9D,0xB4,0xEA,0x16,0x63,0xB6,0xF6,0xAC,0xDC,0xCE,
    0xEA,0x75,0x0B,0x51,0xDB,0x7B,0x56,0x4E,0x67,0x75,0x3A,0x85,0x98,0xED,0xBD,0xAB,
    0x27,0x33,0xB6,0x9D,0x42,0xD4,0x76,0xDE,0xD5,0x9B,0x99,0xDD,0x4E,0xA1,0x66,0x3B,
    0x6F,0x6A,0xC9,0xCC,0xEE,0xA7,0x50,0xF3,0xE8,0xD1,0x7D,0x2B,0xE8,0x1B,0x67,0xF3,
    0xB5,0x39,0x32,0xD4,0x68,0xBE,0x95,0x93,0x6C,0xEE,0xA7,0x26,0x5A,0x8D,0x17,0xD2,
    0xB2,0x6D,0x9D,0xD4,0xE4,0xCB,0x31,0xA2,0xFA,0x56,0x6D,0xB3,0xBA,0x9C,0x99,0x6A,
    0x34,0x5F,0x4A,0xC9,0xB6,0x76,0xD3,0x93,0x2C,0xC6,0x8B,0xE9,0x59,0xB6,0xCE,0xEA,
    0x72,0x65,0xA8,0xD1,0x7D,0x2B,0x26,0xD9,0xDD,0x4E,0x4C,0xB3,0x1A,0x2F,0xA5,0x64,
    0xDB,0x3B,0x69,0xC9,0x96,0xA3,0x45,0xF4,0xAC,0x9B,0x67,0x75,0x39,0x32,0xD4,0x68,
    0xBE,0x95,0x9B,0x6C,0xEE,0xA7,0x26,0x7F,0xFF,0xD9,0x30,0x31,0x77,0x62,0xD0,0x07,
    0x00,0x00,0x00,0x00,0x88,0x13,0x7A,0x20,0x7B,0x22,0xDB,0x18,0xDB,0x06,0x8C,0xF2,
    0xC5,0xE2,0xD8,0xDC,0xC5,0xE2,0x8C,0xF2,0xDB,0x06,0xDB,0x18,0x7B,0x22,0x7A,0x20,
    0x88,0x13,0x00,0x00,0x78,0xEC,0x86,0xDF,0x85,0xDD,0x25,0xE7,0x25,0xF9,0x74,0x0D,
    0x3B,0x1D,0x28,0x23,0x3B,0x1D,0x74,0x0D,0x25,0xF9,0x25,0xE7,0x85,0xDD,0x86,0xDF,
    0x78,0xEC,0x00,0x00,0x88,0x13,0x7A,0x20,0x7B,0x22,0xDB,0x18,0xDB,0x06,0x8C,0xF2,
    0xC5,0xE2,0xD8,0xDC,0xC5,0xE2,0x8C,0xF2,0xDB,0x06,0xDB,0x18,0x7B,0x22,0x7A,0x20,
    0x88,0x13,0x00,0x00,0x78,0xEC,0x86,0xDF,0x85,0xDD,0x25,0xE7,0x25,0xF9,0x74,0x0D,
    0x3B,0x1D,0x28,0x23,0x3B,0x1D,0x74,0x0D,0x25,0xF9,0x25,0xE7,0x85,0xDD,0x86,0xDF,
    0x78,0xEC,0x00,0x00,0x88,0x13,0x7A,0x20,0x7B,0x22,0xDB,0x18,0xDB,0x06,0x8C,0xF2,
    0xC5,0xE2,0xD8,0xDC,0xC5,0xE2,0x8C,0xF2,0xDB,0x06,0xDB,0x18,0x7B,0x22,0x7A,0x20,
    0x88,0x13,0x00,0x00,0x78,0xEC,0x86,0xDF,0x85,0xDD,0x25,0xE7,0x25,0xF9,0x74,0x0D,
    0x3B,0x1D,0x28,0x23,0x3B,0x1D,0x74,0x0D,0x25,0xF9,0x25,0xE7,0x85,0xDD,0x86,0xDF,
    0x78,0xEC,0x00,0x00,0x88,0x13,0x7A,0x20,0x7B,0x22,0xDB,0x18,0xDB,0x06,0x8C,0xF2,
    0xC5,0xE2,0xD8,0xDC,0xC5,0xE2,0x8C,0xF2,0xDB,0x06,0xDB,0x18,0x7B,0x22,0x7A,0x20,
    0x88,0x13,0x00,0x00,0x78,0xEC,0x86,0xDF,0x85,0xDD,0x25,0xE7,0x25,0xF9,0x74,0x0D,
    0x3B,0x1D,0x28,0x23,0x3B,0x1D,0x74,0x0D,0x25,0xF9,0x25,0xE7,0x85,0xDD,0x86,0xDF,
    0x78,0xEC,0x00,0x00,0x88,0x13,0x7A,0x20,0x7B,0x22,0xDB,0x18,0xDB,0x06,0x8C,0xF2,
    0xC5,0xE2,0xD8,0xDC,0xC5,0xE2,0x8C,0xF2,0xDB,0x06,0xDB,0x18,0x7B,0x22,0x7A,0x20,
    0x88,0x13,0x00,0x00,0x78,0xEC,0x86,0xDF,0x85,0xDD,0x25,0xE7,0x25,0xF9,0x74,0x0D,
    0x3B,0x1D,0x28,0x23,0x3B,0x1D,0x74,0x0D,0x25,0xF9,0x25,0xE7,0x85,0xDD,0x86,0xDF,
    0x78,0xEC,0x00,0x00,0x88,0x13,0x7A,0x20,0x7B,0x22,0xDB,0x18,0xDB,0x06,0x8C,0xF2,
    0xC5,0xE2,0xD8,0xDC,0xC5,0xE2,0x8C,0xF2,0xDB,0x06,0xDB,0x18,0x7B,0x22,0x7A,0x20,
    0x88,0x13,0x00,0x00,0x78,0xEC,0x86,0xDF,0x85,0xDD,0x25,0xE7,0x25,0xF9,0x74,0x0D,
    0x3B,0x1D,0x28,0x23,0x3B,0x1D,0x74,0x0D,0x25,0xF9,0x25,0xE7,0x85,0xDD,0x86,0xDF,
    0x78,0xEC,0x00,0x00,0x88,0x13,0x7A,0x20,0x7B,0x22,0xDB,0x18,0xDB,0x06,0x8C,0xF2,
    0xC5,0xE2,0xD8,0xDC,0xC5,0xE2,0x8C,0xF2,0xDB,0x06,0xDB,0x18,0x7B,0x22,0x7A,0x20,
    0x88,0x13,0x00,0x00,0x78,0xEC,0x86,0xDF,0x85,0xDD,0x25,0xE7,0x25,0xF9,0x74,0x0D,
    0x3B,0x1D,0x28,0x23,0x3B,0x1D,0x74,0x0D,0x25,0xF9,0x25,0xE7,0x85,0xDD,0x86,0xDF,
    0x78,0xEC,0x00,0x00,0x88,0x13,0x7A,0x20,0x7B,0x22,0xDB,0x18,0xDB,0x06,0x8C,0xF2,
    0xC5,0xE2,0xD8,0xDC,0xC5,0xE2,0x8C,0xF2,0xDB,0x06,0xDB,0x18,0x7B,0x22,0x7A,0x20,
    0x88,0x13,0x00,0x00,0x78,0xEC,0x86,0xDF,0x85,0xDD,0x25,0xE7,0x25,0xF9,0x74,0x0D,
    0x3B,0x1D,0x28,0x23,0x3B,0x1D,0x74,0x0D,0x25,0xF9,0x25,0xE7,0x85,0xDD,0x86,0xDF,
    0x78,0xEC,0x00,0x00,0x88,0x13,0x7A,0x20,0x7B,0x22,0xDB,0x18,0xDB,0x06,0x8C,0xF2,
    0xC5,0xE2,0xD8,0xDC,0xC5,0xE2,0x8C,0xF2,0xDB,0x06,0xDB,0x18,0x7B,0x22,0x7A,0x20,
    0x88,0x13,0x00,0x00,0x78,0xEC,0x86,0xDF,0x85,0xDD,0x25,0xE7,0x25,0xF9,0x74,0x0D,
    0x3B,0x1D,0x28,0x23,0x3B,0x1D,0x74,0x0D,0x25,0xF9,0x25,0xE7,0x85,0xDD,0x86,0xDF,
    0x78,0xEC,0x00,0x00,0x88,0x13,0x7A,0x20,0x7B,0x22,0xDB,0x18,0xDB,0x06,0x8C,0xF2,
    0xC5,0xE2,0xD8,0xDC,0xC5,0xE2,0x8C,0xF2,0xDB,0x06,0xDB,0x18,0x7B,0x22,0x7A,0x20,
    0x88,0x13,0x00,0x00,0x78,0xEC,0x86,0xDF,0x85,0xDD,0x25,0xE7,0x25,0xF9,0x74,0x0D,
    0x3B,0x1D,0x28,0x23,0x3B,0x1D,0x74,0x0D,0x25,0xF9,0x25,0xE7,0x85,0xDD,0x86,0xDF,
    0x78,0xEC,0x00,0x00,0x88,0x13,0x7A,0x20,0x7B,0x22,0xDB,0x18,0xDB,0x06,0x8C,0xF2,
    0xC5,0xE2,0xD8,0xDC,0xC5,0xE2,0x8C,0xF2,0xDB,0x06,0xDB,0x18,0x7B,0x22,0x7A,0x20,
    0x88,0x13,0x00,0x00,0x78,0xEC,0x86,0xDF,0x85,0xDD,0x25,0xE7,0x25,0xF9,0x74,0x0D,
    0x3B,0x1D,0x28,0x23,0x3B,0x1D,0x74,0x0D,0x25,0xF9,0x25,0xE7,0x85,0xDD,0x86,0xDF,
    0x78,0xEC,0x00,0x00,0x88,0x13,0x7A,0x20,0x7B,0x22,0xDB,0x18,0xDB,0x06,0x8C,0xF2,
    0xC5,0xE2,0xD8,0xDC,0xC5,0xE2,0x8C,0xF2,0xDB,0x06,0xDB,0x18,0x7B,0x22,0x7A,0x20,
    0x88,0x13,0x00,0x00,0x78,0xEC,0x86,0xDF,0x85,0xDD,0x25,0xE7,0x25,0xF9,0x74,0x0D,
    0x3B,0x1D,0x28,0x23,0x3B,0x1D,0x74,0x0D,0x25,0xF9,0x25,0xE7,0x85,0xDD,0x86,0xDF,
    0x78,0xEC,0x00,0x00,0x88,0x13,0x7A,0x20,0x7B,0x22,0xDB,0x18,0xDB,0x06,0x8C,0xF2,
    0xC5,0xE2,0xD8,0xDC,0xC5,0xE2,0x8C,0xF2,0xDB,0x06,0xDB,0x18,0x7B,0x22,0x7A,0x20,
    0x88,0x13,0x00,0x00,0x78,0xEC,0x86,0xDF,0x85,0xDD,0x25,0xE7,0x25,0xF9,0x74,0x0D,
    0x3B,0x1D,0x28,0x23,0x3B,0x1D,0x74,0x0D,0x25,0xF9,0x25,0xE7,0x85,0xDD,0x86,0xDF,
    0x78,0xEC,0x00,0x00,0x88,0x13,0x7A,0x20,0x7B,0x22,0xDB,0x18,0xDB,0x06,0x8C,0xF2,
    0xC5,0xE2,0xD8,0xDC,0xC5,0xE2,0x8C,0xF2,0xDB,0x06,0xDB,0x18,0x7B,0x22,0x7A,0x20,
    0x88,0x13,0x00,0x00,0x78,0xEC,0x86,0xDF,0x85,0xDD,0x25,0xE7,0x25,0xF9,0x74,0x0D,
    0x3B,0x1D,0x28,0x23,0x3B,0x1D,0x74,0x0D,0x25,0xF9,0x25,0xE7,0x85,0xDD,0x86,0xDF,
    0x78,0xEC,0x00,0x00,0x88,0x13,0x7A,0x20,0x7B,0x22,0xDB,0x18,0xDB,0x06,0x8C,0xF2,
    0xC5,0xE2,0xD8,0xDC,0xC5,0xE2,0x8C,0xF2,0xDB,0x06,0xDB,0x18,0x7B,0x22,0x7A,0x20,
    0x88,0x13,0x00,0x00,0x78,0xEC,0x86,0xDF,0x85,0xDD,0x25,0xE7,0x25,0xF9,0x74,0x0D,
    0x3B,0x1D,0x28,0x23,0x3B,0x1D,0x74,0x0D,0x25,0xF9,0x25,0xE7,0x85,0xDD,0x86,0xDF,
    0x78,0xEC,0x00,0x00,0x88,0x13,0x7A,0x20,0x7B,0x22,0xDB,0x18,0xDB,0x06,0x8C,0xF2,
    0xC5,0xE2,0xD8,0xDC,0xC5,0xE2,0x8C,0xF2,0xDB,0x06,0xDB,0x18,0x7B,0x22,0x7A,0x20,
    0x88,0x13,0x00,0x00,0x78,0xEC,0x86,0xDF,0x85,0xDD,0x25,0xE7,0x25,0xF9,0x74,0x0D,
    0x3B,0x1D,0x28,0x23,0x3B,0x1D,0x74,0x0D,0x25,0xF9,0x25,0xE7,0x85,0xDD,0x86,0xDF,
    0x78,0xEC,0x00,0x00,0x88,0x13,0x7A,0x20,0x7B,0x22,0xDB,0x18,0xDB,0x06,0x8C,0xF2,
    0xC5,0xE2,0xD8,0xDC,0xC5,0xE2,0x8C,0xF2,0xDB,0x06,0xDB,0x18,0x7B,0x22,0x7A,0x20,
    0x88,0x13,0x00,0x00,0x78,0xEC,0x86,0xDF,0x85,0xDD,0x25,0xE7,0x25,0xF9,0x74,0x0D,
    0x3B,0x1D,0x28,0x23,0x3B,0x1D,0x74,0x0D,0x25,0xF9,0x25,0xE7,0x85,0xDD,0x86,0xDF,
    0x78,0xEC,0x00,0x00,0x88,0x13,0x7A,0x20,0x7B,0x22,0xDB,0x18,0xDB,0x06,0x8C,0xF2,
    0xC5,0xE2,0xD8,0xDC,0xC5,0xE2,0x8C,0xF2,0xDB,0x06,0xDB,0x18,0x7B,0x22,0x7A,0x20,
    0x88,0x13,0x00,0x00,0x78,0xEC,0x86,0xDF,0x85,0xDD,0x25,0xE7,0x25,0xF9,0x74,0x0D,
    0x3B,0x1D,0x28,0x23,0x3B,0x1D,0x74,0x0D,0x25,0xF9,0x25,0xE7,0x85,0xDD,0x86,0xDF,
    0x78,0xEC,0x00,0x00,0x88,0x13,0x7A,0x20,0x7B,0x22,0xDB,0x18,0xDB,0x06,0x8C,0xF2,
    0xC5,0xE2,0xD8,0xDC,0xC5,0xE2,0x8C,0xF2,0xDB,0x06,0xDB,0x18,0x7B,0x22,0x7A,0x20,
    0x88,0x13,0x00,0x00,0x78,0xEC,0x86,0xDF,0x85,0xDD,0x25,0xE7,0x25,0xF9,0x74,0x0D,
    0x3B,0x1D,0x28,0x23,0x3B,0x1D,0x74,0x0D,0x25,0xF9,0x25,0xE7,0x85,0xDD,0x86,0xDF,
    0x78,0xEC,0x00,0x00,0x88,0x13,0x7A,0x20,0x7B,0x22,0xDB,0x18,0xDB,0x06,0x8C,0xF2,
    0xC5,0xE2,0xD8,0xDC,0xC5,0xE2,0x8C,0xF2,0xDB,0x06,0xDB,0x18,0x7B,0x22,0x7A,0x20,
    0x88,0x13,0x00,0x00,0x78,0xEC,0x86,0xDF,0x85,0xDD,0x25,0xE7,0x25,0xF9,0x74,0x0D,
    0x3B,0x1D,0x28,0x23,0x3B,0x1D,0x74,0x0D,0x25,0xF9,0x25,0xE7,0x85,0xDD,0x86,0xDF,
    0x78,0xEC,0x00,0x00,0x88,0x13,0x7A,0x20,0x7B,0x22,0xDB,0x18,0xDB,0x06,0x8C,0xF2,
    0xC5,0xE2,0xD8,0xDC,0xC5,0xE2,0x8C,0xF2,0xDB,0x06,0xDB,0x18,0x7B,0x22,0x7A,0x20,
    0x88,0x13,0x00,0x00,0x78,0xEC,0x86,0xDF,0x85,0xDD,0x25,0xE7,0x25,0xF9,0x74,0x0D,
    0x3B,0x1D,0x28,0x23,0x3B,0x1D,0x74,0x0D,0x25,0xF9,0x25,0xE7,0x85,0xDD,0x86,0xDF,
    0x78,0xEC,0x00,0x00,0x88,0x13,0x7A,0x20,0x7B,0x22,0xDB,0x18,0xDB,0x06,0x8C,0xF2,
    0xC5,0xE2,0xD8,0xDC,0xC5,0xE2,0x8C,0xF2,0xDB,0x06,0xDB,0x18,0x7B,0x22,0x7A,0x20,
    0x88,0x13,0x00,0x00,0x78,0xEC,0x86,0xDF,0x85,0xDD,0x25,0xE7,0x25,0xF9,0x74,0x0D,
    0x3B,0x1D,0x28,0x23,0x3B,0x1D,0x74,0x0D,0x25,0xF9,0x25,0xE7,0x85,0xDD,0x86,0xDF,
    0x78,0xEC,0x00,0x00,0x88,0x13,0x7A,0x20,0x7B,0x22,0xDB,0x18,0xDB,0x06,0x8C,0xF2,
    0xC5,0xE2,0xD8,0xDC,0xC5,0xE2,0x8C,0xF2,0xDB,0x06,0xDB,0x18,0x7B,0x22,0x7A,0x20,
    0x88,0x13,0x00,0x00,0x78,0xEC,0x86,0xDF,0x85,0xDD,0x25,0xE7,0x25,0xF9,0x74,0x0D,
    0x3B,0x1D,0x28,0x23,0x3B,0x1D,0x74,0x0D,0x25,0xF9,0x25,0xE7,0x85,0xDD,0x86,0xDF,
    0x78,0xEC,0x00,0x00,0x88,0x13,0x7A,0x20,0x7B,0x22,0xDB,0x18,0xDB,0x06,0x8C,0xF2,
    0xC5,0xE2,0xD8,0xDC,0xC5,0xE2,0x8C,0xF2,0xDB,0x06,0xDB,0x18,0x7B,0x22,0x7A,0x20,
    0x88,0x13,0x00,0x00,0x78,0xEC,0x86,0xDF,0x85,0xDD,0x25,0xE7,0x25,0xF9,0x74,0x0D,
    0x3B,0x1D,0x28,0x23,0x3B,0x1D,0x74,0x0D,0x25,0xF9,0x25,0xE7,0x85,0xDD,0x86,0xDF,
    0x78,0xEC,0x00,0x00,0x88,0x13,0x7A,0x20,0x7B,0x22,0xDB,0x18,0xDB,0x06,0x8C,0xF2,
    0xC5,0xE2,0xD8,0xDC,0xC5,0xE2,0x8C,0xF2,0xDB,0x06,0xDB,0x18,0x7B,0x22,0x7A,0x20,
    0x88,0x13,0x00,0x00,0x78,0xEC,0x86,0xDF,0x85,0xDD,0x25,0xE7,0x25,0xF9,0x74,0x0D,
    0x3B,0x1D,0x28,0x23,0x3B,0x1D,0x74,0x0D,0x25,0xF9,0x25,0xE7,0x85,0xDD,0x86,0xDF,
    0x78,0xEC,0x00,0x00,0x88,0x13,0x7A,0x20,0x7B,0x22,0xDB,0x18,0xDB,0x06,0x8C,0xF2,
    0xC5,0xE2,0xD8,0xDC,0xC5,0xE2,0x8C,0xF2,0xDB,0x06,0xDB,0x18,0x7B,0x22,0x7A,0x20,
    0x88,0x13,0x00,0x00,0x78,0xEC,0x86,0xDF,0x85,0xDD,0x25,0xE7,0x25,0xF9,0x74,0x0D,
    0x3B,0x1D,0x28,0x23,0x3B,0x1D,0x74,0x0D,0x25,0xF9,0x25,0xE7,0x85,0xDD,0x86,0xDF,
    0x78,0xEC,0x00,0x00,0x88,0x13,0x7A,0x20,0x7B,0x22,0xDB,0x18,0xDB,0x06,0x8C,0xF2,
    0xC5,0xE2,0xD8,0xDC,0xC5,0xE2,0x8C,0xF2,0xDB,0x06,0xDB,0x18,0x7B,0x22,0x7A,0x20,
    0x88,0x13,0x00,0x00,0x78,0xEC,0x86,0xDF,0x85,0xDD,0x25,0xE7,0x25,0xF9,0x74,0x0D,
    0x3B,0x1D,0x28,0x23,0x3B,0x1D,0x74,0x0D,0x25,0xF9,0x25,0xE7,0x85,0xDD,0x86,0xDF,
    0x78,0xEC,0x00,0x00,0x88,0x13,0x7A,0x20,0x7B,0x22,0xDB,0x18,0xDB,0x06,0x8C,0xF2,
    0xC5,0xE2,0xD8,0xDC,0xC5,0xE2,0x8C,0xF2,0xDB,0x06,0xDB,0x18,0x7B,0x22,0x7A,0x20,
    0x88,0x13,0x00,0x00,0x78,0xEC,0x86,0xDF,0x85,0xDD,0x25,0xE7,0x25,0xF9,0x74,0x0D,
    0x3B,0x1D,0x28,0x23,0x3B,0x1D,0x74,0x0D,0x25,0xF9,0x25,0xE7,0x85,0xDD,0x86,0xDF,
    0x78,0xEC,0x00,0x00,0x88,0x13,0x7A,0x20,0x7B,0x22,0xDB,0x18,0xDB,0x06,0x8C,0xF2,
    0xC5,0xE2,0xD8,0xDC,0xC5,0xE2,0x8C,0xF2,0xDB,0x06,0xDB,0x18,0x7B,0x22,0x7A,0x20,
    0x88,0x13,0x00,0x00,0x78,0xEC,0x86,0xDF,0x85,0xDD,0x25,0xE7,0x25,0xF9,0x74,0x0D,
    0x3B,0x1D,0x28,0x23,0x3B,0x1D,0x74,0x0D,0x25,0xF9,0x25,0xE7,0x85,0xDD,0x86,0xDF,
    0x78,0xEC,0x00,0x00,0x88,0x13,0x7A,0x20,0x7B,0x22,0xDB,0x18,0xDB,0x06,0x8C,0xF2,
    0xC5,0xE2,0xD8,0xDC,0xC5,0xE2,0x8C,0xF2,0xDB,0x06,0xDB,0x18,0x7B,0x22,0x7A,0x20,
    0x88,0x13,0x00,0x00,0x78,0xEC,0x86,0xDF,0x85,0xDD,0x25,0xE7,0x25,0xF9,0x74,0x0D,
    0x3B,0x1D,0x28,0x23,0x3B,0x1D,0x74,0x0D,0x25,0xF9,0x25,0xE7,0x85,0xDD,0x86,0xDF,
    0x78,0xEC,0x00,0x00,0x88,0x13,0x7A,0x20,0x7B,0x22,0xDB,0x18,0xDB,0x06,0x8C,0xF2,
    0xC5,0xE2,0xD8,0xDC,0xC5,0xE2,0x8C,0xF2,0xDB,0x06,0xDB,0x18,0x7B,0x22,0x7A,0x20,
    0x88,0x13,0x00,0x00,0x78,0xEC,0x86,0xDF,0x85,0xDD,0x25,0xE7,0x25,0xF9,0x74,0x0D,
    0x3B,0x1D,0x28,0x23,0x3B,0x1D,0x74,0x0D,0x25,0xF9,0x25,0xE7,0x85,0xDD,0x86,0xDF,
    0x78,0xEC,0x00,0x00,0x88,0x13,0x7A,0x20,0x7B,0x22,0xDB,0x18,0xDB,0x06,0x8C,0xF2,
    0xC5,0xE2,0x30,0x30,0x64,0x63,0x0C,0x06,0x00,0x00,0xFF,0xD8,0xFF,0xE0,0x00,0x10,
    0x4A,0x46,0x49,0x46,0x00,0x01,0x01,0x00,0x00,0x01,0x00,0x01,0x00,0x00,0xFF,0xDB,
    0x00,0x43,0x00,0x06,0x04,0x05,0x06,0x05,0x04,0x06,0x06,0x05,0x06,0x07,0x07,0x06,
    0x08,0x0A,0x10,0x0A,0x0A,0x09,0x09,0x0A,0x14,0x0E,0x0F,0x0C,0x10,0x17,0x14,0x18,
    0x18,0x17,0x14,0x16,0x16,0x1A,0x1D,0x25,0x1F,0x1A,0x1B,0x23,0x1C,0x16,0x16,0x20,
    0x2C,0x20,0x23,0x26,0x27,0x29,0x2A,0x29,0x19,0x1F,0x2D,0x30,0x2D,0x28,0x30,0x25,
    0x28,0x29,0x28,0xFF,0xDB,0x00,0x43,0x01,0x07,0x07,0x07,0x0A,0x08,0x0A,0x13,0x0A,
    0x0A,0x13,0x28,0x1A,0x16,0x1A,0x28,0x28,0x28,0x28,0x28,0x28,0x28,0x28,0x28,0x28,
    0x28,0x28,0x28,0x28,0x28,0x28,0x28,0x28,0x28,0x28,0x28,0x28,0x28,0x28,0x28,0x28,
    0x28,0x28,0x28,0x28,0x28,0x28,0x28,0x28,0x28,0x28,0x28,0x28,0x28,0x28,0x28,0x28,
    0x28,0x28,0x28,0x28,0x28,0x28,0x28,0x28,0xFF,0xC0,0x00,0x11,0x08,0x00,0x3C,0x00,
    0x50,0x03,0x01,0x11,0x00,0x02,0x11,0x01,0x03,0x11,0x01,0xFF,0xC4,0x00,0x1F,0x00,
    0x00,0x01,0x05,0x01,0x01,0x01,0x01,0x01,0x01,0x00,0x00,0x00,0x00,0x00,0x00,0x00,
    0x00,0x01,0x02,0x03,0x04,0x05,0x06,0x07,0x08,0x09,0x0A,0x0B,0xFF,0xC4,0x00,0xB5,
    0x10,0x00,0x02,0x01,0x03,0x03,0x02,0x04,0x03,0x05,0x05,0x04,0x04,0x00,0x00,0x01,
    0x7D,0x01,0x02,0x03,0x00,0x04,0x11,0x05,0x12,0x21,0x31,0x41,0x06,0x13,0x51,0x61,
    0x07,0x22,0x71,0x14,0x32,0x81,0x91,0xA1,0x08,0x23,0x42,0xB1,0xC1,0x15,0x52,0xD1,
    0xF0,0x24,0x33,0x62,0x72,0x82,0x09,0x0A,0x16,0x17,0x18,0x19,0x1A,0x25,0x26,0x27,
    0x28,0x29,0x2A,0x34,0x35,0x36,0x37,0x38,0x39,0x3A,0x43,0x44,0x45,0x46,0x47,0x48,
    0x49,0x4A,0x53,0x54,0x55,0x56,0x57,0x58,0x59,0x5A,0x63,0x64,0x65,0x66,0x67,0x68,
    0x69,0x6A,0x73,0x74,0x75,0x76,0x77,0x78,0x79,0x7A,0x83,0x84,0x85,0x86,0x87,0x88,
    0x89,0x8A,0x92,0x93,0x94,0x95,0x96,0x97,0x98,0x99,0x9A,0xA2,0xA3,0xA4,0xA5,0xA6,
    0xA7,0xA8,0xA9,0xAA,0xB2,0xB3,0xB4,0xB5,0xB6,0xB7,0xB8,0xB9,0xBA,0xC2,0xC3,0xC4,
    0xC5,0xC6,0xC7,0xC8,0xC9,0xCA,0xD2,0xD3,0xD4,0xD5,0xD6,0xD7,0xD8,0xD9,0xDA,0xE1,
    0xE2,0xE3,0xE4,0xE5,0xE6,0xE7,0xE8,0xE9,0xEA,0xF1,0xF2,0xF3,0xF4,0xF5,0xF6,0xF7,
    0xF8,0xF9,0xFA,0xFF,0xC4,0x00,0x1F,0x01,0x00,0x03,0x01,0x01,0x01,0x01,0x01,0x01,
    0x01,0x01,0x01,0x00,0x00,0x00,0x00,0x00,0x00,0x01,0x02,0x03,0x04,0x05,0x06,0x07,
    0x08,0x09,0x0A,0x0B,0xFF,0xC4,0x00,0xB5,0x11,0x00,0x02,0x01,0x02,0x04,0x04,0x03,
    0x04,0x07,0x05,0x04,0x04,0x00,0x01,0x02,0x77,0x00,0x01,0x02,0x03,0x11,0x04,0x05,
    0x21,0x31,0x06,0x12,0x41,0x51,0x07,0x61,0x71,0x13,0x22,0x32,0x81,0x08,0x14,0x42,
    0x91,0xA1,0xB1,0xC1,0x09,0x23,0x33,0x52,0xF0,0x15,0x62,0x72,0xD1,0x0A,0x16,0x24,
    0x34,0xE1,0x25,0xF1,0x17,0x18,0x19,0x1A,0x26,0x27,0x28,0x29,0x2A,0x35,0x36,0x37,
    0x38,0x39,0x3A,0x43,0x44,0x45,0x46,0x47,0x48,0x49,0x4A,0x53,0x54,0x55,0x56,0x57,
    0x58,0x59,0x5A,0x63,0x64,0x65,0x66,0x67,0x68,0x69,0x6A,0x73,0x74,0x75,0x76,0x77,
    0x78,0x79,0x7A,0x82,0x83,0x84,0x85,0x86,0x87,0x88,0x89,0x8A,0x92,0x93,0x94,0x95,
    0x96,0x97,0x98,0x99,0x9A,0xA2,0xA3,0xA4,0xA5,0xA6,0xA7,0xA8,0xA9,0xAA,0xB2,0xB3,
    0xB4,0xB5,0xB6,0xB7,0xB8,0xB9,0xBA,0xC2,0xC3,0xC4,0xC5,0xC6,0xC7,0xC8,0xC9,0xCA,
    0xD2,0xD3,0xD4,0xD5,0xD6,0xD7,0xD8,0xD9,0xDA,0xE2,0xE3,0xE4,0xE5,0xE6,0xE7,0xE8,
    0xE9,0xEA,0xF2,0xF3,0xF4,0xF5,0xF6,0xF7,0xF8,0xF9,0xFA,0xFF,0xDA,0x00,0x0C,0x03,
    0x01,0x00,0x02,0x11,0x03,0x11,0x00,0x3F,0x00,0xF9,0xCA,0x3B,0x6F,0x6A,0xFB,0x07,
    0x33,0x96,0x9D,0x42,0xD4,0x76,0xDE,0xD5,0x93,0x99,0xDD,0x4E,0xA1,0x66,0x3B,0x6F,
    0x6A,0xC9,0xCC,0xEE,0xA7,0x50,0xB5,0x1D,0xB7,0xB5,0x66,0xE6,0x77,0x53,0xA8,0x59,
    0x8E,0xDB,0xDA,0xB2,0x73,0x3B,0x69,0xD4,0x2D,0x47,0x6D,0xED,0x59,0x39,0x9D,0xD4,
    0xEA,0x16,0x63,0xB6,0xF6,0xAC,0xDC,0xCE,0xEA,0x75,0x0B,0x51,0xDB,0x7B,0x56,0x4E,
    0x67,0x6D,0x3A,0x85,0xA8,0xED,0xBD,0xAB,0x37,0x33,0xBA,0x9D,0x42,0xCC,0x76,0xDE,
    0xD5,0x93,0x99,0xDD,0x4E,0xA1,0xC1,0x47,0x6D,0xED,0x5E,0xEB,0x99,0xFC,0xE9,0x4E,
    0xA1,0x6A,0x3B,0x6F,0x6A,0xCD,0xCC,0xEE,0xA7,0x50,0xB3,0x1D,0xB7,0xB5,0x64,0xE6,
    0x77,0x53,0xA8,0x5A,0x8E,0xDB,0xDA,0xB3,0x73,0x3B,0x69,0xD4,0x2C,0xC7,0x6D,0xED,
    0x59,0x39,0x9D,0xD4,0xEA,0x16,0xA3,0xB6,0xF6,0xAC,0x9C,0xCE,0xEA,0x75,0x0B,0x51,
    0xDB,0x7B,0x56,0x6E,0x67,0x6D,0x3A,0x85,0x98,0xED,0xBD,0xAB,0x27,0x33,0xBA,0x9D,
    0x42,0xD4,0x76,0xDE,0xD5,0x93,0x99,0xDD,0x4E,0xA1,0x66,0x3B,0x6F,0x6A,0xCD,0xCC,
    0xEE,0xA7,0x50,0xE0,0xA3,0xB6,0xF6,0xAF,0x75,0xCC,0xFE,0x74,0xA7,0x50,0xB5,0x1D,
    0xB7,0xB5,0x66,0xE6,0x76,0xD3,0xA8,0x59,0x8E,0xDB,0xDA,0xB2,0x73,0x3B,0xA9,0xD4,
    0x2D,0x47,0x6D,0xED,0x59,0x39,0x9D,0xD4,0xEA,0x16,0x63,0xB6,0xF6,0xAC,0xDC,0xCE,
    0xEA,0x75,0x0B,0x51,0xDB,0x7B,0x56,0x4E,0x67,0x6D,0x3A,0x85,0xA8,0xED,0xBD,0xAB,
    0x37,0x33,0xBA,0x9D,0x42,0xCC,0x76,0xDE,0xD5,0x93,0x99,0xDD,0x4E,0xA1,0xA7,0xA7,
    0x69,0x33,0xDD,0x93,0xE5,0x28,0x08,0x0E,0x0B,0xB1,0xC0,0x15,0x54,0xA9,0x4E,0xB7,
    0xC3,0xB1,0xC9,0x99,0x71,0x16,0x0F,0x29,0x4B,0xEB,0x12,0xF7,0x9E,0xAA,0x2B,0x56,
    0xF5,0xB7,0xA2,0xF9,0xB5,0x7B,0x3B,0x5D,0xA2,0xDD,0xC6,0x8F,0x3D,0xAA,0xEE,0x70,
    0xAC,0x9D,0xD9,0x4E,0x40,0xA9,0xAF,0x87,0xA9,0x45,0x73,0x4B,0x63,0x5C,0x97,0x8B,
    0x30,0x19,0xAC,0xFD,0x95,0x26,0xE3,0x3D,0x6D,0x19,0x2B,0x37,0x6E,0xD6,0x6D,0x3F,
    0x4B,0xDF,0x46,0xED,0x65,0x73,0xCD,0xE3,0xB6,0xF6,0xAF,0x51,0xCC,0xFC,0x56,0x9D,
    0x42,0xD4,0x76,0xDE,0xD5,0x9B,0x99,0xDD,0x4E,0xA1,0x66,0x3B,0x6F,0x6A,0xC9,0xCC,
    0xEE,0xA7,0x50,0xB5,0x1D,0xB7,0xB5,0x64,0xE6,0x76,0xD3,0xA8,0x59,0x8E,0xDB,0xDA,
    0xB3,0x73,0x3B,0xA9,0xD4,0x2D,0x47,0x6D,0xED,0x59,0x39,0x9D,0xD4,0xEA,0x16,0xA3,
    0xB6,0xF6,0xAC,0x9C,0xCE,0xEA,0x75,0x0B,0x31,0xDB,0x7B,0x56,0x6E,0x67,0x6D,0x3A,
    0x87,0x63,0x04,0x4B,0x04,0x29,0x1C,0x63,0x0A,0xA3,0x02,0xBE,0x9E,0x10,0x50,0x8A,
    0x8A,0xE8,0x7E,0x27,0x8B,0xC5,0x54,0xC5,0xD6,0x95,0x7A,0xAF,0xDE,0x93,0xBF,0xFC,
    0x05,0xE4,0xB6,0x5E,0x43,0xC8,0x04,0x10,0x40,0x20,0xF0,0x41,0xAA,0x69,0x35,0x66,
    0x63,0x09,0xCA,0x9C,0x94,0xE0,0xEC,0xD6,0xA9,0xAD,0xD3,0xEE,0x8F,0x21,0x8E,0xDB,
    0xDA,0xBC,0xA7,0x32,0xE9,0xD4,0x2D,0x47,0x6D,0xED,0x59,0x39,0x9D,0xD4,0xEA,0x16,
    0x63,0xB6,0xF6,0xAC,0xDC,0xCE,0xEA,0x75,0x0B,0x51,0xDB,0x7B,0x56,0x4E,0x67,0x6D,
    0x3A,0x85,0xA8,0xED,0xBD,0xAB,0x37,0x33,0xBA,0x9D,0x42,0xCC,0x76,0xDE,0xD5,0x93,
    0x99,0xDD,0x4E,0xA1,0x6A,0x3B,0x6F,0x6A,0xC9,0xCC,0xED,0xA7,0x50,0xB3,0x1D,0xB7,
    0xB5,0x66,0xE6,0x77,0x53,0xA8,0x6A,0x5B,0x31,0x11,0x84,0x61,0xD3,0x80,0x6B,0xD7,
    0xC1,0x66,0xD0,0x84,0x55,0x3A,0xDD,0x36,0x7F,0xE6,0x7C,0x9E,0x73,0xC3,0x75,0x2B,
    0xD5,0x96,0x23,0x07,0xAB,0x96,0xAE,0x2D,0xF5,0x6F,0x74,0xDE,0x9A,0xEE,0xD3,0x6A,
    0xDD,0x3B,0x29,0xF0,0x4F,0x4A,0xAC,0x5E,0x73,0x4E,0x31,0xE5,0xA1,0xAB,0xEF,0xD1,
    0x7D,0xFD,0x7F,0x0F,0xC8,0xCF,0x28,0xE1,0x1A,0xD5,0x2A,0xA9,0xE3,0xBD,0xD8,0x2E,
    0x97,0xD5,0xFD,0xDA,0x25,0xDF,0x5B,0xE9,0xD2,0xF7,0x3C,0xEA,0x3B,0x6F,0x6A,0xC9,
    0xCC,0xF8,0x0A,0x75,0x0B,0x51,0xDB,0x7B,0x56,0x4E,0x67,0x75,0x3A,0x85,0x98,0xED,
    0xBD,0xAB,0x37,0x33,0xB6,0x9D,0x42,0xD4,0x76,0xDE,0xD5,0x93,0x99,0xDD,0x4E,0xA1,
    0x6A,0x3B,0x6F,0x6A,0xC9,0xCC,0xEE,0xA7,0x50,0xB3,0x1D,0xB7,0xB5,0x66,0xE6,0x76,
    0xD3,0xA8,0x5A,0x8E,0xDB,0xDA,0xB2,0x73,0x3B,0xA9,0xD4,0x2C,0xC7,0x6D,0xED,0x59,
    0xB9,0x9D,0xD4,0xEA,0x16,0xA3,0xB6,0xF6,0xAC,0x9C,0xCE,0xEA,0x75,0x0B,0x31,0xDB,
    0x7B,0x56,0x4E,0x67,0x6D,0x3A,0x87,0x05,0x1D,0xB7,0xB5,0x7B,0xCE,0x67,0xF3,0xA5,
    0x3A,0x85,0xA8,0xED,0xBD,0xAB,0x27,0x33,0xBA,0x9D,0x42,0xCC,0x76,0xDE,0xD5,0x9B,
    0x99,0xDD,0x4E,0xA1,0x6A,0x3B,0x6F,0x6A,0xC9,0xCC,0xEE,0xA7,0x50,0xB5,0x1D,0xB7,
    0xB5,0x64,0xE6,0x76,0xD3,0xA8,0x59,0x8E,0xDB,0xDA,0xB3,0x73,0x3B,0xA9,0xD4,0x2D,
    0x47,0x6D,0xED,0x59,0x39,0x9D,0xD4,0xEA,0x16,0x63,0xB6,0xF6,0xAC,0x9C,0xCE,0xDA,
    0x75,0x0B,0x51,0xDB,0x7B,0x56,0x6E,0x67,0x75,0x3A,0x85,0x98,0xED,0xBD,0xAB,0x27,
    0x33,0xBA,0x9D,0x43,0xCF,0xA3,0x45,0xF4,0xAF,0xA0,0x6D,0x9F,0xCE,0xD4,0xE4,0xCB,
    0x51,0xA2,0xFA,0x56,0x4D,0xB3,0xBA,0x9C,0x99,0x6A,0x34,0x5F,0x4A,0xC9,0xB6,0x77,
    0x53,0x93,0x2C,0xC6,0x8B,0xE9,0x59,0xB6,0xCE,0xEA,0x72,0x65,0xA8,0xD1,0x7D,0x2B,
    0x26,0xD9,0xDB,0x4E,0x4C,0xB3,0x1A,0x2F,0xA5,0x66,0xDB,0x3B,0xA9,0xC9,0x96,0xA3,
    0x45,0xF4,0xAC,0x9B,0x67,0x75,0x39,0x32,0xCC,0x68,0xBE,0x95,0x93,0x6C,0xED,0xA7,
    0x26,0x5A,0x8D,0x17,0xD2,0xB2,0x6D,0x9D,0xD4,0xE4,0xCB,0x51,0xA2,0xFA,0x56,0x6D,
    0xB3,0xBA,0x9C,0x99,0xFF,0xD9,0x30,0x31,0x77,0x62,0xD0,0x07,0x00,0x00,0x00,0x00,
    0x37,0x14,0x13,0x21,0xE9,0x21,0x68,0x16,0xC2,0x02,0x1B,0xEE,0xF6,0xDF,0x78,0xDD,
    0x89,0xE7,0x81,0xFA,0x77,0x0F,0xCE,0x1E,0xF1,0x22,0x5E,0x1A,0x35,0x08,0x0F,0xF3,
    0x9E,0xE2,0xDD,0xDC,0xE3,0xE3,0x23,0xF5,0x56,0x0A,0xC7,0x1B,0x1E,0x23,0xAE,0x1D,
    0x74,0x0D,0x55,0xF8,0x00,0xE6,0x1F,0xDD,0xEF,0xE0,0x0B,0xF0,0xF4,0x04,0x10,0x18,
    0x6D,0x22,0x43,0x20,0x5E,0x12,0xCB,0xFD,0x05,0xEA,0x3E,0xDE,0xBE,0xDE,0x56,0xEB,
    0x73,0xFF,0xC2,0x13,0xE2,0x20,0x0D,0x22,0xD5,0x16,0x4E,0x03,0x95,0xEE,0x31,0xE0,
    0x5F,0xDD,0x25,0xE7,0xF5,0xF9,0xF8,0x0E,0x89,0x1E,0x00,0x23,0xBB,0x1A,0xBE,0x08,
    0x93,0xF3,0xED,0xE2,0xDA,0xDC,0x8F,0xE3,0x9D,0xF4,0xCE,0x09,0x6F,0x1B,0x16,0x23,
    0xF9,0x1D,0xF6,0x0D,0xDF,0xF8,0x60,0xE6,0x32,0xDD,0xAD,0xE0,0x8D,0xEF,0x67,0x04,
    0xA9,0x17,0x4F,0x22,0x7A,0x20,0xD6,0x12,0x59,0xFE,0x74,0xEA,0x66,0xDE,0x91,0xDE,
    0xE5,0xEA,0xE6,0xFE,0x4D,0x13,0xAF,0x20,0x2F,0x22,0x3F,0x17,0xDB,0x03,0x11,0xEF,
    0x6E,0xE0,0x47,0xDD,0xC1,0xE6,0x6A,0xF9,0x77,0x0E,0x42,0x1E,0x0C,0x23,0x16,0x1B,
    0x46,0x09,0x18,0xF4,0x3D,0xE3,0xD8,0xDC,0x3D,0xE3,0x18,0xF4,0x46,0x09,0x16,0x1B,
    0x0C,0x23,0x42,0x1E,0x77,0x0E,0x6A,0xF9,0xC1,0xE6,0x47,0xDD,0x6E,0xE0,0x11,0xEF,
    0xDB,0x03,0x3F,0x17,0x2F,0x22,0xAF,0x20,0x4D,0x13,0xE6,0xFE,0xE5,0xEA,0x91,0xDE,
    0x66,0xDE,0x74,0xEA,0x59,0xFE,0xD6,0x12,0x7A,0x20,0x4F,0x22,0xA9,0x17,0x67,0x04,
    0x8D,0xEF,0xAD,0xE0,0x32,0xDD,0x60,0xE6,0xDF,0xF8,0xF6,0x0D,0xF9,0x1D,0x16,0x23,
    0x6F,0x1B,0xCE,0x09,0x9D,0xF4,0x8F,0xE3,0xDA,0xDC,0xED,0xE2,0x93,0xF3,0xBE,0x08,
    0xBB,0x1A,0x00,0x23,0x89,0x1E,0xF8,0x0E,0xF5,0xF9,0x25,0xE7,0x5F,0xDD,0x31,0xE0,
    0x95,0xEE,0x4E,0x03,0xD5,0x16,0x0D,0x22,0xE2,0x20,0xC2,0x13,0x73,0xFF,0x56,0xEB,
    0xBE,0xDE,0x3E,0xDE,0x05,0xEA,0xCB,0xFD,0x5E,0x12,0x43,0x20,0x6D,0x22,0x10,0x18,
    0xF4,0x04,0x0B,0xF0,0xEF,0xE0,0x1F,0xDD,0x00,0xE6,0x55,0xF8,0x74,0x0D,0xAE,0x1D,
    0x1E,0x23,0xC7,0x1B,0x56,0x0A,0x23,0xF5,0xE3,0xE3,0xDD,0xDC,0x9E,0xE2,0x0F,0xF3,
    0x35,0x08,0x5E,0x1A,0xF1,0x22,0xCE,0x1E,0x77,0x0F,0x81,0xFA,0x89,0xE7,0x78,0xDD,
    0xF6,0xDF,0x1B,0xEE,0xC2,0x02,0x68,0x16,0xE9,0x21,0x13,0x21,0x37,0x14,0x00,0x00,
    0xC9,0xEB,0xED,0xDE,0x17,0xDE,0x98,0xE9,0x3E,0xFD,0xE5,0x11,0x0A,0x20,0x88,0x22,
    0x77,0x18,0x7F,0x05,0x89,0xF0,0x32,0xE1,0x0F,0xDD,0xA2,0xE5,0xCB,0xF7,0xF1,0x0C,
    0x62,0x1D,0x23,0x23,0x1D,0x1C,0xDD,0x0A,0xAA,0xF5,0x39,0xE4,0xE2,0xDC,0x52,0xE2,
    0x8C,0xF2,0xAB,0x07,0x00,0x1A,0xE1,0x22,0x11,0x1F,0xF5,0x0F,0x0C,0xFB,0xF0,0xE7,
    0x93,0xDD,0xBD,0xDF,0xA2,0xED,0x35,0x02,0xFB,0x15,0xC2,0x21,0x42,0x21,0xAA,0x14,
    0x8D,0x00,0x3E,0xEC,0x1E,0xDF,0xF3,0xDD,0x2B,0xE9,0xB2,0xFC,0x6B,0x11,0xCF,0x1F,
    0xA1,0x22,0xDB,0x18,0x0B,0x06,0x08,0xF1,0x77,0xE1,0x00,0xDD,0x45,0xE5,0x42,0xF7,
    0x6D,0x0C,0x13,0x1D,0x26,0x23,0x71,0x1C,0x63,0x0B,0x32,0xF6,0x91,0xE4,0xEA,0xDC,
    0x07,0xE2,0x0A,0xF2,0x21,0x07,0xA0,0x19,0xCE,0x22,0x53,0x1F,0x73,0x10,0x99,0xFB,
    0x57,0xE8,0xB1,0xDD,0x86,0xDF,0x2A,0xED,0xA7,0x01,0x8C,0x15,0x9A,0x21,0x6F,0x21,
    0x1B,0x15,0x1A,0x01,0xB3,0xEC,0x51,0xDF,0xD1,0xDD,0xC1,0xE8,0x25,0xFC,0xEF,0x10,
    0x92,0x1F,0xB9,0x22,0x3F,0x19,0x96,0x06,0x89,0xF1,0xBE,0xE1,0xF4,0xDC,0xEA,0xE4,
    0xBA,0xF6,0xE8,0x0B,0xC3,0x1C,0x28,0x23,0xC3,0x1C,0xE8,0x0B,0xBA,0xF6,0xEA,0xE4,
    0xF4,0xDC,0xBE,0xE1,0x89,0xF1,0x96,0x06,0x3F,0x19,0xB9,0x22,0x92,0x1F,0xEF,0x10,
    0x25,0xFC,0xC1,0xE8,0xD1,0xDD,0x51,0xDF,0xB3,0xEC,0x1A,0x01,0x1B,0x15,0x6F,0x21,
    0x9A,0x21,0x8C,0x15,0xA7,0x01,0x2A,0xED,0x86,0xDF,0xB1,0xDD,0x57,0xE8,0x99,0xFB,
    0x73,0x10,0x53,0x1F,0xCE,0x22,0xA0,0x19,0x21,0x07,0x0A,0xF2,0x07,0xE2,0xEA,0xDC,
    0x91,0xE4,0x32,0xF6,0x63,0x0B,0x71,0x1C,0x26,0x23,0x13,0x1D,0x6D,0x0C,0x42,0xF7,
    0x45,0xE5,0x00,0xDD,0x77,0xE1,0x08,0xF1,0x0B,0x06,0xDB,0x18,0xA1,0x22,0xCF,0x1F,
    0x6B,0x11,0xB2,0xFC,0x2B,0xE9,0xF3,0xDD,0x1E,0xDF,0x3E,0xEC,0x8D,0x00,0xAA,0x14,
    0x42,0x21,0xC2,0x21,0xFB,0x15,0x35,0x02,0xA2,0xED,0xBD,0xDF,0x93,0xDD,0xF0,0xE7,
    0x0C,0xFB,0xF5,0x0F,0x11,0x1F,0xE1,0x22,0x00,0x1A,0xAB,0x07,0x8C,0xF2,0x52,0xE2,
    0xE2,0xDC,0x39,0xE4,0xAA,0xF5,0xDD,0x0A,0x1D,0x1C,0x23,0x23,0x62,0x1D,0xF1,0x0C,
    0xCB,0xF7,0xA2,0xE5,0x0F,0xDD,0x32,0xE1,0x89,0xF0,0x7F,0x05,0x77,0x18,0x88,0x22,
    0x0A,0x20,0xE5,0x11,0x3E,0xFD,0x98,0xE9,0x17,0xDE,0xED,0xDE,0xC9,0xEB,0x00,0x00,
    0x37,0x14,0x13,0x21,0xE9,0x21,0x68,0x16,0xC2,0x02,0x1B,0xEE,0xF6,0xDF,0x78,0xDD,
    0x89,0xE7,0x81,0xFA,0x77,0x0F,0xCE,0x1E,0xF1,0x22,0x5E,0x1A,0x35,0x08,0x0F,0xF3,
    0x9E,0xE2,0xDD,0xDC,0xE3,0xE3,0x23,0xF5,0x56,0x0A,0xC7,0x1B,0x1E,0x23,0xAE,0x1D,
    0x74,0x0D,0x55,0xF8,0x00,0xE6,0x1F,0xDD,0xEF,0xE0,0x0B,0xF0,0xF4,0x04,0x10,0x18,
    0x6D,0x22,0x43,0x20,0x5E,0x12,0xCB,0xFD,0x05,0xEA,0x3E,0xDE,0xBE,0xDE,0x56,0xEB,
    0x73,0xFF,0xC2,0x13,0xE2,0x20,0x0D,0x22,0xD5,0x16,0x4E,0x03,0x95,0xEE,0x31,0xE0,
    0x5F,0xDD,0x25,0xE7,0xF5,0xF9,0xF8,0x0E,0x89,0x1E,0x00,0x23,0xBB,0x1A,0xBE,0x08,
    0x93,0xF3,0xED,0xE2,0xDA,0xDC,0x8F,0xE3,0x9D,0xF4,0xCE,0x09,0x6F,0x1B,0x16,0x23,
    0xF9,0x1D,0xF6,0x0D,0xDF,0xF8,0x60,0xE6,0x32,0xDD,0xAD,0xE0,0x8D,0xEF,0x67,0x04,
    0xA9,0x17,0x4F,0x22,0x7A,0x20,0xD6,0x12,0x59,0xFE,0x74,0xEA,0x66,0xDE,0x91,0xDE,
    0xE5,0xEA,0xE6,0xFE,0x4D,0x13,0xAF,0x20,0x2F,0x22,0x3F,0x17,0xDB,0x03,0x11,0xEF,
    0x6E,0xE0,0x47,0xDD,0xC1,0xE6,0x6A,0xF9,0x77,0x0E,0x42,0x1E,0x0C,0x23,0x16,0x1B,
    0x46,0x09,0x18,0xF4,0x3D,0xE3,0xD8,0xDC,0x3D,0xE3,0x18,0xF4,0x46,0x09,0x16,0x1B,
    0x0C,0x23,0x42,0x1E,0x77,0x0E,0x6A,0xF9,0xC1,0xE6,0x47,0xDD,0x6E,0xE0,0x11,0xEF,
    0xDB,0x03,0x3F,0x17,0x2F,0x22,0xAF,0x20,0x4D,0x13,0xE6,0xFE,0xE5,0xEA,0x91,0xDE,
    0x66,0xDE,0x74,0xEA,0x59,0xFE,0xD6,0x12,0x7A,0x20,0x4F,0x22,0xA9,0x17,0x67,0x04,
    0x8D,0xEF,0xAD,0xE0,0x32,0xDD,0x60,0xE6,0xDF,0xF8,0xF6,0x0D,0xF9,0x1D,0x16,0x23,
    0x6F,0x1B,0xCE,0x09,0x9D,0xF4,0x8F,0xE3,0xDA,0xDC,0xED,0xE2,0x93,0xF3,0xBE,0x08,
    0xBB,0x1A,0x00,0x23,0x89,0x1E,0xF8,0x0E,0xF5,0xF9,0x25,0xE7,0x5F,0xDD,0x31,0xE0,
    0x95,0xEE,0x4E,0x03,0xD5,0x16,0x0D,0x22,0xE2,0x20,0xC2,0x13,0x73,0xFF,0x56,0xEB,
    0xBE,0xDE,0x3E,0xDE,0x05,0xEA,0xCB,0xFD,0x5E,0x12,0x43,0x20,0x6D,0x22,0x10,0x18,
    0xF4,0x04,0x0B,0xF0,0xEF,0xE0,0x1F,0xDD,0x00,0xE6,0x55,0xF8,0x74,0x0D,0xAE,0x1D,
    0x1E,0x23,0xC7,0x1B,0x56,0x0A,0x23,0xF5,0xE3,0xE3,0xDD,0xDC,0x9E,0xE2,0x0F,0xF3,
    0x35,0x08,0x5E,0x1A,0xF1,0x22,0xCE,0x1E,0x77,0x0F,0x81,0xFA,0x89,0xE7,0x78,0xDD,
    0xF6,0xDF,0x1B,0xEE,0xC2,0x02,0x68,0x16,0xE9,0x21,0x13,0x21,0x37,0x14,0x00,0x00,
    0xC9,0xEB,0xED,0xDE,0x17,0xDE,0x98,0xE9,0x3E,0xFD,0xE5,0x11,0x0A,0x20,0x88,0x22,
    0x77,0x18,0x7F,0x05,0x89,0xF0,0x32,0xE1,0x0F,0xDD,0xA2,0xE5,0xCB,0xF7,0xF1,0x0C,
    0x62,0x1D,0x23,0x23,0x1D,0x1C,0xDD,0x0A,0xAA,0xF5,0x39,0xE4,0xE2,0xDC,0x52,0xE2,
    0x8C,0xF2,0xAB,0x07,0x00,0x1A,0xE1,0x22,0x11,0x1F,0xF5,0x0F,0x0C,0xFB,0xF0,0xE7,
    0x93,0xDD,0xBD,0xDF,0xA2,0xED,0x35,0x02,0xFB,0x15,0xC2,0x21,0x42,0x21,0xAA,0x14,
    0x8D,0x00,0x3E,0xEC,0x1E,0xDF,0xF3,0xDD,0x2B,0xE9,0xB2,0xFC,0x6B,0x11,0xCF,0x1F,
    0xA1,0x22,0xDB,0x18,0x0B,0x06,0x08,0xF1,0x77,0xE1,0x00,0xDD,0x45,0xE5,0x42,0xF7,
    0x6D,0x0C,0x13,0x1D,0x26,0x23,0x71,0x1C,0x63,0x0B,0x32,0xF6,0x91,0xE4,0xEA,0xDC,
    0x07,0xE2,0x0A,0xF2,0x21,0x07,0xA0,0x19,0xCE,0x22,0x53,0x1F,0x73,0x10,0x99,0xFB,
    0x57,0xE8,0xB1,0xDD,0x86,0xDF,0x2A,0xED,0xA7,0x01,0x8C,0x15,0x9A,0x21,0x6F,0x21,
    0x1B,0x15,0x1A,0x01,0xB3,0xEC,0x51,0xDF,0xD1,0xDD,0xC1,0xE8,0x25,0xFC,0xEF,0x10,
    0x92,0x1F,0xB9,0x22,0x3F,0x19,0x96,0x06,0x89,0xF1,0xBE,0xE1,0xF4,0xDC,0xEA,0xE4,
    0xBA,0xF6,0xE8,0x0B,0xC3,0x1C,0x28,0x23,0xC3,0x1C,0xE8,0x0B,0xBA,0xF6,0xEA,0xE4,
    0xF4,0xDC,0xBE,0xE1,0x89,0xF1,0x96,0x06,0x3F,0x19,0xB9,0x22,0x92,0x1F,0xEF,0x10,
    0x25,0xFC,0xC1,0xE8,0xD1,0xDD,0x51,0xDF,0xB3,0xEC,0x1A,0x01,0x1B,0x15,0x6F,0x21,
    0x9A,0x21,0x8C,0x15,0xA7,0x01,0x2A,0xED,0x86,0xDF,0xB1,0xDD,0x57,0xE8,0x99,0xFB,
    0x73,0x10,0x53,0x1F,0xCE,0x22,0xA0,0x19,0x21,0x07,0x0A,0xF2,0x07,0xE2,0xEA,0xDC,
    0x91,0xE4,0x32,0xF6,0x63,0x0B,0x71,0x1C,0x26,0x23,0x13,0x1D,0x6D,0x0C,0x42,0xF7,
    0x45,0xE5,0x00,0xDD,0x77,0xE1,0x08,0xF1,0x0B,0x06,0xDB,0x18,0xA1,0x22,0xCF,0x1F,
    0x6B,0x11,0xB2,0xFC,0x2B,0xE9,0xF3,0xDD,0x1E,0xDF,0x3E,0xEC,0x8D,0x00,0xAA,0x14,
    0x42,0x21,0xC2,0x21,0xFB,0x15,0x35,0x02,0xA2,0xED,0xBD,0xDF,0x93,0xDD,0xF0,0xE7,
    0x0C,0xFB,0xF5,0x0F,0x11,0x1F,0xE1,0x22,0x00,0x1A,0xAB,0x07,0x8C,0xF2,0x52,0xE2,
    0xE2,0xDC,0x39,0xE4,0xAA,0xF5,0xDD,0x0A,0x1D,0x1C,0x23,0x23,0x62,0x1D,0xF1,0x0C,
    0xCB,0xF7,0xA2,0xE5,0x0F,0xDD,0x32,0xE1,0x89,0xF0,0x7F,0x05,0x77,0x18,0x88,0x22,
    0x0A,0x20,0xE5,0x11,0x3E,0xFD,0x98,0xE9,0x17,0xDE,0xED,0xDE,0xC9,0xEB,0x00,0x00,
    0x37,0x14,0x13,0x21,0xE9,0x21,0x68,0x16,0xC2,0x02,0x1B,0xEE,0xF6,0xDF,0x78,0xDD,
    0x89,0xE7,0x81,0xFA,0x77,0x0F,0xCE,0x1E,0xF1,0x22,0x5E,0x1A,0x35,0x08,0x0F,0xF3,
    0x9E,0xE2,0xDD,0xDC,0xE3,0xE3,0x23,0xF5,0x56,0x0A,0xC7,0x1B,0x1E,0x23,0xAE,0x1D,
    0x74,0x0D,0x55,0xF8,0x00,0xE6,0x1F,0xDD,0xEF,0xE0,0x0B,0xF0,0xF4,0x04,0x10,0x18,
    0x6D,0x22,0x43,0x20,0x5E,0x12,0xCB,0xFD,0x05,0xEA,0x3E,0xDE,0xBE,0xDE,0x56,0xEB,
    0x73,0xFF,0xC2,0x13,0xE2,0x20,0x0D,0x22,0xD5,0x16,0x4E,0x03,0x95,0xEE,0x31,0xE0,
    0x5F,0xDD,0x25,0xE7,0xF5,0xF9,0xF8,0x0E,0x89,0x1E,0x00,0x23,0xBB,0x1A,0xBE,0x08,
    0x93,0xF3,0xED,0xE2,0xDA,0xDC,0x8F,0xE3,0x9D,0xF4,0xCE,0x09,0x6F,0x1B,0x16,0x23,
    0xF9,0x1D,0xF6,0x0D,0xDF,0xF8,0x60,0xE6,0x32,0xDD,0xAD,0xE0,0x8D,0xEF,0x67,0x04,
    0xA9,0x17,0x4F,0x22,0x7A,0x20,0xD6,0x12,0x59,0xFE,0x74,0xEA,0x66,0xDE,0x91,0xDE,
    0xE5,0xEA,0xE6,0xFE,0x4D,0x13,0xAF,0x20,0x2F,0x22,0x3F,0x17,0xDB,0x03,0x11,0xEF,
    0x6E,0xE0,0x47,0xDD,0xC1,0xE6,0x6A,0xF9,0x77,0x0E,0x42,0x1E,0x0C,0x23,0x16,0x1B,
    0x46,0x09,0x18,0xF4,0x3D,0xE3,0xD8,0xDC,0x3D,0xE3,0x18,0xF4,0x46,0x09,0x16,0x1B,
    0x0C,0x23,0x42,0x1E,0x77,0x0E,0x6A,0xF9,0xC1,0xE6,0x47,0xDD,0x6E,0xE0,0x11,0xEF,
    0xDB,0x03,0x3F,0x17,0x2F,0x22,0xAF,0x20,0x4D,0x13,0xE6,0xFE,0xE5,0xEA,0x91,0xDE,
    0x66,0xDE,0x74,0xEA,0x59,0xFE,0xD6,0x12,0x7A,0x20,0x4F,0x22,0xA9,0x17,0x67,0x04,
    0x8D,0xEF,0xAD,0xE0,0x32,0xDD,0x60,0xE6,0xDF,0xF8,0xF6,0x0D,0xF9,0x1D,0x16,0x23,
    0x6F,0x1B,0xCE,0x09,0x9D,0xF4,0x8F,0xE3,0xDA,0xDC,0xED,0xE2,0x93,0xF3,0xBE,0x08,
    0xBB,0x1A,0x00,0x23,0x89,0x1E,0xF8,0x0E,0xF5,0xF9,0x25,0xE7,0x5F,0xDD,0x31,0xE0,
    0x95,0xEE,0x4E,0x03,0xD5,0x16,0x0D,0x22,0xE2,0x20,0xC2,0x13,0x73,0xFF,0x56,0xEB,
    0xBE,0xDE,0x3E,0xDE,0x05,0xEA,0xCB,0xFD,0x5E,0x12,0x43,0x20,0x6D,0x22,0x10,0x18,
    0xF4,0x04,0x0B,0xF0,0xEF,0xE0,0x1F,0xDD,0x00,0xE6,0x55,0xF8,0x74,0x0D,0xAE,0x1D,
    0x1E,0x23,0xC7,0x1B,0x56,0x0A,0x23,0xF5,0xE3,0xE3,0xDD,0xDC,0x9E,0xE2,0x0F,0xF3,
    0x35,0x08,0x5E,0x1A,0xF1,0x22,0xCE,0x1E,0x77,0x0F,0x81,0xFA,0x89,0xE7,0x78,0xDD,
    0xF6,0xDF,0x1B,0xEE,0xC2,0x02,0x68,0x16,0xE9,0x21,0x13,0x21,0x37,0x14,
};
#define DEMO_AVI_LEN 57086u

#endif /* SAMPLE_VIDEO_H */
